user_id,date,total_events,total_duration_minutes,social_intensity_score,battery_score,user_type
hafizhan shidqi_1,2026-01-01,5,918.0,39.8,60.2,varian
gandhi wibowo_2,2026-01-01,3,960.0,42.5,57.5,varian
aldio mahendra purwandrarto_3,2026-01-01,2,887.9999999999999,42.8,57.2,origin
benny putra_4,2026-01-01,6,1007.9999999999998,45.8,54.2,origin
vicky vernando dasta_5,2026-01-02,2,1050.0,39.0,61.0,varian
jufianto henri_6,2026-01-02,8,960.0,40.0,60.0,varian
aan nuraini_7,2026-01-02,2,1122.0,46.7,53.3,origin
abdur rahman_8,2026-01-03,3,1104.0000000000002,51.400000000000006,48.6,varian
abdurrahman_9,2026-01-03,3,1062.0000000000002,60.7,39.3,varian
ade indra sukma_10,2026-01-03,3,852.0000000000001,33.7,66.3,origin
ade irmayani_11,2026-01-04,5,960.0,50.5,49.5,varian
bakti yoga fiyandana_12,2026-01-04,1,893.9999999999999,51.4,48.6,origin
daniel sepra fatama_13,2026-01-04,4,1098.0000000000002,54.3,45.7,origin
dayu m sandro_14,2026-01-05,5,930.0,45.0,55.0,varian
dean mareti hariani_15,2026-01-05,7,1032.0,49.7,50.3,varian
edi kurniawan wibowo_16,2026-01-05,5,1044.0,54.9,45.1,origin
fadil rahmat andini_17,2026-01-05,5,876.0,32.1,67.9,origin
fahmi iqbal firmananda_18,2026-01-06,2,906.0,31.6,68.4,varian
fairuzi_19,2026-01-06,5,1134.0,48.4,51.6,varian
gustian_20,2026-01-06,5,870.0,42.0,58.0,origin
habil sabilla do'a_21,2026-01-07,7,1074.0,50.4,49.6,varian
hermawan syah_22,2026-01-07,5,948.0,36.8,63.2,varian
ibnuyohanzah ahmad_23,2026-01-07,6,870.0,38.5,61.5,origin
lia pertiwi_24,2026-01-08,4,894.0,45.9,54.1,origin
muhammad maksum sugondo_25,2026-01-08,3,1014.0,31.4,68.6,origin
muhammad risfandanu_26,2026-01-08,3,984.0,34.400000000000006,65.6,varian
adnil riza_27,2026-01-09,6,852.0,40.2,59.8,varian
nadia gustiana_28,2026-01-09,6,960.0,58.5,41.5,varian
nanda aditya_29,2026-01-09,3,870.0,41.0,59.0,varian
nurgivo alfajri_30,2026-01-10,5,936.0,50.1,49.9,varian
pita irul sayekti_31,2026-01-10,3,1032.0,50.2,49.8,varian
rahmadi gusri_32,2026-01-10,2,1044.0,48.9,51.1,varian
rahmat_33,2026-01-11,5,936.0,53.1,46.9,origin
sadra wilis_34,2026-01-11,1,930.0,42.0,58.0,origin
said rio apriadi_35,2026-01-12,4,1037.9999999999998,35.3,64.7,varian
tania rahmadhini_36,2026-01-12,5,984.0,48.9,51.1,origin
tarikhul mahfudz_37,2026-01-13,8,870.0,43.5,56.5,varian
vido idramedi_38,2026-01-13,4,876.0,32.6,67.4,varian
wahyu darmawan_39,2026-01-13,7,1092.0,45.7,54.3,varian
yana famana_40,2026-01-14,6,978.0,67.3,32.7,varian
yusrika dewi_41,2026-01-14,4,924.0,36.400000000000006,63.6,origin
zakiah nurviani_42,2026-01-15,1,942.0,37.2,62.8,origin
aditya dwi nugraha_43,2026-01-15,7,1062.0,55.2,44.8,varian
afrian djugi_44,2026-01-16,3,900.0,33.0,67.0,varian
debby jayadi nugroho_45,2026-01-16,4,1080.0,49.0,51.0,origin
dede dwi arviyanti_46,2026-01-17,5,864.0,36.9,63.1,origin
della maulina herianda_47,2026-01-17,3,1014.0,44.900000000000006,55.1,varian
deny gustriansyah_48,2026-01-18,2,1092.0000000000002,61.2,38.8,origin
desi fitri_49,2026-01-18,5,966.0,45.6,54.4,varian
edmund andriano_50,2026-01-19,6,930.0,49.5,50.5,origin
fajar aulia rahman_51,2026-01-19,7,900.0,54.0,46.0,varian
fathiya hasyifah sibarani_52,2026-01-20,5,930.0,35.0,65.0,varian
fauzar_53,2026-01-20,4,1026.0,48.1,51.9,origin
habzer maisera_54,2026-01-21,5,1056.0,60.1,39.9,origin
herzavina_55,2026-01-21,8,894.0,43.9,56.1,varian
ikbal gazalba_56,2026-01-22,2,954.0,33.900000000000006,66.1,origin
ikhsan firdaus_57,2026-01-22,4,977.9999999999998,54.3,45.7,varian
ilda ikhwana lubis_58,2026-01-23,6,1008.0,40.8,59.2,origin
jayus suryawan_59,2026-01-23,6,888.0,53.8,46.2,origin
muhammad bagoes samaron_60,2026-01-24,1,978.0,47.8,52.2,origin
muhammad hanafi_61,2026-01-24,4,852.0000000000001,45.2,54.8,origin
muhammad ilham akbar khoiri_62,2026-01-25,8,1032.0,61.2,38.8,varian
narendra benny_63,2026-01-25,3,1128.0,36.8,63.2,varian
naufal abiyyu_64,2026-01-26,4,990.0,52.5,47.5,origin
nurhikmah_65,2026-01-26,1,1020.0,48.5,51.5,origin
fadana bagus harsono_66,2026-01-27,3,990.0,34.5,65.5,varian
rahmi omya ulta_67,2026-01-27,5,1116.0,46.1,53.9,origin
rahmi septhianingrum_68,2026-01-28,1,1026.0,48.6,51.4,origin
rangga arief putra_69,2026-01-28,2,858.0,32.3,67.7,origin
rangga dwi nugrawan_70,2026-01-29,6,888.0,50.8,49.2,varian
saiful wahyudi_71,2026-01-29,5,1104.0,54.4,45.6,varian
sari devia agustina_72,2026-01-30,3,1055.9999999999998,45.6,54.400000000000006,varian
taufik oktafiyardi_73,2026-01-30,2,840.0,35.5,64.5,varian
teddy franwijaya_74,2026-01-31,4,882.0000000000001,40.7,59.3,origin
vigo farlandi_75,2026-01-31,6,1110.0000000000002,54.5,45.5,varian
wahyu ernu setiawan_76,2026-02-01,2,1025.9999999999998,50.1,49.900000000000006,origin
yofaldi laksmana putra_77,2026-02-01,4,1044.0000000000002,41.900000000000006,58.1,varian
zubaidah_78,2026-02-02,6,1050.0,48.5,51.5,varian
agus faturrahman_79,2026-02-02,6,900.0,41.0,59.0,varian
agustiando rahmat_80,2026-02-03,4,1008.0,62.8,37.2,origin
aidil badri_81,2026-02-03,8,1097.9999999999998,57.3,42.7,varian
alfajri_82,2026-02-03,2,1116.0,50.1,49.9,varian
bayu hasan basyir aljawi_83,2026-02-03,2,1116.0,50.1,49.9,varian
desi fransiska_84,2026-02-04,1,846.0,30.6,69.4,origin
desnando_85,2026-02-04,7,906.0,37.6,62.4,varian
desri ardika_86,2026-02-04,5,1134.0,51.4,48.6,origin
dessy masdianata p_87,2026-02-04,4,1104.0,54.4,45.6,origin
destria membrane_88,2026-02-04,2,1056.0,40.6,59.4,origin
eka nur safitri_89,2026-02-05,6,1134.0000000000002,62.900000000000006,37.1,origin
fauziah_90,2026-02-05,2,852.0000000000001,50.7,49.3,varian
feny afrisilia_91,2026-02-05,1,1002.0,38.2,61.8,origin
hesty afriani srg_92,2026-02-05,5,852.0000000000001,50.2,49.8,varian
ilham afandi aziz_93,2026-02-05,8,1056.0,41.6,58.4,varian
ilham fajri_94,2026-02-06,5,846.0,46.6,53.4,origin
indah permata sari_95,2026-02-06,4,1050.0,53.5,46.5,origin
jukhri syahputra_96,2026-02-06,6,857.9999999999999,46.8,53.2,varian
m. muawam_97,2026-02-06,5,857.9999999999999,46.8,53.2,origin
m. yassir saputra jamina_98,2026-02-06,4,960.0,44.0,56.0,varian
mardiyyat fadliellah_99,2026-02-07,5,888.0,30.8,69.2,varian
mukhtar lutfi_100,2026-02-07,5,894.0,55.9,44.1,varian
nazarudin yusuf_101,2026-02-07,4,912.0,29.7,70.3,varian
neni anggraeni dalimunthe_102,2026-02-07,1,852.0,30.7,69.3,origin
nurpauliani dewi n_103,2026-02-07,5,954.0,48.4,51.6,origin
rano abdul rahman_104,2026-02-07,3,984.0,45.9,54.1,origin
ratih purwasih_105,2026-02-08,8,876.0000000000001,43.6,56.4,varian
raynaldi setiawan_106,2026-02-08,6,1098.0,52.3,47.7,origin
shynta dwi afitri_107,2026-02-08,1,1020.0,43.5,56.5,origin
siti romlah_108,2026-02-08,3,1020.0,41.5,58.5,origin
teresno maulana_109,2026-02-08,5,1098.0,47.8,52.2,varian
tessa eka fatiwi_110,2026-02-09,4,990.0,47.5,52.5,origin
wendi gusfan hutapea_111,2026-02-09,6,1116.0,49.6,50.4,varian
yovita sari_112,2026-02-09,6,870.0000000000001,52.0,48.0,varian
zukri adinalta_113,2026-02-09,7,1080.0,47.0,53.0,varian
alfi sahri_114,2026-02-09,2,1104.0000000000002,61.400000000000006,38.6,origin
amalia wulandari_115,2026-02-10,5,990.0,57.5,42.5,varian
amelia novrida_116,2026-02-10,3,1122.0000000000002,50.2,49.8,varian
andre ganda wilaga putra_117,2026-02-10,3,1086.0,52.6,47.4,origin
andre oktora_118,2026-02-10,6,1002.0,49.2,50.8,varian
benni setiawan_119,2026-02-10,4,924.0,49.900000000000006,50.1,varian
deswanto_120,2026-02-11,4,978.0,47.3,52.7,origin
desy syahputri_121,2026-02-11,1,1134.0,30.4,69.6,origin
eka wulandari_122,2026-02-11,6,960.0,53.5,46.5,varian
ferry ramadhan_123,2026-02-11,8,1116.0,52.6,47.4,varian
firdaus_124,2026-02-11,5,1056.0,55.1,44.9,origin
hamdani asril_125,2026-02-12,2,1032.0,35.2,64.8,origin
hijrah syahputra_126,2026-02-12,6,1067.9999999999998,51.8,48.2,origin
indah rahmawati_127,2026-02-12,3,1086.0,37.6,62.4,origin
indra firman_128,2026-02-12,7,1104.0,60.9,39.1,varian
indri dian pertiwi_129,2026-02-12,3,894.0,34.4,65.6,origin
kemal pasha_130,2026-02-13,3,966.0,52.6,47.4,varian
muhammad sayuti nur nasution_131,2026-02-13,6,1044.0,51.4,48.6,origin
miftahur ridho_132,2026-02-13,3,1056.0,57.1,42.9,origin
mila yuli yanti_133,2026-02-13,5,978.0,58.8,41.2,origin
muhammad wendi hidayat_134,2026-02-13,3,1044.0000000000002,48.900000000000006,51.1,varian
nikawati_135,2026-02-14,4,912.0,46.2,53.8,origin
nofan widiyarna_136,2026-02-14,4,888.0,49.3,50.7,varian
nurudin rahman_137,2026-02-14,4,858.0,28.8,71.2,varian
puji astuti_138,2026-02-14,1,1098.0,44.8,55.2,origin
refi delia_139,2026-02-14,3,1092.0000000000002,61.2,38.8,varian
reno mulia sari_140,2026-02-14,3,1020.0,51.5,48.5,origin
resa putri ananda_141,2026-02-15,6,1002.0,47.7,52.3,varian
resi septiani_142,2026-02-15,2,1026.0,60.1,39.9,origin
rudi kurniawan_143,2026-02-15,7,1104.0000000000002,45.900000000000006,54.1,varian
siti zulaiha_144,2026-02-15,6,954.0,61.900000000000006,38.1,varian
sry dhina pohan_145,2026-02-16,5,1092.0,44.2,55.8,varian
thovanni jogga_146,2026-02-16,2,912.0,48.2,51.8,origin
tian fitra kurniawan_147,2026-02-16,3,1104.0,61.4,38.6,varian
widya ayu azhari_148,2026-02-17,8,1074.0,56.9,43.1,varian
yudiatma adrion_149,2026-02-17,4,930.0,41.5,58.5,origin
zukri rahman_150,2026-02-17,6,966.0,53.6,46.4,varian
andre saputra_151,2026-02-17,2,1092.0,51.2,48.8,origin
andrianto_152,2026-02-17,6,858.0,56.8,43.2,varian
andryan dwi cahyono_153,2026-02-18,3,930.0,40.0,60.0,origin
angga wiratama_154,2026-02-18,8,858.0,53.3,46.7,varian
anggi desmita arini_155,2026-02-18,3,846.0000000000001,33.6,66.4,origin
dewi cita rani_156,2026-02-18,3,1122.0,55.2,44.8,varian
dewi kartika sari_157,2026-02-19,6,1038.0,43.3,56.7,varian
dewi shinta octariati_158,2026-02-19,3,918.0,43.3,56.7,varian
firdaus_159,2026-02-19,4,1098.0,44.3,55.7,origin
fitra andri gunawan_160,2026-02-19,5,966.0,40.6,59.400000000000006,varian
indriani saritsha_161,2026-02-20,4,1086.0,52.6,47.4,varian
inggar wangi r_162,2026-02-20,7,990.0,54.0,46.0,varian
mira afriani_163,2026-02-20,4,1080.0,61.0,39.0,varian
muhammad adri_164,2026-02-20,5,972.0,48.7,51.3,origin
muhammad alayyubi_165,2026-02-21,5,984.0,42.400000000000006,57.6,varian
nony chrisnayanti_166,2026-02-21,5,882.0,52.2,47.8,origin
nora ferwati_167,2026-02-21,4,948.0,45.3,54.7,varian
nurul gayatri indah reza_168,2026-02-21,7,1068.0,45.3,54.7,varian
benny yohanes_169,2026-02-22,2,900.0,43.0,57.0,origin
elennuari_170,2026-02-22,7,924.0,49.4,50.6,varian
harika vaizal_171,2026-02-22,6,942.0,36.7,63.3,varian
hildayanti oktaviana_172,2026-02-23,5,1080.0,34.0,66.0,varian
khairul fahmi purba_173,2026-02-23,2,1014.0,39.9,60.1,origin
muhammad triyoga sp_174,2026-02-24,8,960.0,60.0,40.0,varian
putri lia lestari_175,2026-02-24,2,972.0,39.2,60.8,origin
resti yulia_176,2026-02-24,3,882.0,44.2,55.8,origin
reysa hastarimasuci_177,2026-02-24,4,1014.0,39.9,60.1,varian
reza fahlevi_178,2026-02-25,5,1097.9999999999998,47.8,52.2,varian
rhesma naca_179,2026-02-25,6,1086.0,44.1,55.9,varian
rudi wijaya_180,2026-02-25,5,942.0,55.2,44.8,varian
suci fahma julia_181,2026-02-25,4,1098.0,51.3,48.7,varian
suci hijryani fitry_182,2026-02-26,5,1085.9999999999998,55.6,44.400000000000006,origin
tika handayani asnur_183,2026-02-26,6,984.0,50.4,49.6,origin
tio doli raharjo_184,2026-02-26,3,1068.0,47.3,52.7,origin
winda wahyuti_185,2026-02-26,5,924.0,47.900000000000006,52.1,origin
yulia ningsih_186,2026-02-26,5,918.0,42.8,57.2,origin
anggia anfina_187,2026-02-27,5,960.0,48.5,51.5,origin
anita pauzia hsb_188,2026-02-27,5,1110.0,44.5,55.5,varian
annisa julita sari_189,2026-02-27,6,936.0,31.6,68.4,varian
boby adi oktarino_190,2026-02-27,7,1056.0,55.1,44.9,varian
dias marzal fatama_191,2026-02-28,7,864.0,46.9,53.1,varian
dicky mahendra_192,2026-02-28,6,876.0000000000001,38.6,61.4,origin
dika aristya linardi_193,2026-02-28,3,930.0,50.0,50.0,origin
elvi suryani_194,2026-02-28,6,857.9999999999999,43.3,56.7,origin
fitra miswardi_195,2026-03-01,2,1086.0,49.6,50.4,varian
fitri meldiani_196,2026-03-01,4,858.0,37.3,62.7,varian
husnul habib_197,2026-03-01,3,1044.0000000000002,46.900000000000006,53.1,origin
irfani dwi ayu riski_198,2026-03-01,6,1116.0,46.1,53.9,varian
irpandi kurniawan_199,2026-03-01,1,1122.0,50.2,49.8,origin
kurniawan eka putra_200,2026-03-01,3,876.0,42.6,57.4,varian
muhammad asri wisnu wardana_201,2026-03-01,2,875.9999999999999,47.6,52.400000000000006,origin
muhammad audi reza islami_202,2026-03-02,1,839.9999999999999,45.5,54.5,origin
muhammad azmeer_203,2026-03-02,7,996.0,59.1,40.900000000000006,varian
muhammad thoha_204,2026-03-02,1,1067.9999999999998,44.3,55.7,origin
novi gustiana_205,2026-03-02,6,1050.0,55.0,45.0,varian
novia kumala sari_206,2026-03-03,2,1074.0000000000002,49.400000000000006,50.6,varian
padli nofrizal_207,2026-03-03,2,1014.0,34.900000000000006,65.1,origin
putri wahyuni_208,2026-03-03,6,839.9999999999999,48.0,52.0,origin
rahmat hidayat_209,2026-03-03,2,960.0,44.0,56.0,origin
rahmi andreni_210,2026-03-03,4,906.0,56.1,43.9,origin
rian aries fani_211,2026-03-04,7,876.0,48.6,51.4,varian
riandi selvi_212,2026-03-04,6,894.0,45.9,54.1,varian
rianto_213,2026-03-04,5,960.0,47.0,53.0,varian
ridha ulva_214,2026-03-04,5,882.0,42.2,57.8,origin
rizqi wahyuningsih_215,2026-03-05,6,1116.0,47.6,52.4,origin
ruwadi saputra_216,2026-03-05,4,1116.0,36.6,63.4,varian
sugeng hermawan_217,2026-03-05,3,882.0000000000001,47.7,52.3,varian
suliatun_218,2026-03-05,1,936.0,47.1,52.9,origin
tomi ismeidianto_219,2026-03-05,5,900.0000000000001,39.5,60.5,varian
usthalay putra_220,2026-03-06,6,954.0,48.4,51.6,varian
winggo aga septian_221,2026-03-06,3,876.0,59.1,40.9,origin
yunaldi rizki putra_222,2026-03-06,8,1092.0,62.2,37.8,varian
arif fasetyo_223,2026-03-07,5,1140.0,58.5,41.5,varian
arie rahman satria_224,2026-03-07,2,948.0,48.8,51.2,origin
arinda oktaviana_225,2026-03-07,5,912.0,46.2,53.8,varian
asri jakawendra_226,2026-03-07,7,1110.0,62.5,37.5,varian
astri stiawaty_227,2026-03-08,5,1050.0,65.0,35.0,origin
aszani_228,2026-03-08,4,1127.9999999999998,59.8,40.2,origin
boby rahman_229,2026-03-08,5,918.0,47.8,52.2,origin
dewi cahyati_230,2026-03-08,7,1056.0,40.1,59.9,varian
dimas aditya perdana_231,2026-03-09,3,1092.0,47.7,52.3,origin
dinda afani_232,2026-03-09,1,942.0,47.2,52.8,origin
doni sanjaya_233,2026-03-09,3,1008.0,46.3,53.7,origin
fitri yanti_234,2026-03-10,7,846.0,41.6,58.4,varian
hendri eka saputra_235,2026-03-10,1,1074.0,29.4,70.6,origin
irwan ahmad gafur_236,2026-03-10,5,852.0000000000001,40.2,59.8,varian
isa ismail_237,2026-03-10,5,906.0,46.1,53.9,varian
kurniawan rosman a_238,2026-03-11,6,864.0,48.4,51.6,origin
muhammad azmy_239,2026-03-11,3,1104.0000000000002,36.400000000000006,63.6,varian
muhammad ilham_240,2026-03-11,3,1122.0,46.7,53.3,varian
muhammad sholihan_241,2026-03-11,6,1044.0,48.4,51.6,varian
novita dewi_242,2026-03-12,2,930.0,38.5,61.5,origin
novri sabli saputra_243,2026-03-12,3,996.0,34.6,65.4,varian
pajar bahari_244,2026-03-12,5,972.0,43.7,56.3,origin
redha fauziah aziz_245,2026-03-13,2,1115.9999999999998,46.6,53.400000000000006,origin
ridho_246,2026-03-13,4,900.0,41.0,59.0,origin
ridho fajri_247,2026-03-14,5,948.0,43.3,56.7,origin
ridho rismayanda_248,2026-03-14,3,924.0,33.4,66.6,varian
ridwan candra_249,2026-03-14,6,1116.0,59.6,40.4,varian
rosdina_250,2026-03-14,4,984.0,47.400000000000006,52.6,origin
supriadi_251,2026-03-15,2,1068.0,40.8,59.2,origin
suriyani_252,2026-03-15,4,1086.0,42.6,57.4,varian
tommy zul hidayat_253,2026-03-16,5,972.0,43.7,56.3,origin
umi riyani_254,2026-03-16,5,1115.9999999999998,39.6,60.400000000000006,varian
wiwik sumarmi_255,2026-03-16,1,882.0,46.2,53.8,origin
yuni dwi hastuti_256,2026-03-16,3,845.9999999999999,28.6,71.4,origin
aulia rahman_257,2026-03-17,6,1008.0,42.8,57.2,varian
agung kurniawan_258,2026-03-17,5,1055.9999999999998,40.1,59.900000000000006,origin
ahmad fauzi paturusi_259,2026-03-17,4,954.0,30.4,69.6,varian
arie biola gunti masuko_260,2026-03-17,7,1086.0,50.6,49.4,varian
ayu andira_261,2026-03-18,4,882.0,37.7,62.3,varian
ayu dwi septiana arta_262,2026-03-18,5,1032.0,53.2,46.8,varian
azwar anas_263,2026-03-18,4,852.0,33.7,66.3,varian
azwir irfan nanda_264,2026-03-19,1,852.0000000000001,25.700000000000003,74.3,origin
budi setiawan_265,2026-03-19,2,1092.0,56.2,43.8,origin
donna febriani_266,2026-03-19,7,954.0,39.9,60.1,varian
dwi widiastuti_267,2026-03-19,4,1128.0,56.8,43.2,varian
dwiki apsyarin_268,2026-03-20,6,966.0,55.1,44.900000000000006,origin
dwiza indri_269,2026-03-20,1,1062.0,39.2,60.8,origin
frans b jaya zalukhu_270,2026-03-20,4,1002.0000000000002,47.7,52.3,origin
fuad harisfa_271,2026-03-20,6,1128.0,52.8,47.2,origin
herman efendi_272,2026-03-20,3,996.0,43.1,56.9,varian
ichsyan rizky adi p_273,2026-03-21,3,1050.0,50.5,49.5,varian
ivo oktavianti_274,2026-03-21,3,936.0,43.6,56.4,varian
lailatul izzati_275,2026-03-21,8,930.0,39.5,60.5,varian
muhammad oki_276,2026-03-21,2,882.0,26.2,73.8,varian
muhammad ridho ardonis_277,2026-03-21,2,936.0,48.6,51.4,origin
muhammad rizqi muttaqin_278,2026-03-22,3,1110.0,41.5,58.5,varian
muhammad setyo_279,2026-03-22,2,845.9999999999999,32.099999999999994,67.9,origin
nur aulia hasanah_280,2026-03-22,5,876.0000000000001,42.1,57.9,origin
nurfatrianti_281,2026-03-22,3,900.0000000000001,43.0,57.0,varian
pikril islami_282,2026-03-23,4,978.0,52.3,47.7,origin
rikal_283,2026-03-23,2,1020.0,48.5,51.5,varian
riyan hidayat_284,2026-03-23,3,1074.0,47.4,52.6,origin
rizki fatama_285,2026-03-23,4,954.0,41.9,58.1,origin
rizkie hafizzah_286,2026-03-23,4,1134.0,39.9,60.1,origin
syaiful akbar_287,2026-03-24,3,966.0,55.6,44.4,origin
nu' in sofyan_288,2026-03-24,3,852.0,35.7,64.3,varian
sumirah_289,2026-03-24,4,948.0,51.8,48.2,origin
ade surahman_290,2026-03-25,6,1032.0,48.2,51.8,varian
kasnanto_291,2026-03-25,2,1056.0,40.6,59.4,origin
sumirah_292,2026-03-25,4,924.0,44.9,55.1,varian
teguh wahyudi_293,2026-03-26,6,1086.0,54.1,45.9,varian
sakiyo_294,2026-03-26,7,972.0,50.2,49.8,varian
dwi kasmini_295,2026-03-26,5,900.0000000000001,31.0,69.0,varian
laily mufarokah_296,2026-03-26,2,894.0000000000001,27.9,72.1,origin
sigit nugroho_297,2026-03-27,2,954.0,43.9,56.1,origin
linda rusmi wardani_298,2026-03-27,5,893.9999999999999,34.4,65.6,varian
m. charly iman nugroho_299,2026-03-27,6,954.0,59.900000000000006,40.1,origin
untung sugiono_300,2026-03-27,5,1074.0,45.4,54.6,origin
sarminah_301,2026-03-27,3,960.0,47.5,52.5,varian
wiwik purwanti_302,2026-03-28,6,846.0,33.1,66.9,origin
saputra_303,2026-03-28,2,1014.0,39.9,60.1,origin
sufiyani_304,2026-03-28,6,1116.0,51.1,48.9,varian
zenika pradea_305,2026-03-28,1,1074.0,39.4,60.6,origin
adelia agustin_306,2026-03-28,6,1067.9999999999998,56.8,43.2,origin
desi aulia rahma_307,2026-03-29,2,978.0,32.8,67.2,varian
muhammad fajar maulana_308,2026-03-29,5,972.0,33.7,66.3,origin
muliadi_309,2026-03-29,5,972.0,52.2,47.8,varian
nuriyati_310,2026-03-29,2,1110.0,46.5,53.5,origin
andreyan saputra_311,2026-03-30,8,942.0,44.7,55.3,varian
afrianda_312,2026-03-30,7,977.9999999999998,50.3,49.7,varian
surya ramadani_313,2026-03-30,7,1116.0,47.6,52.4,varian
suhendri_314,2026-03-30,1,1128.0,40.3,59.7,origin
dewi wulan sari_315,2026-03-30,6,1115.9999999999998,52.6,47.400000000000006,origin
reza andika ramadhan_316,2026-03-31,6,960.0,55.0,45.0,origin
slamet_317,2026-03-31,3,840.0,48.5,51.5,origin
erna_318,2026-03-31,3,882.0000000000001,37.7,62.3,varian
gilang aditia_319,2026-03-31,4,1116.0,31.6,68.4,varian
suherianto_320,2026-04-01,8,948.0,49.8,50.2,varian
sugianti_321,2026-04-01,4,863.9999999999999,60.4,39.6,origin
aris pratama putra_322,2026-04-01,2,1020.0,45.0,55.0,origin
adella_323,2026-04-01,2,1134.0,35.4,64.6,varian
widyo sudiro_324,2026-04-01,6,1044.0,39.9,60.1,varian
kusniah_325,2026-04-02,2,948.0,37.3,62.7,varian
riza feri handoko_326,2026-04-02,6,906.0,56.1,43.9,varian
angga adhy surya_327,2026-04-03,5,1122.0,58.2,41.8,varian
nelvin adhy renata_328,2026-04-03,3,990.0,49.5,50.5,varian
titis brigida silva_329,2026-04-03,6,1050.0,33.5,66.5,varian
suroso_330,2026-04-04,6,1007.9999999999998,50.8,49.2,origin
sukati_331,2026-04-04,4,894.0,40.9,59.1,origin
depri selamet ariadi_332,2026-04-04,5,912.0,46.2,53.8,varian
isti nurjanah_333,2026-04-04,3,1134.0,43.4,56.6,origin
ruswantoro_334,2026-04-05,4,1002.0,37.7,62.3,origin
juli anggraeni_335,2026-04-05,5,1092.0000000000002,49.2,50.8,varian
muhammad prayoga winata_336,2026-04-05,3,1002.0,46.2,53.8,origin
heru setyono_337,2026-04-06,8,906.0,44.1,55.9,varian
sri mulyani_338,2026-04-06,7,1128.0,62.8,37.2,varian
galih subekti_339,2026-04-06,3,942.0,45.2,54.8,origin
ageng kurniawan_340,2026-04-06,1,1092.0000000000002,49.7,50.3,origin
auliya shobrina_341,2026-04-07,5,1128.0,54.8,45.2,varian
slamet_342,2026-04-07,4,852.0000000000001,45.2,54.8,origin
suparmi_343,2026-04-07,5,1038.0,64.8,35.2,origin
tri agus susilo_344,2026-04-08,3,942.0,37.2,62.8,varian
junaeri_345,2026-04-08,5,1116.0,48.1,51.9,varian
daryono_346,2026-04-08,6,1080.0,44.0,56.0,varian
poniyem_347,2026-04-09,3,948.0,32.3,67.7,varian
fajar setiawan_348,2026-04-09,7,966.0,38.6,61.4,varian
nabilatul dwi seftiani_349,2026-04-09,1,1104.0,29.9,70.1,origin
jaimin_350,2026-04-10,3,857.9999999999999,53.8,46.2,origin
rohatun_351,2026-04-10,6,875.9999999999999,48.6,51.400000000000006,origin
dewi safitri_352,2026-04-11,1,864.0000000000001,40.900000000000006,59.1,origin
dian elok nur cahyati_353,2026-04-11,4,888.0,45.8,54.2,origin
m. amrijen nur rohman_354,2026-04-12,2,846.0000000000001,47.1,52.9,origin
rosidin_355,2026-04-12,1,1098.0,49.8,50.2,origin
suwarti_356,2026-04-13,3,918.0,48.3,51.7,varian
krisdan fauzi_357,2026-04-13,1,1050.0,44.0,56.0,origin
khasanah dwi fauziah_358,2026-04-14,5,1092.0,40.7,59.3,origin
ainun isnaini fauziati_359,2026-04-14,3,924.0,43.4,56.6,varian
m. rais tri wahyudi_360,2026-04-15,1,972.0000000000002,42.7,57.3,origin
sri mudrikoh_361,2026-04-15,6,1032.0000000000002,59.7,40.3,varian
ihsan baedowi_362,2026-04-16,6,918.0,44.3,55.7,origin
rahmad erwin wibisono_363,2026-04-16,3,1044.0000000000002,35.400000000000006,64.6,varian
muhamad fiki wahyudi_364,2026-04-17,3,1008.0,36.3,63.7,origin
agus salim_365,2026-04-18,6,1020.0,39.5,60.5,varian
mardiana_366,2026-04-19,4,966.0,40.6,59.4,varian
mustika sari_367,2026-04-20,4,966.0,44.1,55.9,varian
mega mawarni_368,2026-04-20,1,1062.0000000000002,49.2,50.8,origin
muhammad zamzari_369,2026-04-20,4,1122.0000000000002,46.7,53.3,varian
air murya_370,2026-04-20,7,1008.0,44.3,55.7,varian
sumardi_371,2026-04-21,5,1116.0,51.1,48.9,origin
surni_372,2026-04-21,1,948.0,32.3,67.7,origin
wahid suprayitno_373,2026-04-21,3,1104.0,59.9,40.1,varian
sutramiati_374,2026-04-22,5,1086.0,50.6,49.4,origin
susanti lestari_375,2026-04-22,3,1134.0,51.9,48.1,varian
rasman_376,2026-04-22,6,1062.0,51.7,48.3,origin
riya ningsih_377,2026-04-23,5,1086.0,42.6,57.4,varian
uji ifandy saputra_378,2026-04-23,4,924.0,53.4,46.6,varian
hana aida sahila_379,2026-04-23,7,912.0,37.7,62.3,varian
mufizar ilyas_380,2026-04-23,6,852.0,43.2,56.8,origin
nora_381,2026-04-24,6,1062.0000000000002,48.7,51.3,varian
ulviana agustina_382,2026-04-24,1,1008.0,33.3,66.7,origin
erina ramadhani_383,2026-04-25,7,1128.0,51.3,48.7,varian
sumono_384,2026-04-25,8,1134.0,57.9,42.1,varian
khoirul zaki_385,2026-04-26,5,858.0,30.3,69.7,varian
warsini_386,2026-04-26,5,1062.0,55.2,44.8,origin
alif al barrak zaki_387,2026-04-27,1,1002.0000000000002,43.2,56.8,origin
sulistiyono_388,2026-04-27,5,1074.0,53.9,46.1,varian
jekri wiralis_389,2026-04-27,4,984.0,42.4,57.6,origin
nirmanto_390,2026-04-27,7,978.0,40.3,59.7,varian
rasmini_391,2026-04-28,4,1092.0,54.2,45.8,origin
bejo hutanto_392,2026-04-28,7,942.0,49.7,50.3,varian
desi tri astuti_393,2026-04-28,7,900.0,57.5,42.5,varian
okta ionika_394,2026-04-29,5,912.0,42.7,57.3,origin
muhyidin_395,2026-04-29,5,876.0,49.1,50.9,varian
meriyanti_396,2026-04-29,8,1134.0,47.9,52.1,varian
erna lestari_397,2026-04-29,3,978.0,39.3,60.7,varian
asef saifulloh_398,2026-04-30,7,906.0,42.6,57.400000000000006,varian
jonianto_399,2026-04-30,5,1055.9999999999998,42.1,57.900000000000006,varian
mujiati_400,2026-04-30,3,864.0,38.9,61.1,origin
riko hari prasetyo_401,2026-04-30,1,900.0,31.5,68.5,origin
diva al farizky_402,2026-04-30,1,942.0,62.2,37.8,origin
parjo_403,2026-05-01,3,1116.0,58.1,41.9,origin
rumsiyah_404,2026-05-01,1,846.0,35.6,64.4,origin
dewi sumarni_405,2026-05-01,2,875.9999999999999,36.1,63.900000000000006,varian
efi sulastri_406,2026-05-01,3,1116.0,53.1,46.9,origin
wagimun_407,2026-05-01,5,894.0,40.9,59.1,varian
girah_408,2026-05-02,5,1002.0,61.2,38.8,varian
feni safitri_409,2026-05-02,4,1038.0,53.3,46.7,origin
sumarno_410,2026-05-02,3,1097.9999999999998,46.3,53.7,varian
nurimah_411,2026-05-02,7,942.0,43.2,56.8,varian
noviana anggraeni_412,2026-05-02,2,948.0,42.3,57.7,varian
aissyah dwi zhaskia_413,2026-05-02,1,936.0,32.1,67.9,origin
hariri_414,2026-05-03,6,1055.9999999999998,56.6,43.400000000000006,origin
ida budiani_415,2026-05-03,6,1050.0,51.5,48.5,origin
rizki pratama_416,2026-05-03,2,906.0,48.1,51.9,origin
yanto_417,2026-05-03,1,936.0,42.1,57.9,origin
puji lestari_418,2026-05-03,6,978.0,42.3,57.7,varian
dewi wulan ningsih_419,2026-05-04,6,1014.0,39.400000000000006,60.6,varian
aril aji alania_420,2026-05-04,2,1050.0,35.5,64.5,origin
amalia chechy anggia_421,2026-05-04,1,1134.0000000000002,50.400000000000006,49.6,origin
suranto_422,2026-05-04,3,876.0,34.1,65.9,origin
suprihatin_423,2026-05-04,4,1110.0,61.5,38.5,varian
bangkit syuhada_424,2026-05-05,5,1050.0,47.0,53.0,varian
tri anindita aurellia_425,2026-05-05,6,870.0,43.5,56.5,origin
kasturi_426,2026-05-05,5,1116.0,51.1,48.9,origin
epran_427,2026-05-05,2,966.0,39.1,60.9,origin
suwarsih_428,2026-05-05,3,960.0,40.5,59.5,origin
dwi astika sari_429,2026-05-06,6,942.0,53.2,46.8,varian
trio hamdani_430,2026-05-06,1,1044.0,28.9,71.1,origin
a. solikhin_431,2026-05-06,2,870.0000000000001,22.5,77.5,origin
sumiati_432,2026-05-06,4,1068.0,53.8,46.2,origin
sugiat bagus hermawan_433,2026-05-06,3,996.0,54.6,45.4,varian
sukma liyana dewi_434,2026-05-07,6,948.0,41.8,58.2,varian
dzul helmi affan ridho_435,2026-05-07,6,996.0,42.6,57.400000000000006,varian
nugroho_436,2026-05-07,6,996.0,44.1,55.9,varian
kusriyati_437,2026-05-07,3,1080.0,42.5,57.5,origin
vika apriliana n. a_438,2026-05-07,6,984.0,53.900000000000006,46.1,varian
bela octavia ramadani_439,2026-05-07,4,1116.0,53.1,46.9,varian
pri santoso_440,2026-05-08,6,990.0,59.0,41.0,varian
miyanto_441,2026-05-08,3,1056.0,47.1,52.9,origin
samiyah_442,2026-05-08,4,960.0,39.0,61.0,varian
wahyu pratama_443,2026-05-08,3,893.9999999999999,36.4,63.6,varian
devina tria ananda_444,2026-05-08,5,960.0,48.5,51.5,origin
masruri_445,2026-05-09,4,1002.0000000000002,34.7,65.3,varian
siti romlah_446,2026-05-09,4,1116.0,44.6,55.4,origin
ricky prayoga_447,2026-05-09,3,936.0,55.1,44.900000000000006,origin
shafa mutia nurhaliza_448,2026-05-09,6,954.0,41.9,58.1,varian
abdul malik_449,2026-05-10,3,870.0,44.0,56.0,origin
kardi_450,2026-05-10,5,1050.0,47.0,53.0,varian
sumini_451,2026-05-10,2,1104.0,39.9,60.1,varian
andika saputra_452,2026-05-11,6,930.0,56.5,43.5,varian
habib hidayaturrohman_453,2026-05-12,7,1050.0,45.0,55.0,varian
wiwik wulandari_454,2026-05-13,1,864.0,35.9,64.1,origin
m. souvil anam_455,2026-05-14,3,1025.9999999999998,46.6,53.400000000000006,origin
anin khamidah_456,2026-05-15,3,1008.0,41.3,58.7,origin
diram_457,2026-05-16,7,1092.0,57.2,42.8,varian
muslimah_458,2026-05-17,5,1020.0,58.0,42.0,varian
eko kurniawan_459,2026-05-18,7,1032.0000000000002,56.2,43.8,varian
romadon nur hidayat_460,2026-05-19,7,996.0,55.6,44.4,varian
siti masliah_461,2026-05-20,6,1026.0,54.6,45.4,varian
tri adi eko lestanto_462,2026-05-21,2,912.0,58.2,41.8,origin
eva setia ningrum_463,2026-05-21,3,1104.0,47.9,52.1,origin
suyono_464,2026-05-21,4,846.0000000000001,40.1,59.9,origin
nurtriana yuliastuti_465,2026-05-22,6,1026.0,56.1,43.9,origin
sazim saputra_466,2026-05-22,4,912.0,54.7,45.3,varian
rozakiah_467,2026-05-22,3,1062.0,42.2,57.8,origin
alifia yuliani_468,2026-05-22,4,972.0,45.7,54.3,varian
hamzah maulana_469,2026-05-23,7,1008.0,54.3,45.7,varian
akbar maulana_470,2026-05-23,2,954.0,33.9,66.1,origin
supriyadi_471,2026-05-23,5,1020.0,61.5,38.5,varian
supiyah_472,2026-05-24,6,870.0,63.5,36.5,origin
alfajar efendi_473,2026-05-24,3,1097.9999999999998,57.8,42.2,origin
ahmad saprudin_474,2026-05-24,3,858.0,42.3,57.7,varian
anwar sholeh_475,2026-05-25,1,996.0,53.1,46.900000000000006,origin
umi muslimah_476,2026-05-26,7,912.0,39.2,60.8,varian
elisa anjani_477,2026-05-26,1,966.0,42.6,57.4,origin
meila nurhidayati_478,2026-05-27,8,966.0,45.1,54.900000000000006,varian
santoso_479,2026-05-27,5,882.0,42.2,57.8,origin
tumi_480,2026-05-27,4,1134.0000000000002,49.900000000000006,50.1,origin
mira mustika_481,2026-05-28,6,930.0,49.5,50.5,origin
edi suyoto_482,2026-05-28,6,1074.0000000000002,56.900000000000006,43.1,origin
rikana nurmala desi_483,2026-05-29,1,936.0,47.1,52.9,origin
zidane dhevan pratama_484,2026-05-30,5,912.0,39.7,60.3,varian
mariyamah_485,2026-05-31,6,888.0,47.3,52.7,varian
setiawan_486,2026-06-01,3,1020.0,35.0,65.0,varian
sutiono_487,2026-06-02,4,900.0,41.0,59.0,origin
nurhayati_488,2026-06-03,1,900.0000000000001,41.5,58.5,origin
oki aditia saputra_489,2026-06-04,2,1020.0,45.0,55.0,origin
hendrio junior_490,2026-06-05,4,1019.9999999999998,53.0,47.0,origin
giatno_491,2026-06-06,4,1074.0,47.4,52.6,varian
siti ngaisah_492,2026-06-07,1,1104.0,49.9,50.1,origin
ahmad rasyid_493,2026-06-08,3,966.0,45.6,54.4,origin
gilang nur bekti_494,2026-06-09,1,894.0,31.4,68.6,origin
abas suyatno_495,2026-06-09,6,1098.0,54.3,45.7,varian
kholipah_496,2026-06-09,2,954.0,43.9,56.1,origin
abdul kholik_497,2026-06-10,6,1140.0,70.0,30.0,varian
dede adiyanto_498,2026-06-10,6,1068.0,51.8,48.2,origin
handani nurul hidayah_499,2026-06-10,2,1032.0,38.7,61.3,varian
mustofa_500,2026-06-10,3,1007.9999999999998,41.3,58.7,origin
luhur gunawan_501,2026-06-11,5,1116.0,54.6,45.4,varian
tri mandrasih_502,2026-06-11,6,1140.0,48.0,52.0,origin
Mary Roberta_503,2026-06-12,4,852.0,33.7,66.3,varian
Annie Sheila_504,2026-06-12,3,906.0,48.1,51.9,varian
Anna Wanda_505,2026-06-12,5,852.0,48.7,51.3,varian
Margaret Dawn_506,2026-06-13,5,1032.0,46.7,53.3,varian
Helen Dorothy_507,2026-06-13,1,893.9999999999999,31.4,68.6,origin
Elsie Evelyn_508,2026-06-13,6,1074.0,51.9,48.1,origin
Lucy Gail_509,2026-06-13,5,1098.0,45.8,54.2,origin
Dorothy Joyce_510,2026-06-14,5,924.0,39.9,60.1,varian
Mary Louise_511,2026-06-14,2,1032.0,38.7,61.3,varian
Margaret Peggy_512,2026-06-14,6,1134.0,49.9,50.1,varian
Ruth Phyllis_513,2026-06-14,6,1104.0,42.4,57.6,origin
Annie Sheryl_514,2026-06-15,1,1140.0,45.5,54.5,origin
Elizabeth Susie_515,2026-06-15,5,936.0,33.1,66.9,origin
Helen Toni_516,2026-06-15,5,1104.0,52.9,47.1,varian
Mary Angela_517,2026-06-15,8,1104.0000000000002,57.400000000000006,42.6,varian
Elsie Charlotte_518,2026-06-16,1,1140.0,40.5,59.5,origin
Agnes Sally_519,2026-06-17,7,887.9999999999999,42.3,57.7,varian
Anna Wendy_520,2026-06-17,6,1020.0,56.0,44.0,origin
Helen Bertha_521,2026-06-18,3,1067.9999999999998,40.8,59.2,varian
Louise Grace_522,2026-06-19,4,857.9999999999999,38.8,61.2,varian
Jean Jill_523,2026-06-19,2,852.0,37.2,62.8,origin
Ruth Karla_524,2026-06-20,3,954.0,48.9,51.1,varian
Alice Leslie_525,2026-06-20,8,894.0,43.9,56.1,varian
Esther Marjorie_526,2026-06-21,4,863.9999999999999,38.9,61.1,varian
Ethel Sophie_527,2026-06-22,2,930.0,43.5,56.5,origin
Margaret Stephanie_528,2026-06-22,5,984.0,48.9,51.1,origin
Marie Vicky_529,2026-06-22,2,1115.9999999999998,36.6,63.400000000000006,origin
Mary Vivian_530,2026-06-23,6,1128.0,52.8,47.2,origin
Elizabeth Agnes_531,2026-06-23,3,1128.0,60.3,39.7,varian
Margaret Anita_532,2026-06-24,2,852.0000000000001,42.2,57.8,origin
Helen Edna_533,2026-06-24,8,972.0,45.2,54.8,varian
Alice Glenda_534,2026-06-25,5,846.0,36.6,63.4,origin
Annie Gwendolyn_535,2026-06-26,5,857.9999999999999,45.3,54.7,varian
Louise Jeanne_536,2026-06-26,2,996.0,48.1,51.900000000000006,varian
Mary Joan_537,2026-06-26,1,942.0,37.2,62.8,origin
Margaret Joann_538,2026-06-26,3,1140.0,38.5,61.5,origin
Alice June_539,2026-06-27,3,948.0,52.3,47.7,varian
Annie Lucy_540,2026-06-27,4,1014.0,46.4,53.6,varian
Elizabeth Marlene_541,2026-06-27,1,1104.0,44.9,55.1,origin
Helen Maureen_542,2026-06-28,5,912.0,57.7,42.3,origin
Clara Pauline_543,2026-06-28,5,863.9999999999999,46.9,53.1,origin
Dorothy Ramona_544,2026-06-29,6,972.0000000000002,55.2,44.8,origin
Martha Rosemary_545,2026-06-29,5,1080.0,60.5,39.5,origin
Agnes Sarah_546,2026-06-29,6,1128.0,42.8,57.2,origin
Esther Sherry_547,2026-06-30,3,852.0000000000001,20.700000000000003,79.3,varian
Frances Shirley_548,2026-06-30,1,1056.0,49.1,50.9,origin
Julia Suzanne_549,2026-06-30,8,870.0,43.5,56.5,varian
Lillian Sylvia_550,2026-07-01,3,960.0,42.5,57.5,varian
Mildred Terry_551,2026-07-01,1,1080.0,54.5,45.5,origin
Pauline Valerie_552,2026-07-02,4,1037.9999999999998,58.3,41.7,origin
Mary Verna_553,2026-07-03,1,1092.0,44.7,55.3,origin
Alice Billie_554,2026-07-03,1,1104.0,44.9,55.1,origin
Helen Christina_555,2026-07-03,3,984.0,45.9,54.1,origin
Anna Debora_556,2026-07-04,3,924.0,43.4,56.6,varian
Dorothy Dolores_557,2026-07-04,4,918.0,51.3,48.7,origin
Margaret Eva_558,2026-07-04,2,894.0,37.9,62.1,origin
Ruth Florence_559,2026-07-05,4,900.0,46.0,54.0,origin
Elizabeth Geraldine_560,2026-07-05,7,1115.9999999999998,62.6,37.400000000000006,varian
Frances Jacqueline_561,2026-07-05,5,906.0,44.6,55.4,varian
Katherine Jennifer_562,2026-07-06,6,912.0,51.2,48.8,varian
Martha Jo_563,2026-07-06,2,1032.0,40.2,59.8,origin
Annie Kerry_564,2026-07-06,5,863.9999999999999,35.4,64.6,varian
Clara Lillian_565,2026-07-07,6,1056.0,50.1,49.9,varian
Emma Loretta_566,2026-07-07,4,882.0,32.7,67.3,varian
Hazel Lorraine_567,2026-07-08,4,858.0,32.3,67.7,varian
Julia Maxine_568,2026-07-08,2,1026.0,45.1,54.9,origin
Marie Michele_569,2026-07-09,4,930.0,46.5,53.5,origin
Minnie Mildred_570,2026-07-09,4,978.0000000000002,42.3,57.7,origin
Pauline Norma_571,2026-07-10,3,924.0,36.9,63.1,varian
Mary Renee_572,2026-07-10,3,1098.0,56.3,43.7,varian
Helen Sheri_573,2026-07-11,6,1050.0,56.5,43.5,origin
Dorothy Victoria_574,2026-07-12,7,966.0,48.6,51.4,varian
Frances Yvonne_575,2026-07-13,5,936.0,46.6,53.4,varian
Ruth Becky_576,2026-07-14,6,954.0,48.4,51.6,varian
Alice Cathleen_577,2026-07-15,2,1122.0,51.7,48.3,origin
Anna Claudia_578,2026-07-16,5,1122.0000000000002,38.2,61.8,varian
Agnes Eleanor_579,2026-07-16,3,936.0,45.1,54.900000000000006,origin
Annie Emily_580,2026-07-16,6,1056.0,45.1,54.9,varian
Julia Flora_581,2026-07-17,2,1122.0,56.7,43.3,origin
Lillian Ida_582,2026-07-17,4,1014.0,54.9,45.1,varian
Margaret Irene_583,2026-07-18,1,1080.0,29.5,70.5,origin
Daisy Jan_584,2026-07-19,3,960.0,50.5,49.5,origin
Edna Joni_585,2026-07-20,5,1050.0,55.0,45.0,origin
Esther Joy_586,2026-07-21,6,1134.0,52.9,47.1,origin
Evelyn Juanita_587,2026-07-22,1,930.0,42.0,58.0,origin
Florence Kelly_588,2026-07-23,3,858.0,33.8,66.2,origin
Katherine Lydia_589,2026-07-24,6,918.0,54.3,45.7,origin
Louise Melinda_590,2026-07-25,6,1020.0,41.0,59.0,origin
Lucy Melody_591,2026-07-26,5,1002.0000000000002,41.2,58.8,varian
Marie Minnie_592,2026-07-27,6,846.0000000000001,50.1,49.9,varian
Sally Rosalie_593,2026-07-28,6,1110.0,56.0,44.0,varian
Mary Shannon_594,2026-07-29,4,924.0,36.4,63.6,origin
Margaret Sheree_595,2026-07-30,4,948.0,50.3,49.7,varian
Helen Sherri_596,2026-07-31,3,918.0,54.8,45.2,origin
Frances Violet_597,2026-08-01,6,1056.0,56.6,43.4,origin
Alice Mary_598,2026-08-02,6,936.0,49.6,50.4,origin
Olga Susan_599,2026-08-03,4,900.0000000000001,33.0,67.0,varian
Ruth Cynthia_600,2026-08-04,1,918.0,31.8,68.2,origin
Clara Debra_601,2026-08-05,4,1025.9999999999998,58.1,41.900000000000006,origin
Dorothy Linda_602,2026-08-06,3,870.0,37.5,62.5,varian
Anna Karen_603,2026-08-07,4,948.0,41.8,58.2,origin
Edith Patricia_604,2026-08-08,3,858.0,45.8,54.2,varian
Florence Deborah_605,2026-08-09,3,1007.9999999999998,41.3,58.7,origin
Maggie Cheryl_606,2026-08-10,6,863.9999999999999,45.4,54.6,varian
Rose Sharon_607,2026-08-11,6,942.0,61.7,38.3,varian
Sophie Pamela_608,2026-08-12,7,942.0,58.2,41.8,varian
Mary Barbara_609,2026-08-13,1,1104.0,34.9,65.1,origin
Margaret Carol_610,2026-08-14,3,1032.0,46.7,53.3,origin
Helen Diane_611,2026-08-15,8,1050.0,61.5,38.5,varian
Marie Sandra_612,2026-08-15,6,858.0,43.3,56.7,origin
Martha Cindy_613,2026-08-15,3,972.0,42.7,57.3,varian
Ruth Elizabeth_614,2026-08-16,6,882.0,42.2,57.8,varian
Anna Kathleen_615,2026-08-16,4,1092.0,64.2,35.8,origin
Gertrude Nancy_616,2026-08-17,2,1092.0,51.2,48.8,origin
Julia Donna_617,2026-08-18,2,984.0,34.4,65.6,origin
Virginia Janet_618,2026-08-19,2,984.0,44.4,55.6,origin
Alice Kathy_619,2026-08-19,5,1020.0,46.5,53.5,varian
Elizabeth Laura_620,2026-08-20,5,978.0,63.8,36.2,origin
Annie Denise_621,2026-08-21,5,990.0,41.0,59.0,varian
Clara Katherine_622,2026-08-22,4,960.0,32.0,68.0,origin
Elsie Margaret_623,2026-08-23,4,930.0,46.5,53.5,origin
Emma Teresa_624,2026-08-24,2,1014.0,43.4,56.6,varian
Sarah Brenda_625,2026-08-25,5,996.0,41.1,58.9,varian
Stella Theresa_626,2026-08-26,4,924.0,43.4,56.6,varian
Vera Anna_627,2026-08-27,6,887.9999999999999,58.8,41.2,origin
Mary Julie_628,2026-08-28,7,882.0000000000001,42.2,57.8,varian
Margaret Kimberly_629,2026-08-29,5,1025.9999999999998,46.6,53.400000000000006,varian
Dorothy Debbie_630,2026-08-30,1,1026.0,53.6,46.4,origin
Betty Lisa_631,2026-08-31,3,948.0,53.8,46.2,varian
Helen Rebecca_632,2026-09-01,3,972.0,55.7,44.3,origin
Martha Robin_633,2026-09-01,2,1026.0,40.1,59.9,origin
Virginia Rose_634,2026-09-02,2,930.0,47.0,53.0,varian
Irene Sherry_635,2026-09-03,4,996.0,36.1,63.9,varian
Elizabeth Judy_636,2026-09-04,7,912.0,52.7,47.3,varian
Emma Ruth_637,2026-09-05,1,900.0,26.5,73.5,origin
Marie Sheila_638,2026-09-06,4,1092.0,57.7,42.3,varian
Agnes Shirley_639,2026-09-07,1,870.0,31.0,69.0,origin
Annie Kim_640,2026-09-08,6,948.0,54.8,45.2,origin
Barbara Paula_641,2026-09-09,5,1056.0,45.1,54.9,origin
Frances Catherine_642,2026-09-09,2,870.0,41.0,59.0,varian
Gladys Cathy_643,2026-09-10,7,930.0,43.0,57.0,varian
Jean Elaine_644,2026-09-10,2,930.0,38.5,61.5,origin
Louise Laurie_645,2026-09-10,4,1044.0,58.4,41.6,origin
Ann Tina_646,2026-09-10,8,1062.0,46.7,53.3,varian
Anna Vicki_647,2026-09-11,4,912.0,36.2,63.8,origin
Evelyn Ellen_648,2026-09-11,3,1127.9999999999998,43.3,56.7,origin
Josephine Janice_649,2026-09-11,7,1068.0,50.3,49.7,varian
Katherine Julia_650,2026-09-11,2,876.0,41.1,58.9,varian
Kathryn Kathryn_651,2026-09-12,3,893.9999999999999,49.4,50.6,origin
Minnie Marie_652,2026-09-12,5,840.0,36.5,63.5,origin
Ruth Marilyn_653,2026-09-12,1,882.0,41.2,58.8,origin
Vera Roberta_654,2026-09-12,3,906.0,56.6,43.4,varian
Mary Connie_655,2026-09-13,5,1067.9999999999998,52.3,47.7,varian
Margaret Darlene_656,2026-09-13,3,888.0,37.8,62.2,varian
Helen Lucy_657,2026-09-13,8,882.0000000000001,38.7,61.3,varian
Ruth Michelle_658,2026-09-13,2,930.0,43.5,56.5,origin
Martha Alice_659,2026-09-14,4,864.0,50.4,49.6,origin
Elizabeth Ann_660,2026-09-14,2,846.0,35.6,64.4,varian
Virginia Arlene_661,2026-09-15,5,960.0,53.5,46.5,origin
Florence Bonnie_662,2026-09-16,3,858.0,33.8,66.2,origin
Agnes Christine_663,2026-09-16,4,930.0,53.5,46.5,varian
Dorothy Colleen_664,2026-09-16,7,1086.0,62.1,37.9,varian
Alice Loretta_665,2026-09-17,7,888.0,37.3,62.7,varian
Anna Martha_666,2026-09-17,2,852.0,40.7,59.3,varian
Edith Rhonda_667,2026-09-17,2,1092.0,51.2,48.8,origin
Annie Terri_668,2026-09-18,4,1032.0000000000002,40.2,59.8,varian
Betty Esther_669,2026-09-18,2,1116.0,46.6,53.4,origin
Elsie Evelyn_670,2026-09-18,3,1080.0,52.5,47.5,origin
Ethel Joan_671,2026-09-19,2,840.0,32.0,68.0,origin
Irene Joyce_672,2026-09-19,7,888.0,42.3,57.7,varian
Katie Lynn_673,2026-09-20,6,846.0000000000001,41.6,58.4,varian
Rose Marsha_674,2026-09-20,4,1074.0,38.9,61.1,origin
Frances Maureen_675,2026-09-21,6,1092.0,50.7,49.3,varian
Hazel Tammy_676,2026-09-22,5,1044.0000000000002,46.900000000000006,53.1,varian
Katherine Vickie_677,2026-09-23,4,1062.0000000000002,38.7,61.3,origin
Lorraine Wanda_678,2026-09-24,6,1098.0,50.8,49.2,varian
Patricia Bertha_679,2026-09-25,5,1116.0,44.6,55.4,varian
Mary Betty_680,2026-09-25,6,966.0,55.1,44.9,origin
Dorothy Beverly_681,2026-09-25,2,1056.0,40.6,59.4,origin
Alice Carolyn_682,2026-09-26,7,1122.0000000000002,52.7,47.3,varian
Margaret Diana_683,2026-09-27,4,966.0,37.1,62.9,origin
Annie Glenda_684,2026-09-28,3,888.0,31.3,68.7,varian
Helen Jacqueline_685,2026-09-29,2,1080.0,46.0,54.0,origin
Elizabeth Jane_686,2026-09-30,3,1032.0,51.7,48.3,origin
Virginia Jean_687,2026-10-01,3,1002.0,51.2,48.8,origin
Katherine Leslie_688,2026-10-02,5,972.0,45.7,54.3,varian
Mildred Marlene_689,2026-10-03,4,1074.0,53.9,46.1,origin
Anna Virginia_690,2026-10-04,7,1086.0,57.1,42.9,varian
Agnes Anita_691,2026-10-05,5,894.0,52.4,47.6,origin
Bessie Carrie_692,2026-10-06,6,1032.0000000000002,51.2,48.8,origin
Betty Doris_693,2026-10-07,5,899.9999999999999,44.5,55.5,varian
Elsie Helen_694,2026-10-08,6,1067.9999999999998,43.8,56.2,varian
Emma Jeanne_695,2026-10-09,4,900.0,46.0,54.0,origin
Esther Maria_696,2026-10-10,5,1110.0,51.0,49.0,origin
Jean Ramona_697,2026-10-11,5,1050.0,40.0,60.0,origin
Joan Sarah_698,2026-10-12,2,912.0,33.2,66.8,origin
Lillian Stephanie_699,2026-10-13,6,960.0,48.5,51.5,varian
Ruth Valerie_700,2026-10-14,5,1127.9999999999998,51.3,48.7,origin
Thelma Victoria_701,2026-10-15,7,954.0,49.9,50.1,varian
Mary Agnes_702,2026-10-16,5,972.0,47.2,52.8,varian
Helen Christina_703,2026-10-17,7,1134.0,46.4,53.6,varian
Alice Clara_704,2026-10-18,6,1085.9999999999998,62.1,37.900000000000006,origin
Anna Delores_705,2026-10-19,4,912.0,51.2,48.8,origin
Margaret Dorothy_706,2026-10-19,6,863.9999999999999,30.4,69.6,varian
Martha Eileen_707,2026-10-20,2,894.0,46.4,53.6,varian
Louise Flora_708,2026-10-20,4,852.0000000000001,45.2,54.8,origin
Katherine Gail_709,2026-10-20,7,954.0,38.4,61.6,varian
Annie Lori_710,2026-10-21,2,918.0,38.3,61.7,origin
Dorothy Lynda_711,2026-10-21,5,1134.0000000000002,61.400000000000006,38.6,origin
Elizabeth Melody_712,2026-10-21,1,1037.9999999999998,43.8,56.2,origin
Emma Patti_713,2026-10-22,2,1037.9999999999998,55.3,44.7,origin
Esther Pauline_714,2026-10-22,6,1092.0000000000002,57.2,42.8,origin
Marie Sally_715,2026-10-22,2,1007.9999999999998,49.8,50.2,origin
Ruth Sue_716,2026-10-23,7,912.0,47.7,52.3,varian
Betty Terry_717,2026-10-23,3,912.0,54.7,45.3,origin
Clara Yvonne_718,2026-10-23,5,870.0,57.0,43.0,origin
Evelyn Angela_719,2026-10-24,5,1055.9999999999998,45.1,54.900000000000006,origin
Frances Audrey_720,2026-10-24,6,1104.0,62.4,37.6,origin
Sarah Charlene_721,2026-10-24,5,990.0,41.0,59.0,varian
Mary Dianna_722,2026-10-25,7,977.9999999999998,50.3,49.7,varian
Elizabeth Florence_723,2026-10-25,5,942.0,33.2,66.8,origin
Anna Frances_724,2026-10-25,3,1020.0,50.0,50.0,varian
Dorothy Irene_725,2026-10-25,3,899.9999999999999,59.5,40.5,origin
Helen Joann_726,2026-10-26,7,1074.0,56.9,43.1,varian
Ruth Lorna_727,2026-10-26,3,1128.0,50.3,49.7,varian
Annie Marcella_728,2026-10-27,5,1050.0,50.0,50.0,origin
Margaret Nora_729,2026-10-27,7,1062.0000000000002,70.2,29.8,varian
Frances Norma_730,2026-10-28,8,930.0,54.5,45.5,varian
Marie Peggy_731,2026-10-28,8,1062.0,41.7,58.3,varian
Florence Rita_732,2026-10-28,2,1032.0,48.7,51.3,varian
Agnes Sheri_733,2026-10-29,2,1080.0,41.0,59.0,origin
Alice Cecelia_734,2026-10-29,5,1026.0,48.1,51.9,varian
Betty Elena_735,2026-10-29,4,1002.0,37.7,62.3,origin
Edna Emma_736,2026-10-30,6,996.0,50.6,49.4,origin
Elsie Eva_737,2026-10-30,1,846.0000000000001,35.6,64.4,origin
Ethel Georgia_738,2026-10-30,4,954.0,36.9,63.1,origin
Virginia Gloria_739,2026-10-31,3,1032.0000000000002,41.7,58.3,origin
Jean Ida_740,2026-10-31,7,1026.0,51.1,48.9,varian
Jessie Jeanette_741,2026-10-31,3,1014.0,41.4,58.6,origin
Julia Judith_742,2026-10-31,4,1092.0,61.2,38.8,varian
Nellie Laurel_743,2026-11-01,2,1092.0,56.2,43.8,origin
Olga Louise_744,2026-11-01,4,852.0000000000001,32.2,67.8,varian
Pauline Lydia_745,2026-11-01,4,864.0000000000001,40.400000000000006,59.6,origin
Sarah Marian_746,2026-11-02,4,936.0,38.6,61.4,varian
Mary Nellie_747,2026-11-02,3,1098.0,52.8,47.2,origin
Elizabeth Nina_748,2026-11-02,7,863.9999999999999,46.9,53.1,varian
Margaret Rachel_749,2026-11-03,6,984.0,53.9,46.1,varian
Betty Sherrie_750,2026-11-03,2,1140.0,47.0,53.0,origin
Anna Sheryl_751,2026-11-03,5,924.0,32.9,67.1,origin
Dorothy Suzanne_752,2026-11-04,2,906.0,41.6,58.400000000000006,varian
Marie Sylvia_753,2026-11-04,3,960.0,39.0,61.0,varian
Ruth Toni_754,2026-11-04,7,954.0,53.4,46.6,varian
Alice Alberta_755,2026-11-05,2,1014.0,34.9,65.1,origin
Patricia Amy_756,2026-11-05,7,1116.0,51.1,48.9,varian
Irene April_757,2026-11-05,2,942.0,52.2,47.8,varian
Mildred Bessie_758,2026-11-05,4,846.0,55.1,44.9,origin
Esther Beth_759,2026-11-06,1,863.9999999999999,35.9,64.1,origin
Ida Carla_760,2026-11-06,5,1134.0,54.9,45.1,varian
Olga Charlotte_761,2026-11-06,1,966.0,37.6,62.4,origin
Annie Dawn_762,2026-11-07,3,1056.0,70.6,29.40000000000001,varian
Clara Gina_763,2026-11-07,7,1122.0000000000002,52.7,47.3,varian
Marjorie Holly_764,2026-11-07,2,893.9999999999999,42.9,57.1,origin
Pauline Jackie_765,2026-11-08,5,1038.0,43.3,56.7,varian
Vera Jody_766,2026-11-08,6,984.0,45.4,54.6,origin
Mary Kelly_767,2026-11-08,3,912.0,46.7,53.3,varian
Margaret Leona_768,2026-11-08,3,936.0,32.1,67.9,varian
Agnes Lorraine_769,2026-11-09,8,930.0,39.5,60.5,varian
Betty Maggie_770,2026-11-09,3,1050.0,52.0,48.0,origin
Lillian Marjorie_771,2026-11-09,5,936.0,33.1,66.9,origin
Mildred Michele_772,2026-11-10,1,918.0,41.8,58.2,origin
Esther Penny_773,2026-11-10,4,1116.0,58.1,41.9,varian
Helen Priscilla_774,2026-11-10,1,1002.0,33.2,66.8,origin
Ruth Renee_775,2026-11-11,4,1037.9999999999998,46.8,53.2,varian
Anna Robyn_776,2026-11-11,7,894.0,37.4,62.6,varian
Dorothy Roxanne_777,2026-11-11,2,893.9999999999999,42.9,57.1,origin
Emma Stella_778,2026-11-12,2,882.0000000000001,37.7,62.3,origin
Evelyn Susie_779,2026-11-12,4,936.0,50.1,49.9,varian
Norma Tanya_780,2026-11-12,4,936.0,38.6,61.4,varian
Sarah Teri_781,2026-11-13,5,912.0,42.7,57.3,origin
Florence Thelma_782,2026-11-13,1,1074.0,59.4,40.6,origin
Louise Mary_783,2026-11-13,6,888.0,40.8,59.2,varian
Marie Susan_784,2026-11-13,6,1038.0,49.8,50.2,varian
Pauline Karen_785,2026-11-14,4,1062.0,43.7,56.3,origin
Alice Debra_786,2026-11-14,8,1050.0,66.5,33.5,varian
Annie Linda_787,2026-11-14,4,870.0,34.0,66.0,varian
Beatrice Donna_788,2026-11-15,6,960.0,45.0,55.0,origin
Elena Elizabeth_789,2026-11-15,4,1098.0,34.3,65.7,origin
Elsie Patricia_790,2026-11-15,8,900.0,44.0,56.0,varian
Irene Deborah_791,2026-11-16,2,1050.0,40.5,59.5,origin
Jean Cheryl_792,2026-11-16,7,960.0,45.0,55.0,varian
Katherine Barbara_793,2026-11-16,5,942.0,43.2,56.8,origin
Virginia Cynthia_794,2026-11-16,2,864.0,52.4,47.6,origin
Mary Sharon_795,2026-11-17,7,924.0,44.4,55.6,varian
Margaret Pamela_796,2026-11-17,4,978.0,49.3,50.7,varian
Alice Debbie_797,2026-11-17,1,984.0,27.9,72.1,origin
Anna Diane_798,2026-11-18,2,1067.9999999999998,40.8,59.2,origin
Lucy Kathleen_799,2026-11-18,4,1086.0,54.1,45.9,origin
Martha Sandra_800,2026-11-18,6,966.0,48.6,51.4,varian
Esther Kathy_801,2026-11-18,6,1020.0,53.0,47.0,varian
Helen Katherine_802,2026-11-19,3,1104.0,52.9,47.1,origin
Elizabeth Lori_803,2026-11-19,4,912.0,41.2,58.8,origin
Florence Brenda_804,2026-11-19,1,1134.0,45.4,54.6,origin
Gladys Theresa_805,2026-11-20,5,887.9999999999999,57.3,42.7,origin
Irene Carol_806,2026-11-20,7,1116.0,41.1,58.9,varian
Ruth Cindy_807,2026-11-20,6,977.9999999999998,60.3,39.7,origin
Grace Janet_808,2026-11-21,2,936.0,38.6,61.4,origin
Hazel Julie_809,2026-11-21,5,870.0,47.0,53.0,origin
Jessie Margaret_810,2026-11-21,8,1002.0,35.7,64.3,varian
Julia Martha_811,2026-11-22,7,1032.0,46.2,53.8,varian
Mildred Laura_812,2026-11-22,2,912.0,38.2,61.8,origin
Patricia Nancy_813,2026-11-22,3,1062.0,50.7,49.3,varian
Pauline Dorothy_814,2026-11-23,5,1038.0,53.3,46.7,varian
Clara Janice_815,2026-11-23,2,840.0,52.0,48.0,origin
Laura Judy_816,2026-11-23,6,1014.0,50.9,49.1,origin
Marian Teresa_817,2026-11-24,5,948.0,36.8,63.2,varian
Marie Tina_818,2026-11-24,1,960.0,47.5,52.5,origin
Sophie Kathryn_819,2026-11-24,3,1104.0,52.9,47.1,origin
Mary Kim_820,2026-11-25,5,972.0000000000002,43.7,56.3,origin
Dorothy Diana_821,2026-11-25,7,1038.0,64.8,35.2,varian
Helen Lisa_822,2026-11-25,2,1020.0,55.0,45.0,origin
Alice Kimberly_823,2026-11-26,4,1008.0,47.8,52.2,origin
Betty Rebecca_824,2026-11-26,5,996.0,39.1,60.900000000000006,origin
Elizabeth Shirley_825,2026-11-26,2,1055.9999999999998,39.1,60.900000000000006,varian
Florence Ellen_826,2026-11-26,6,936.0,44.6,55.4,origin
Barbara Helen_827,2026-11-27,7,1134.0000000000002,52.900000000000006,47.1,varian
Anna Julia_828,2026-11-27,3,1026.0,35.1,64.9,varian
Annie Ruth_829,2026-11-27,4,1025.9999999999998,50.1,49.900000000000006,varian
Margaret Betty_830,2026-11-28,4,966.0,54.1,45.900000000000006,varian
Ruth Lucy_831,2026-11-28,4,894.0,30.9,69.1,origin
Agnes Peggy_832,2026-11-28,2,978.0,37.8,62.2,varian
Elsie Vicki_833,2026-11-29,8,966.0,55.1,44.9,varian
Emma Anita_834,2026-11-29,1,1074.0,34.4,65.6,origin
June Christine_835,2026-11-29,4,1092.0000000000002,44.2,55.8,origin
Katherine Joanne_836,2026-11-29,3,984.0,45.9,54.1,origin
Lena Laurie_837,2026-11-30,6,1098.0,62.3,37.7,origin
Esther Pauline_838,2026-11-30,5,852.0000000000001,38.7,61.3,varian
Evelyn Valerie_839,2026-11-30,5,1086.0,60.6,39.4,origin
Irene Beverly_840,2026-12-01,3,1050.0,42.0,58.0,origin
Laura Carolyn_841,2026-12-01,5,1104.0,52.9,47.1,varian
Lillian Denise_842,2026-12-01,5,858.0,31.8,68.2,origin
Louise Sally_843,2026-12-01,1,1116.0,30.1,69.9,origin
Olga Sherry_844,2026-12-02,5,1014.0,59.4,40.6,origin
Sophie Alice_845,2026-12-02,3,1110.0,45.0,55.0,varian
Mary Ann_846,2026-12-02,7,1067.9999999999998,40.3,59.7,varian
Margaret Kelly_847,2026-12-03,5,936.0,55.1,44.9,varian
Annie Robin_848,2026-12-03,3,1037.9999999999998,51.8,48.2,origin
Dorothy Rose_849,2026-12-03,6,876.0,55.6,44.4,varian
Alice Terri_850,2026-12-04,1,1085.9999999999998,49.6,50.400000000000006,origin
Anna Angela_851,2026-12-04,8,1014.0,45.9,54.1,varian
Helen Darlene_852,2026-12-04,2,930.0,37.0,63.0,varian
Elizabeth Esther_853,2026-12-05,5,1020.0,56.5,43.5,varian
Irene Glenda_854,2026-12-05,4,858.0,33.8,66.2,varian
Marie Gloria_855,2026-12-05,3,1080.0,41.0,59.0,varian
Betty Rhonda_856,2026-12-05,5,960.0,47.0,53.0,varian
Emma Tammy_857,2026-12-06,8,972.0,55.2,44.8,varian
Elsie Charlotte_858,2026-12-06,8,906.0,54.1,45.9,varian
Shirley Elaine_859,2026-12-06,3,972.0,40.7,59.3,origin
Sophie Jean_860,2026-12-07,6,1062.0,51.7,48.3,origin
Agnes Jennifer_861,2026-12-07,5,1056.0,45.1,54.9,origin
Barbara Jo_862,2026-12-07,4,966.0,34.099999999999994,65.9,varian
Clara Michelle_863,2026-12-08,1,1110.0,45.0,55.0,origin
Edna Phyllis_864,2026-12-08,3,1080.0,37.5,62.5,origin
Florence Roberta_865,2026-12-08,4,870.0,29.0,71.0,varian
Frances Terry_866,2026-12-08,2,966.0,39.1,60.900000000000006,origin
Julia Victoria_867,2026-12-09,6,1068.0,56.8,43.2,origin
Katherine Anna_868,2026-12-09,2,1116.0,56.6,43.4,origin
Lillian Catherine_869,2026-12-09,3,1074.0,47.4,52.6,origin
Mabel Doris_870,2026-12-09,5,942.0,40.2,59.8,varian
Martha Evelyn_871,2026-12-10,6,1092.0,47.2,52.8,origin
Ruth Joyce_872,2026-12-10,4,858.0,38.8,61.2,varian
Mary Judith_873,2026-12-10,4,875.9999999999999,55.6,44.400000000000006,origin
Margaret Maria_874,2026-12-11,5,1098.0,75.8,24.200000000000003,origin
Betty Melanie_875,2026-12-11,3,1068.0,45.8,54.2,varian
Dorothy Paula_876,2026-12-11,2,845.9999999999999,35.599999999999994,64.4,varian
Agnes Shelley_877,2026-12-12,3,906.0,44.6,55.400000000000006,origin
Eva Veronica_878,2026-12-12,4,966.0,34.1,65.9,varian
Julia Agnes_879,2026-12-12,2,1014.0,48.4,51.6,varian
Elizabeth Cathy_880,2026-12-13,6,1080.0,54.0,46.0,varian
Helen Clara_881,2026-12-13,2,912.0,41.7,58.3,varian
Martha Connie_882,2026-12-13,3,1038.0,43.8,56.2,varian
Alice Dawn_883,2026-12-13,4,1068.0,43.8,56.2,origin
Esther Jane_884,2026-12-14,1,882.0000000000001,61.2,38.8,origin
Frances June_885,2026-12-14,4,858.0,45.3,54.7,origin
Irene Leslie_886,2026-12-14,5,1104.0,49.4,50.6,varian
Mabel Nora_887,2026-12-15,1,1098.0,49.8,50.2,origin
Nancy Sheila_888,2026-12-15,1,857.9999999999999,35.8,64.2,origin
Pauline Susie_889,2026-12-15,7,930.0,48.0,52.0,varian
Bertha Virginia_890,2026-12-16,1,1122.0,50.2,49.8,origin
Evelyn Anne_891,2026-12-16,4,1026.0,41.6,58.4,varian
Florence Beth_892,2026-12-16,6,984.0,50.4,49.6,origin
Josephine Carla_893,2026-12-17,1,893.9999999999999,41.4,58.6,origin
Ruth Darla_894,2026-12-17,6,924.0,44.4,55.6,origin
Virginia Debora_895,2026-12-17,7,1128.0,41.3,58.7,varian
Mary Emma_896,2026-12-18,1,858.0,45.8,54.2,origin
Alice Florence_897,2026-12-18,7,1098.0,45.8,54.2,varian
Helen Jacqueline_898,2026-12-18,2,1037.9999999999998,40.3,59.7,origin
Anna Lillian_899,2026-12-19,5,990.0,39.0,61.0,origin
Marie Lois_900,2026-12-19,5,1014.0,31.4,68.6,varian
Doris Lydia_901,2026-12-19,5,894.0000000000001,32.400000000000006,67.6,origin
Elizabeth Marie_902,2026-12-20,6,984.0,50.400000000000006,49.6,origin
Martha Marlene_903,2026-12-20,2,1007.9999999999998,44.8,55.2,origin
Esther Michele_904,2026-12-20,4,1074.0,53.9,46.1,origin
Agnes Pam_905,2026-12-21,3,918.0,39.8,60.2,origin
Barbara Renee_906,2026-12-21,3,984.0,50.9,49.1,origin
Betty Rhoda_907,2026-12-21,7,924.0,49.4,50.6,varian
Dolly Sarah_908,2026-12-22,6,936.0,48.1,51.9,varian
Evelyn Shawn_909,2026-12-22,5,1140.0,43.5,56.5,varian
Jean Wanda_910,2026-12-22,6,912.0,49.2,50.8,origin
Katherine Yvonne_911,2026-12-23,2,882.0,36.2,63.8,varian
Margaret Andrea_912,2026-12-23,5,1068.0,50.3,49.7,origin
Nancy Annie_913,2026-12-23,5,1140.0,60.0,40.0,varian
Pauline Becky_914,2026-12-23,6,972.0,50.2,49.8,origin
Virginia Bonnie_915,2026-12-24,5,876.0,59.1,40.9,varian
Carrie Colleen_916,2026-12-24,3,1122.0000000000002,55.2,44.8,varian
Clara Eileen_917,2026-12-24,5,1092.0,57.7,42.3,varian
Dorothy Gail_918,2026-12-25,2,870.0,32.5,67.5,origin
Florence Geraldine_919,2026-12-25,5,1116.0,51.1,48.9,origin
Jane Grace_920,2026-12-25,5,1134.0,54.9,45.1,varian
Joan Heather_921,2026-12-26,6,870.0,38.5,61.5,origin
Lillian Jeanette_922,2026-12-26,2,1026.0,48.6,51.4,varian
Patricia Joann_923,2026-12-26,6,930.0,41.5,58.5,varian
Sophie Loretta_924,2026-12-27,3,948.0,40.3,59.7,origin
Mary Lorraine_925,2026-12-27,5,1026.0,39.6,60.4,origin
Alice Marilyn_926,2026-12-27,5,858.0,41.8,58.2,origin
Annie Melody_927,2026-12-28,4,846.0000000000001,32.1,67.9,varian
Ruth Shannon_928,2026-12-28,5,1098.0,55.8,44.2,origin
Dorothy Stella_929,2026-12-28,2,954.0,33.9,66.1,origin
Elizabeth Stephanie_930,2026-12-28,5,1032.0,39.7,60.3,origin
Agnes Sue_931,2026-12-29,3,1026.0,43.6,56.4,varian
Helen Vicky_932,2026-12-29,6,960.0,42.0,58.0,varian
Betty Annette_933,2026-12-29,5,1080.0,37.5,62.5,varian
Christine Audrey_934,2026-12-30,8,1038.0,51.3,48.7,varian
Evelyn Carrie_935,2026-12-30,3,1044.0,51.9,48.1,origin
Grace Cecilia_936,2026-12-30,3,1098.0,34.8,65.2,varian
Margaret Charlene_937,2026-12-30,1,1140.0,45.5,54.5,origin
Anna Delores_938,2026-12-31,1,852.0,45.7,54.3,origin
Clara Dianne_939,2026-12-31,1,875.9999999999999,36.1,63.900000000000006,origin
Irene Dora_940,2026-12-31,6,1044.0,56.4,43.6,origin
Lena Eva_941,2026-12-31,3,852.0000000000001,43.7,56.3,origin
Martha Flora_942,2026-12-31,5,1002.0,41.2,58.8,varian
Mary Frances_943,2026-12-31,1,1014.0,58.4,41.6,origin
Margaret Gayle_944,2026-12-31,7,870.0,48.5,51.5,varian
Alice Holly_945,2026-12-31,2,1038.0,40.3,59.7,origin
Martha Jenny_946,2026-12-31,3,954.0,42.400000000000006,57.6,varian
Anna Josephine_947,2026-12-31,4,1020.0,46.5,53.5,varian
Clara Leona_948,2026-12-31,6,1032.0000000000002,61.2,38.8,origin
Elizabeth Lou_949,2026-12-31,5,978.0,53.8,46.2,origin
Louise Mildred_950,2026-12-31,5,852.0,46.7,53.3,origin
Annie Molly_951,2026-12-31,5,996.0,56.1,43.9,varian
Dorothy Priscilla_952,2026-12-31,6,1104.0,57.4,42.6,origin
Frances Rita_953,2026-12-31,3,846.0000000000001,42.1,57.9,varian
Nancy Sherri_954,2026-12-31,3,924.0,46.9,53.1,varian
Ruth Sheryl_955,2026-12-31,5,846.0,41.6,58.4,origin
Carrie Suzanne_956,2026-12-31,3,1104.0,41.4,58.6,varian
Eleanor Sylvia_957,2026-12-31,5,1020.0,44.5,55.5,origin
Helen Tamara_958,2026-12-31,6,906.0,42.6,57.4,varian
Marjorie Tami_959,2026-12-31,3,1092.0000000000002,47.7,52.3,origin
Cecelia Mary_960,2026-12-31,1,1127.9999999999998,45.3,54.7,origin
Katherine Karen_961,2026-12-31,3,942.0,45.2,54.8,origin
Marie Debra_962,2026-12-31,6,924.0,39.4,60.6,origin
Virginia Linda_963,2026-12-31,2,972.0,39.2,60.8,origin
Elena Donna_964,2026-12-31,7,924.0,49.4,50.6,varian
Esther Patricia_965,2026-12-31,4,1080.0,44.0,56.0,origin
Ethel Susan_966,2026-12-31,6,1038.0,56.3,43.7,origin
Evelyn Pamela_967,2026-12-31,3,1086.0,49.6,50.4,varian
Jean Lisa_968,2026-12-31,2,972.0,37.7,62.3,varian
Laura Sharon_969,2026-12-31,4,990.0,32.5,67.5,origin
Shirley Cynthia_970,2026-12-31,4,972.0,37.2,62.8,origin
Mary Nancy_971,2026-12-31,6,846.0000000000001,53.1,46.9,origin
Martha Cheryl_972,2026-12-31,1,1116.0,35.1,64.9,origin
Agnes Kathy_973,2026-12-31,2,1080.0,54.5,45.5,varian
Margaret Barbara_974,2026-12-31,5,888.0,44.3,55.7,varian
Betty Deborah_975,2026-12-31,3,888.0,49.3,50.7,origin
Elizabeth Kathleen_976,2026-12-31,7,966.0,40.1,59.9,varian
Marie Margaret_977,2026-12-31,4,1032.0,38.2,61.8,origin
Alice Elizabeth_978,2026-12-31,4,1002.0000000000002,39.7,60.3,varian
Helen Julie_979,2026-12-31,1,1044.0,43.9,56.1,origin
Louise Teresa_980,2026-12-31,8,978.0,55.3,44.7,varian
Lucy Laura_981,2026-12-31,7,972.0,70.2,29.8,varian
Patricia Sandra_982,2026-12-31,1,936.0,32.1,67.9,origin
Shirley Carol_983,2026-12-31,4,966.0,45.6,54.4,varian
Irene Cindy_984,2026-12-31,3,954.0,50.4,49.6,origin
Lillian Kimberly_985,2026-12-31,1,869.9999999999999,46.0,54.0,origin
Barbara Theresa_986,2026-12-31,3,996.0,61.1,38.9,origin
Dorothy Lori_987,2026-12-31,2,1044.0,45.4,54.6,origin
Evelyn Diane_988,2026-12-31,6,1014.0,55.9,44.1,origin
Frances Michelle_989,2026-12-31,3,1008.0,38.3,61.7,varian
Ruth Debbie_990,2026-12-31,4,1097.9999999999998,61.3,38.7,varian
Thelma Helen_991,2026-12-31,3,936.0,42.1,57.9,varian
Ann Connie_992,2026-12-31,6,912.0,37.7,62.3,varian
Anna Diana_993,2026-12-31,7,918.0,44.3,55.7,varian
Bertha Tina_994,2026-12-31,5,948.0,58.3,41.7,origin
Clara Virginia_995,2026-12-31,4,900.0,41.0,59.0,origin
Joan Brenda_996,2026-12-31,6,1044.0,41.4,58.6,origin
Lena Janice_997,2026-12-31,5,1008.0,49.3,50.7,origin
Lois Rebecca_998,2026-12-31,3,1020.0,33.5,66.5,varian
Mildred Tammy_999,2026-12-31,7,1092.0,55.7,44.3,varian
Pauline Dorothy_1000,2026-12-31,3,990.0,41.0,59.0,origin
Rose Judy_1001,2026-12-31,6,1128.0,46.3,53.7,varian
Sally Kelly_1002,2026-12-31,5,924.0,41.4,58.6,varian
Virginia Kim_1003,2026-12-31,3,1002.0,36.2,63.8,origin
Mary Denise_1004,2026-12-31,3,882.0000000000001,49.2,50.8,origin
Helen Catherine_1005,2026-12-31,5,1014.0,51.4,48.6,varian
Elizabeth Darlene_1006,2026-12-31,4,846.0,55.1,44.9,origin
Irene Laurie_1007,2026-12-31,8,882.0000000000001,43.7,56.3,varian
Betty Leslie_1008,2026-12-31,4,996.0,49.6,50.4,varian
Margaret Valerie_1009,2026-12-31,2,857.9999999999999,37.3,62.7,origin
Martha Ruth_1010,2026-12-31,6,1002.0,52.7,47.3,varian
Pauline Shirley_1011,2026-12-31,1,1110.0,40.0,60.0,origin
Josephine Vicki_1012,2026-12-31,2,906.0,48.1,51.9,origin
Marie Dawn_1013,2026-12-31,6,1014.0,37.9,62.1,varian
Agnes Ellen_1014,2026-12-31,2,996.0,38.1,61.9,varian
Janet Janet_1015,2026-12-31,3,1038.0,35.3,64.7,varian
Joan Robin_1016,2026-12-31,6,1097.9999999999998,62.3,37.7,origin
Louise Arlene_1017,2026-12-31,2,1020.0,45.0,55.0,origin
Lucy Marie_1018,2026-12-31,6,1008.0,59.3,40.7,varian
Alice Renee_1019,2026-12-31,6,1116.0,57.6,42.4,origin
Lillian Angela_1020,2026-12-31,7,894.0,53.9,46.1,varian
Mildred Anna_1021,2026-12-31,3,852.0000000000001,43.7,56.3,origin
Bertha Carolyn_1022,2026-12-31,7,1055.9999999999998,46.6,53.400000000000006,varian
Edith Evelyn_1023,2026-12-31,6,1092.0000000000002,49.2,50.8,varian
Esther Katherine_1024,2026-12-31,5,978.0,55.8,44.2,varian
Evelyn Kathryn_1025,2026-12-31,2,954.0,33.9,66.1,origin
Florence Rose_1026,2026-12-31,3,1008.0,48.3,51.7,varian
Maria Sarah_1027,2026-12-31,5,966.0,50.6,49.4,varian
Ruth Terry_1028,2026-12-31,2,1062.0,40.7,59.3,origin
Mary Christine_1029,2026-12-31,1,1008.0,38.3,61.7,origin
Elizabeth Joyce_1030,2026-12-31,3,882.0,47.7,52.3,varian
Margaret Julia_1031,2026-12-31,4,1110.0,49.5,50.5,origin
Anna Rita_1032,2026-12-31,1,852.0,40.7,59.3,origin
Shirley Sally_1033,2026-12-31,4,852.0,30.2,69.8,origin
Alice Sherry_1034,2026-12-31,5,918.0,41.3,58.7,varian
Barbara Ann_1035,2026-12-31,5,1032.0,46.7,53.3,varian
Betty Bonnie_1036,2026-12-31,2,846.0,45.6,54.4,varian
Helen Cathy_1037,2026-12-31,3,846.0,43.6,56.4,origin
Irene Jean_1038,2026-12-31,4,936.0,33.6,66.4,varian
Nancy Joanne_1039,2026-12-31,7,1074.0,51.9,48.1,varian
Martha Judith_1040,2026-12-31,4,1116.0,54.6,45.4,origin
Virginia Martha_1041,2026-12-31,1,978.0,52.8,47.2,origin
Dorothy Norma_1042,2026-12-31,5,930.0,45.0,55.0,varian
Lillian Penny_1043,2026-12-31,4,846.0000000000001,47.1,52.9,varian
Patricia Terri_1044,2026-12-31,3,1062.0,45.7,54.3,varian
Agnes Paula_1045,2026-12-31,4,888.0,57.8,42.2,varian
Arlene Ramona_1046,2026-12-31,2,1140.0,47.0,53.0,origin
Carol Wanda_1047,2026-12-31,7,912.0,54.2,45.8,varian
Charlotte Annette_1048,2026-12-31,1,930.0,32.0,68.0,origin
Edith Bernice_1049,2026-12-31,2,960.0,47.5,52.5,varian
Evelyn Betty_1050,2026-12-31,3,996.0,44.6,55.4,varian
Flora Jennifer_1051,2026-12-31,6,972.0,53.7,46.3,varian
Marie Lillian_1052,2026-12-31,4,1044.0,41.9,58.1,varian
Rose Lorraine_1053,2026-12-31,2,1062.0000000000002,45.7,54.3,origin
Ruth Maria_1054,2026-12-31,4,900.0,33.0,67.0,varian
Sally Marilyn_1055,2026-12-31,5,887.9999999999999,45.8,54.2,varian
Wilma Patti_1056,2026-12-31,6,948.0,56.8,43.2,varian
Mary Rhonda_1057,2026-12-31,5,978.0,53.8,46.2,origin
Elizabeth Alice_1058,2026-12-31,2,1098.0,51.3,48.7,origin
Anna Audrey_1059,2026-12-31,4,1110.0,49.5,50.5,origin
Dorothy Becky_1060,2026-12-31,2,1104.0,36.4,63.6,origin
Patricia Beverly_1061,2026-12-31,2,1062.0,39.2,60.8,varian
Agnes Colleen_1062,2026-12-31,5,1104.0,45.9,54.1,origin
Alice Elaine_1063,2026-12-31,4,1038.0,38.3,61.7,origin
Margaret Grace_1064,2026-12-31,5,930.0,41.5,58.5,varian
Nancy Irene_1065,2026-12-31,5,846.0,40.1,59.9,varian
Shirley Jane_1066,2026-12-31,3,942.0,43.7,56.3,varian
Virginia Joan_1067,2026-12-31,7,1128.0,47.8,52.2,varian
Carol Regina_1068,2026-12-31,6,1014.0,44.4,55.6,varian
Evelyn Tamara_1069,2026-12-31,5,1044.0,41.9,58.1,varian
Joan Victoria_1070,2026-12-31,3,942.0,38.7,61.3,varian
Katherine Carrie_1071,2026-12-31,8,1104.0,62.4,37.6,varian
Marjorie Christina_1072,2026-12-31,3,1008.0,46.3,53.7,origin
Nellie Emily_1073,2026-12-31,1,894.0000000000001,41.400000000000006,58.6,origin
Helen Emma_1074,2026-12-31,8,972.0,45.2,54.8,varian
Jacqueline Geraldine_1075,2026-12-31,5,894.0,62.4,37.6,origin
Julia Heidi_1076,2026-12-31,4,912.0,58.2,41.8,varian
Lucy Holly_1077,2026-12-31,7,1086.0,47.1,52.9,varian
Martha Jeanne_1078,2026-12-31,2,966.0,34.1,65.9,origin
Nora Josephine_1079,2026-12-31,3,960.0,44.0,56.0,varian
Ruth Marcia_1080,2026-12-31,3,1080.0,44.5,55.5,varian
Theresa Marlene_1081,2026-12-31,6,936.0,53.1,46.9,varian
Amelia Pauline_1082,2026-12-31,3,894.0,51.4,48.6,varian
Christine Peggy_1083,2026-12-31,8,930.0,49.5,50.5,varian
Dolores Sheryl_1084,2026-12-31,1,852.0,40.7,59.3,origin
Elsie Tracy_1085,2026-12-31,5,924.0,52.9,47.1,origin
Esther Veronica_1086,2026-12-31,5,1098.0,45.8,54.2,origin
Geraldine Vivian_1087,2026-12-31,3,1098.0,44.8,55.2,varian
Lydia Amy_1088,2026-12-31,5,912.0,42.7,57.3,origin
Marie Charlene_1089,2026-12-31,8,846.0000000000001,58.1,41.9,varian
Mary Doris_1090,2026-12-31,6,864.0,51.9,48.1,varian
Margaret Eileen_1091,2026-12-31,1,942.0,37.2,62.8,origin
Carol Esther_1092,2026-12-31,7,1086.0,45.6,54.4,varian
Barbara Flora_1093,2026-12-31,6,1110.0,52.5,47.5,origin
Virginia Gail_1094,2026-12-31,4,1080.0,41.0,59.0,varian
Betty Gina_1095,2026-12-31,2,894.0,41.4,58.6,varian
Anna Jackie_1096,2026-12-31,1,954.0,37.400000000000006,62.6,origin
Donna Jacqueline_1097,2026-12-31,3,870.0,51.0,49.0,varian
Pauline Loretta_1098,2026-12-31,4,846.0,32.1,67.9,varian
Shirley Marjorie_1099,2026-12-31,2,1110.0,51.5,48.5,origin
Annie Melody_1100,2026-12-31,8,1007.9999999999998,40.8,59.2,varian
Edith Natalie_1101,2026-12-31,3,858.0,50.8,49.2,varian
Irene Roberta_1102,2026-12-31,7,1062.0,66.7,33.3,varian
Lucy Shannon_1103,2026-12-31,7,1062.0,45.2,54.8,varian
Marie Shelly_1104,2026-12-31,5,893.9999999999999,39.4,60.6,varian
Martha Suzanne_1105,2026-12-31,5,960.0,50.5,49.5,varian
Patricia Toni_1106,2026-12-31,3,1062.0,47.2,52.8,origin
Sophie Agnes_1107,2026-12-31,5,990.0,49.0,51.0,origin
Elizabeth Anita_1108,2026-12-31,3,1026.0,53.6,46.4,varian
Gladys Anne_1109,2026-12-31,2,954.0,43.9,56.1,origin
Lois April_1110,2026-12-31,5,1104.0000000000002,44.400000000000006,55.6,varian
Nancy Bertha_1111,2026-12-31,3,888.0,37.8,62.2,varian
Agnes Candy_1112,2026-12-31,3,948.0,40.3,59.7,origin
Ann Carla_1113,2026-12-31,1,840.0,35.5,64.5,origin
Christine Chris_1114,2026-12-31,3,876.0000000000001,29.1,70.9,origin
Doris Crystal_1115,2026-12-31,2,1014.0,38.4,61.6,varian
Florence Dana_1116,2026-12-31,7,1044.0,39.9,60.1,varian
Grace Debora_1117,2026-12-31,1,882.0,51.2,48.8,origin
Helen Elena_1118,2026-12-31,7,1134.0,62.9,37.1,varian
Joan Eva_1119,2026-12-31,2,1140.0,47.0,53.0,origin
June Florence_1120,2026-12-31,6,893.9999999999999,42.4,57.6,varian
Sally Joni_1121,2026-12-31,2,954.0,48.9,51.1,origin
Sylvia Kelli_1122,2026-12-31,4,1008.0,42.8,57.2,origin
Mary Kristen_1123,2026-12-31,1,1032.0,38.7,61.3,origin
Alice Laurel_1124,2026-12-31,7,900.0,52.5,47.5,varian
Carol Margie_1125,2026-12-31,1,990.0,33.0,67.0,origin
Marie Minnie_1126,2026-12-31,6,852.0000000000001,40.2,59.8,varian
Patricia Nina_1127,2026-12-31,6,1104.0,54.4,45.6,varian
Betty Patty_1128,2026-12-31,2,1074.0,50.9,49.1,origin
Barbara Rachel_1129,2026-12-31,8,924.0,39.4,60.6,varian
Shirley Shawn_1130,2026-12-31,5,1056.0,37.1,62.9,varian
Annie Sheila_1131,2026-12-31,4,1086.0,64.1,35.900000000000006,origin
Evelyn Shelley_1132,2026-12-31,2,954.0,43.900000000000006,56.1,origin
Nancy Sheri_1133,2026-12-31,8,1068.0,46.8,53.2,varian
Ruth Sherrie_1134,2026-12-31,3,1068.0,39.3,60.7,varian
Virginia Stephanie_1135,2026-12-31,2,1134.0,50.4,49.6,varian
Beverly Teri_1136,2026-12-31,6,936.0,44.6,55.4,origin
Florence Wendy_1137,2026-12-31,5,900.0,47.5,52.5,origin
Katherine Yvonne_1138,2026-12-31,4,912.0,46.2,53.8,origin
Marjorie Mary_1139,2026-12-31,3,1020.0,36.5,63.5,origin
Rose Linda_1140,2026-12-31,5,858.0,40.3,59.7,varian
Agnes Karen_1141,2026-12-31,5,900.0000000000001,49.5,50.5,varian
Dorothy Debra_1142,2026-12-31,8,978.0,50.3,49.7,varian
Elizabeth Susan_1143,2026-12-31,6,852.0,53.2,46.8,origin
Gertrude Elizabeth_1144,2026-12-31,4,1134.0000000000002,49.900000000000006,50.1,origin
Helen Sandra_1145,2026-12-31,4,1116.0,44.6,55.4,origin
Jean Patricia_1146,2026-12-31,2,948.0,38.8,61.2,origin
Lillian Donna_1147,2026-12-31,3,1092.0,59.7,40.3,varian
Louise Cindy_1148,2026-12-31,1,899.9999999999999,36.5,63.5,origin
Margaret Cheryl_1149,2026-12-31,5,1002.0,44.2,55.8,origin
Bernice Teresa_1150,2026-12-31,2,1014.0,53.4,46.6,varian
Grace Cynthia_1151,2026-12-31,5,1110.0,51.0,49.0,origin
Josephine Nancy_1152,2026-12-31,7,906.0,49.1,50.9,varian
Joyce Laura_1153,2026-12-31,4,924.0,61.4,38.6,origin
Rosemary Deborah_1154,2026-12-31,2,930.0,48.5,51.5,origin
Sandra Lisa_1155,2026-12-31,8,894.0,43.9,56.1,varian
Sylvia Barbara_1156,2026-12-31,4,888.0,49.3,50.7,varian
Mary Kelly_1157,2026-12-31,3,888.0,44.3,55.7,origin
Elizabeth Theresa_1158,2026-12-31,8,1068.0,46.8,53.2,varian
Martha Brenda_1159,2026-12-31,4,1110.0,46.5,53.5,varian
Alice Sharon_1160,2026-12-31,4,1050.0,50.5,49.5,varian
Carol Julie_1161,2026-12-31,3,972.0,42.7,57.3,varian
Helen Lori_1162,2026-12-31,4,1068.0,38.8,61.2,origin
Jean Carol_1163,2026-12-31,5,930.0,48.0,52.0,origin
Ruth Margaret_1164,2026-12-31,5,1080.0,44.0,56.0,varian
Virginia Debbie_1165,2026-12-31,3,1080.0,46.0,54.0,varian
Patricia Kathleen_1166,2026-12-31,4,1104.0,52.9,47.1,varian
Barbara Rebecca_1167,2026-12-31,8,1080.0,62.0,38.0,varian
Karen Janet_1168,2026-12-31,5,1062.0,43.7,56.3,varian
Margaret Diane_1169,2026-12-31,1,1062.0,44.2,55.8,origin
Phyllis Kimberly_1170,2026-12-31,3,1092.0,56.2,43.8,varian
Anna Pamela_1171,2026-12-31,2,978.0,32.8,67.2,varian
Dorothy Dorothy_1172,2026-12-31,3,1002.0,49.7,50.3,varian
Frances Kathy_1173,2026-12-31,7,906.0,44.1,55.9,varian
Josephine Alice_1174,2026-12-31,2,966.0,39.1,60.900000000000006,origin
Sally Robin_1175,2026-12-31,5,1086.0,47.6,52.4,varian
Elsie Katherine_1176,2026-12-31,6,1092.0000000000002,62.2,37.8,origin
Emily Leslie_1177,2026-12-31,4,1062.0,43.7,56.3,origin
Lorraine Connie_1178,2026-12-31,2,1122.0,51.7,48.3,origin
Marilyn Kim_1179,2026-12-31,5,984.0,53.9,46.1,origin
Natalia Janice_1180,2026-12-31,7,960.0,38.5,61.5,varian
Sarah Laurie_1181,2026-12-31,3,1134.0,60.4,39.6,varian
Bertha Rhonda_1182,2026-12-31,7,930.0,43.0,57.0,varian
Betty Ruth_1183,2026-12-31,4,930.0,43.5,56.5,varian
Grace Terri_1184,2026-12-31,2,930.0,33.5,66.5,origin
Irene Cathy_1185,2026-12-31,6,1110.0,52.5,47.5,origin
Janet Tammy_1186,2026-12-31,3,990.0,44.5,55.5,varian
Judith Wendy_1187,2026-12-31,4,906.0,48.1,51.9,varian
Marjorie Catherine_1188,2026-12-31,2,900.0,33.0,67.0,origin
Nancy Darlene_1189,2026-12-31,3,1110.0,53.0,47.0,origin
Pauline Diana_1190,2026-12-31,2,972.0,44.2,55.8,origin
Mary Rose_1191,2026-12-31,1,948.0,37.3,62.7,origin
Barbara Vicki_1192,2026-12-31,4,1092.0,41.2,58.8,varian
Patricia Bonnie_1193,2026-12-31,2,1002.0,29.7,70.3,origin
Alice Carolyn_1194,2026-12-31,2,888.0,37.8,62.2,origin
Annie Denise_1195,2026-12-31,3,1092.0,59.7,40.3,varian
Helen Marie_1196,2026-12-31,4,1050.0,42.0,58.0,varian
Margaret Terry_1197,2026-12-31,7,1122.0000000000002,61.2,38.8,varian
Dorothy Anna_1198,2026-12-31,5,888.0,34.3,65.7,varian
Marie Michelle_1199,2026-12-31,1,912.0,41.7,58.3,origin
Sharon Roberta_1200,2026-12-31,3,852.0000000000001,38.7,61.3,origin
Agnes Sarah_1201,2026-12-31,6,852.0000000000001,58.2,41.8,origin
Betty Sheryl_1202,2026-12-31,3,906.0,41.6,58.400000000000006,varian
Carol Shirley_1203,2026-12-31,5,1025.9999999999998,56.6,43.400000000000006,varian
Clara Anita_1204,2026-12-31,7,1032.0,61.2,38.8,varian
Julia Ann_1205,2026-12-31,4,1056.0,53.6,46.4,origin
Sally Judith_1206,2026-12-31,5,954.0,53.4,46.6,origin
Anna Pauline_1207,2026-12-31,4,1116.0,49.6,50.4,origin
Carolyn Angela_1208,2026-12-31,5,1128.0,48.3,51.7,varian
Elizabeth Carrie_1209,2026-12-31,7,1068.0,56.8,43.2,varian
Irene Joyce_1210,2026-12-31,5,1068.0,60.3,39.7,origin
Judith Martha_1211,2026-12-31,5,1014.0,56.400000000000006,43.6,varian
Lucy Pam_1212,2026-12-31,8,1128.0,57.8,42.2,varian
Martha Paula_1213,2026-12-31,6,978.0,38.8,61.2,varian
Susan Peggy_1214,2026-12-31,5,1068.0,53.8,46.2,varian
Donna Beverly_1215,2026-12-31,8,1032.0,56.2,43.8,varian
Evelyn Ellen_1216,2026-12-31,1,858.0000000000001,50.8,49.2,origin
Florence Gail_1217,2026-12-31,3,918.0,39.8,60.2,origin
Frances Helen_1218,2026-12-31,4,1002.0,39.7,60.3,varian
Judy Jacqueline_1219,2026-12-31,4,1056.0,58.6,41.4,origin
Karen Jean_1220,2026-12-31,4,840.0,35.0,65.0,origin
Nancy Jennifer_1221,2026-12-31,6,1008.0,45.8,54.2,origin
Rose Joanne_1222,2026-12-31,4,1122.0,66.7,33.3,varian
Virginia Marilyn_1223,2026-12-31,2,984.0,39.4,60.6,origin
Diane Melanie_1224,2026-12-31,7,1080.0,52.0,48.0,varian
Gloria Sheila_1225,2026-12-31,4,912.0000000000002,33.2,66.8,varian
Janice Sherry_1226,2026-12-31,7,1008.0,64.3,35.7,varian
Joanne Tina_1227,2026-12-31,5,1062.0,47.2,52.8,varian
Katherine Tracy_1228,2026-12-31,3,906.0,33.1,66.9,varian
Lillian Virginia_1229,2026-12-31,3,1104.0,44.9,55.1,varian
Marilyn Yvonne_1230,2026-12-31,4,1122.0,49.7,50.3,origin
Pauline Annette_1231,2026-12-31,2,1007.9999999999998,39.8,60.2,origin
Sandra Beth_1232,2026-12-31,4,1062.0,45.7,54.3,varian
Shirley Cheri_1233,2026-12-31,3,893.9999999999999,36.4,63.6,varian
Theresa Christina_1234,2026-12-31,5,942.0,43.2,56.8,origin
Mary Colleen_1235,2026-12-31,5,924.0,52.9,47.1,origin
Barbara Dawn_1236,2026-12-31,1,960.0,37.5,62.5,origin
Patricia Emily_1237,2026-12-31,4,1080.0,41.0,59.0,varian
Judy Eva_1238,2026-12-31,3,960.0,42.5,57.5,varian
Margaret Josephine_1239,2026-12-31,7,852.0000000000001,53.2,46.8,varian
Nancy Loretta_1240,2026-12-31,6,1080.0,40.5,59.5,varian
Alice Lucy_1241,2026-12-31,6,1116.0,52.6,47.4,origin
Carol Phyllis_1242,2026-12-31,1,1122.0,40.2,59.8,origin
Helen Stephanie_1243,2026-12-31,3,990.0,46.0,54.0,origin
Karen Tamara_1244,2026-12-31,6,1074.0,51.9,48.1,origin
Martha Amy_1245,2026-12-31,5,1122.0,54.7,45.3,varian
Dorothy Bernadette_1246,2026-12-31,3,864.0,35.9,64.1,varian
Julia Carla_1247,2026-12-31,6,942.0,44.7,55.3,origin
Sharon Eileen_1248,2026-12-31,7,852.0000000000002,61.7,38.3,varian
Ann Frances_1249,2026-12-31,6,972.0000000000002,48.7,51.3,varian
Elizabeth Grace_1250,2026-12-31,5,966.0,33.6,66.4,origin
Pauline Kathryn_1251,2026-12-31,3,1032.0000000000002,40.2,59.8,varian
Marie Marlene_1252,2026-12-31,3,1092.0,46.2,53.8,varian
Agnes Penny_1253,2026-12-31,6,1025.9999999999998,58.1,41.900000000000006,varian
Annie Suzanne_1254,2026-12-31,3,1116.0,40.1,59.9,varian
Evelyn Becky_1255,2026-12-31,5,1026.0,54.6,45.4,origin
Florence Betty_1256,2026-12-31,3,996.0,39.6,60.4,varian
Judith Charlene_1257,2026-12-31,5,1002.0,54.2,45.8,origin
Lucy Christine_1258,2026-12-31,2,1104.0,46.4,53.6,origin
Marilyn Crystal_1259,2026-12-31,2,977.9999999999998,29.3,70.7,origin
Rita Elaine_1260,2026-12-31,3,1104.0,51.4,48.6,varian
Sally Elena_1261,2026-12-31,4,882.0,50.7,49.3,origin
Anna Emma_1262,2026-12-31,5,990.0,61.0,39.0,varian
Ethel Heidi_1263,2026-12-31,5,996.0,54.1,45.900000000000006,origin
Frances Holly_1264,2026-12-31,5,972.0,38.7,61.3,origin
Janet Monica_1265,2026-12-31,4,942.0,51.7,48.3,origin
Lois Rita_1266,2026-12-31,3,1116.0,33.1,66.9,origin
Lydia Sally_1267,2026-12-31,3,990.0,44.5,55.5,varian
Sarah Tami_1268,2026-12-31,8,936.0,54.6,45.4,varian
Audrey Andrea_1269,2026-12-31,2,1044.0,40.4,59.6,origin
Betty Dana_1270,2026-12-31,3,1098.0,42.8,57.2,origin
Ella Deanna_1271,2026-12-31,2,1038.0,43.8,56.2,varian
Esther Esther_1272,2026-12-31,4,1092.0,54.2,45.8,origin
Joanne Florence_1273,2026-12-31,6,1068.0,51.8,48.2,origin
Katherine Harriet_1274,2026-12-31,7,942.0,54.7,45.3,varian
Linda Irene_1275,2026-12-31,4,930.0,58.5,41.5,varian
Mabel Jeanette_1276,2026-12-31,1,900.0,36.5,63.5,origin
Rose Lillian_1277,2026-12-31,3,972.0000000000002,45.7,54.3,origin
Ruth Louise_1278,2026-12-31,3,966.0,45.6,54.4,origin
Virginia Margie_1279,2026-12-31,2,1002.0,48.2,51.8,varian
Mary Maria_1280,2026-12-31,4,1110.0,49.5,50.5,origin
Patricia Marjorie_1281,2026-12-31,4,882.0,45.7,54.3,origin
Judy Matilda_1282,2026-12-31,5,906.0,46.1,53.9,varian
Margaret Melinda_1283,2026-12-31,1,960.0,37.5,62.5,origin
Sharon Melody_1284,2026-12-31,6,1002.0,39.2,60.8,varian
Barbara Michele_1285,2026-12-31,4,1092.0,51.2,48.8,varian
Judith Patty_1286,2026-12-31,4,936.0,46.6,53.4,origin
Carol Ramona_1287,2026-12-31,3,1055.9999999999998,34.099999999999994,65.9,varian
Martha Renee_1288,2026-12-31,1,887.9999999999999,41.3,58.7,origin
Donna Vivian_1289,2026-12-31,3,1056.0,35.6,64.4,varian
Elizabeth April_1290,2026-12-31,4,846.0,50.1,49.9,origin
Anna Bertha_1291,2026-12-31,6,1104.0000000000002,54.400000000000006,45.6,varian
Virginia Dora_1292,2026-12-31,1,918.0,31.8,68.2,origin
Helen Doris_1293,2026-12-31,3,1032.0,56.7,43.3,origin
Janet Eleanor_1294,2026-12-31,4,858.0,40.3,59.7,origin
Joan Evelyn_1295,2026-12-31,5,894.0,34.4,65.6,varian
Karen Fannie_1296,2026-12-31,6,852.0000000000001,35.2,64.8,varian
Rose Geraldine_1297,2026-12-31,3,1122.0,43.2,56.8,origin
Sandra Heather_1298,2026-12-31,6,918.0,42.8,57.2,varian
Christine Jeannie_1299,2026-12-31,1,906.0,36.6,63.4,origin
Dorothy Jo_1300,2026-12-31,2,882.0000000000001,37.7,62.3,origin
Jane Jody_1301,2026-12-31,7,846.0,48.1,51.9,varian
Lois Johanna_1302,2026-12-31,2,936.0,28.6,71.4,origin
Sally Judy_1303,2026-12-31,6,984.0,45.4,54.6,origin
Alice Julia_1304,2026-12-31,4,864.0,55.4,44.6,origin
Bertha Kirsten_1305,2026-12-31,3,870.0,49.0,51.0,origin
Betty Maureen_1306,2026-12-31,6,1074.0,56.9,43.1,origin
Catherine Mona_1307,2026-12-31,3,1134.0,58.4,41.6,origin
Florence Myrna_1308,2026-12-31,5,1116.0,36.1,63.9,origin
Frances Nellie_1309,2026-12-31,6,978.0000000000002,50.3,49.7,origin
Marie Nora_1310,2026-12-31,6,990.0,50.5,49.5,origin
Nancy Rosemary_1311,2026-12-31,4,882.0000000000001,50.7,49.3,origin
Rosemary Ruby_1312,2026-12-31,6,912.0,39.2,60.8,origin
Sophie Sandy_1313,2026-12-31,5,858.0,28.8,71.2,varian
Annie Shelly_1314,2026-12-31,3,1002.0000000000002,43.2,56.8,varian
Arlene Stella_1315,2026-12-31,5,990.0,44.0,56.0,origin
Bonnie Teri_1316,2026-12-31,7,1127.9999999999998,57.8,42.2,varian
Carolyn Valerie_1317,2026-12-31,6,1068.0,51.8,48.2,origin
Jean Vera_1318,2026-12-31,4,1080.0,54.0,46.0,origin
Katherine Vicky_1319,2026-12-31,5,1026.0,59.6,40.4,origin
Lillian Victoria_1320,2026-12-31,3,1074.0,37.4,62.6,origin
Lorraine Wanda_1321,2026-12-31,1,1020.0,58.5,41.5,origin
Lucy Mary_1322,2026-12-31,5,1014.0,36.4,63.6,varian
Molly Lisa_1323,2026-12-31,3,1044.0,38.9,61.1,varian
Roberta Karen_1324,2026-12-31,5,936.0,38.1,61.9,origin
Shirley Linda_1325,2026-12-31,6,1098.0,47.3,52.7,origin
Susan Susan_1326,2026-12-31,6,894.0,37.4,62.6,varian
Mary Donna_1327,2026-12-31,2,930.0,43.5,56.5,origin
Patricia Patricia_1328,2026-12-31,6,1050.0,40.0,60.0,varian
Carol Cynthia_1329,2026-12-31,1,942.0,42.2,57.8,origin
Sharon Debra_1330,2026-12-31,6,978.0,55.3,44.7,origin
Donna Theresa_1331,2026-12-31,2,906.0,48.1,51.9,origin
Dorothy Lori_1332,2026-12-31,4,888.0,52.8,47.2,varian
Karen Barbara_1333,2026-12-31,2,1092.0,41.2,58.8,origin
Margaret Sandra_1334,2026-12-31,3,942.0,50.2,49.8,origin
Nancy Cheryl_1335,2026-12-31,7,1127.9999999999998,62.8,37.2,varian
Helen Teresa_1336,2026-12-31,5,978.0,42.3,57.7,varian
Linda Brenda_1337,2026-12-31,3,1062.0000000000002,44.2,55.8,varian
Virginia Kelly_1338,2026-12-31,2,1068.0,49.3,50.7,varian
Irene Sharon_1339,2026-12-31,1,972.0000000000002,42.7,57.3,origin
Martha Nancy_1340,2026-12-31,5,1026.0,44.6,55.4,origin
Marie Laura_1341,2026-12-31,5,966.0,55.6,44.4,varian
Barbara Deborah_1342,2026-12-31,5,978.0,53.8,46.2,origin
Bonnie Kimberly_1343,2026-12-31,6,948.0,49.8,50.2,origin
Elizabeth Carol_1344,2026-12-31,5,1080.0,39.0,61.0,varian
Jane Elizabeth_1345,2026-12-31,5,864.0,55.4,44.6,varian
Judith Cindy_1346,2026-12-31,6,870.0,43.5,56.5,origin
Katherine Denise_1347,2026-12-31,7,936.0,53.1,46.9,varian
Susan Janet_1348,2026-12-31,2,1092.0000000000002,46.2,53.8,origin
Alice Robin_1349,2026-12-31,3,954.0,40.4,59.6,origin
Anna Pamela_1350,2026-12-31,5,972.0,40.7,59.3,varian
Kathleen Angela_1351,2026-12-31,5,1008.0,42.8,57.2,varian
Kathryn Diane_1352,2026-12-31,4,1110.0,59.5,40.5,origin
Lois Margaret_1353,2026-12-31,6,1032.0,51.2,48.8,origin
Marilyn Debbie_1354,2026-12-31,2,852.0,45.7,54.3,varian
Roberta Kathleen_1355,2026-12-31,3,1134.0,43.4,56.6,origin
Ann Catherine_1356,2026-12-31,8,1020.0,51.0,49.0,varian
Betty Christine_1357,2026-12-31,4,900.0,48.0,52.0,varian
Clara Julie_1358,2026-12-31,5,978.0,47.3,52.7,varian
Lucy Kim_1359,2026-12-31,7,1116.0,52.6,47.4,varian
Ruth Michelle_1360,2026-12-31,5,936.0,38.1,61.9,origin
Sally Rebecca_1361,2026-12-31,7,882.0000000000001,38.7,61.3,varian
Shirley Katherine_1362,2026-12-31,1,906.0,31.6,68.4,origin
Caroline Dawn_1363,2026-12-31,1,912.0,31.7,68.3,origin
Diane Kathy_1364,2026-12-31,4,852.0000000000001,35.2,64.8,origin
Edith Marie_1365,2026-12-31,1,984.0,57.9,42.1,origin
Jean Colleen_1366,2026-12-31,1,954.0,52.4,47.6,origin
Kathy Janice_1367,2026-12-31,3,882.0,29.2,70.8,origin
Loretta Sherry_1368,2026-12-31,3,1026.0,50.1,49.9,varian
Maria Tammy_1369,2026-12-31,6,840.0,48.0,52.0,origin
Myra Shirley_1370,2026-12-31,4,906.0,51.1,48.9,origin
Pauline Diana_1371,2026-12-31,6,960.0,50.0,50.0,origin
Mary Jacqueline_1372,2026-12-31,7,990.0,64.0,36.0,varian
Linda Jennifer_1373,2026-12-31,6,1098.0,52.3,47.7,origin
Barbara Martha_1374,2026-12-31,5,857.9999999999999,45.3,54.7,varian
Sharon Terri_1375,2026-12-31,6,1026.0,48.1,51.9,varian
Martha Tina_1376,2026-12-31,5,1098.0,54.3,45.7,varian
Susan Anna_1377,2026-12-31,1,858.0,50.8,49.2,origin
Patricia Darlene_1378,2026-12-31,1,882.0,46.2,53.8,origin
Betty Dorothy_1379,2026-12-31,5,1140.0,51.5,48.5,origin
Elizabeth Lucy_1380,2026-12-31,3,954.0,45.4,54.6,origin
Kathleen Ruth_1381,2026-12-31,5,894.0,45.9,54.1,varian
Marie Wendy_1382,2026-12-31,5,942.0,55.2,44.8,varian
Janet Alice_1383,2026-12-31,3,882.0,44.2,55.8,origin
Judith Carolyn_1384,2026-12-31,2,1122.0000000000002,56.7,43.3,origin
Ruth Connie_1385,2026-12-31,6,1062.0,51.7,48.3,origin
Nancy Laurie_1386,2026-12-31,1,1044.0000000000002,33.900000000000006,66.1,origin
Pauline Renee_1387,2026-12-31,5,1007.9999999999998,59.3,40.7,origin
Clara Tamara_1388,2026-12-31,5,966.0,43.6,56.4,origin
Jean Valerie_1389,2026-12-31,4,1080.0,49.0,51.0,origin
Judy Wanda_1390,2026-12-31,6,924.0,42.9,57.1,varian
Margaret Beth_1391,2026-12-31,7,1092.0,55.7,44.3,varian
Virginia Carla_1392,2026-12-31,2,1104.0,36.4,63.6,origin
Annie Doris_1393,2026-12-31,4,1128.0,46.8,53.2,varian
Carol Grace_1394,2026-12-31,2,852.0,37.2,62.8,origin
Edna Judy_1395,2026-12-31,1,1122.0,40.2,59.8,origin
Helen Rhonda_1396,2026-12-31,4,1068.0,53.8,46.2,origin
Joyce Roberta_1397,2026-12-31,3,1122.0,55.2,44.8,varian
Karen Tracy_1398,2026-12-31,5,1074.0,55.4,44.6,origin
Katherine Vicki_1399,2026-12-31,6,1032.0,41.2,58.8,origin
Lorraine Virginia_1400,2026-12-31,3,930.0,28.5,71.5,varian
Alice Ann_1401,2026-12-31,1,1002.0,38.2,61.8,origin
Ann Carrie_1402,2026-12-31,7,990.0,45.5,54.5,varian
Bonnie Elaine_1403,2026-12-31,2,846.0000000000001,55.6,44.4,varian
Carolyn Helen_1404,2026-12-31,6,978.0,45.3,54.7,origin
Christine Jill_1405,2026-12-31,6,990.0,54.0,46.0,varian
Diane Judith_1406,2026-12-31,5,1104.0,44.4,55.6,varian
Donna Michele_1407,2026-12-31,6,966.0,47.1,52.9,varian
Grace Anita_1408,2026-12-31,3,936.0,35.1,64.9,origin
Marilyn Anne_1409,2026-12-31,2,1056.0,45.6,54.4,origin
Rose Betty_1410,2026-12-31,6,1056.0,46.6,53.4,origin
Sarah Bonnie_1411,2026-12-31,2,936.0,38.6,61.4,origin
Shirley Cathy_1412,2026-12-31,3,1032.0000000000002,41.7,58.3,origin
Anna Julia_1413,2026-12-31,6,1086.0,45.6,54.4,varian
Beverly Maria_1414,2026-12-31,4,996.0,54.6,45.400000000000006,varian
Darlene Sarah_1415,2026-12-31,7,1116.0,52.6,47.4,varian
Dorothy Vera_1416,2026-12-31,7,1002.0,49.2,50.8,varian
Irene Becky_1417,2026-12-31,3,942.0,50.2,49.8,origin
Joan Clara_1418,2026-12-31,5,1134.0,71.4,28.599999999999994,origin
Lucy Evelyn_1419,2026-12-31,4,1056.0,35.6,64.4,varian
Mattie Gloria_1420,2026-12-31,2,1038.0,43.8,56.2,varian
Sophie Joan_1421,2026-12-31,6,942.0,39.7,60.3,origin
Mary Joyce_1422,2026-12-31,7,876.0,37.1,62.9,varian
Patricia Lynn_1423,2026-12-31,2,1074.0,45.9,54.1,origin
Alice Marilyn_1424,2026-12-31,5,1025.9999999999998,48.1,51.900000000000006,varian
Barbara Melissa_1425,2026-12-31,1,954.0,37.4,62.6,origin
Susan Pauline_1426,2026-12-31,2,942.0,47.2,52.8,varian
Carol Rose_1427,2026-12-31,5,1038.0,43.3,56.7,varian
Linda Toni_1428,2026-12-31,4,1014.0,56.4,43.6,varian
Shirley Agnes_1429,2026-12-31,1,1110.0,50.0,50.0,origin
Elizabeth Beverly_1430,2026-12-31,3,1116.0,50.1,49.9,varian
Janet Holly_1431,2026-12-31,6,978.0,45.3,54.7,origin
Marie Kathryn_1432,2026-12-31,6,960.0,45.0,55.0,origin
Helen Leslie_1433,2026-12-31,1,1134.0,45.4,54.6,origin
Margaret Marlene_1434,2026-12-31,5,906.0,47.6,52.4,origin
Nancy Maureen_1435,2026-12-31,5,972.0000000000002,38.7,61.3,origin
Phyllis Melody_1436,2026-12-31,5,948.0,53.3,46.7,origin
Dorothy Monica_1437,2026-12-31,5,1074.0,47.4,52.6,varian
Marilyn Peggy_1438,2026-12-31,5,1020.0,48.0,52.0,varian
Sandra Sheila_1439,2026-12-31,3,960.0,39.0,61.0,varian
Annie Shelley_1440,2026-12-31,3,857.9999999999999,33.8,66.2,origin
Ellen Tami_1441,2026-12-31,5,948.0,41.8,58.2,varian
Grace Terry_1442,2026-12-31,6,918.0,49.3,50.7,origin
Judy Veronica_1443,2026-12-31,4,990.0,46.0,54.0,varian
Lucy Victoria_1444,2026-12-31,3,1140.0,43.5,56.5,origin
Ruth Bertha_1445,2026-12-31,7,864.0,41.9,58.1,varian
Agnes Ella_1446,2026-12-31,6,978.0,50.3,49.7,origin
Diane Ellen_1447,2026-12-31,3,984.0,37.9,62.1,varian
Donna Eva_1448,2026-12-31,3,1104.0000000000002,44.900000000000006,55.1,varian
Katherine Geraldine_1449,2026-12-31,3,840.0,40.5,59.5,varian
Anna Jean_1450,2026-12-31,7,1044.0,61.4,38.6,varian
Darlene Nora_1451,2026-12-31,4,1038.0,36.8,63.2,varian
Evelyn Paula_1452,2026-12-31,2,1068.0,49.3,50.7,varian
June Sheri_1453,2026-12-31,8,846.0,38.1,61.9,varian
Kathryn Sheryl_1454,2026-12-31,6,984.0,52.4,47.6,varian
Lorraine Stephanie_1455,2026-12-31,7,870.0000000000001,38.5,61.5,varian
Martha Suzanne_1456,2026-12-31,7,942.0,53.2,46.8,varian
Virginia Teri_1457,2026-12-31,3,1122.0,40.2,59.8,varian
Bonnie Amy_1458,2026-12-31,1,1092.0,44.7,55.3,origin
Carrie Annette_1459,2026-12-31,3,1044.0,46.9,53.1,origin
Elena April_1460,2026-12-31,3,996.0,44.6,55.4,varian
Francine Arlene_1461,2026-12-31,3,906.0,41.6,58.4,varian
Ida Audrey_1462,2026-12-31,3,876.0,34.1,65.9,origin
Janice Charlene_1463,2026-12-31,2,876.0,31.1,68.9,varian
Judith Chris_1464,2026-12-31,6,1116.0,47.6,52.4,origin
Karen Christina_1465,2026-12-31,6,954.0,39.9,60.1,origin
Kathleen Gail_1466,2026-12-31,4,1050.0,40.5,59.5,varian
Louise Gladys_1467,2026-12-31,4,1062.0,45.7,54.3,varian
Pamela Joanne_1468,2026-12-31,3,1037.9999999999998,28.8,71.2,varian
Pauline Juanita_1469,2026-12-31,5,948.0,50.3,49.7,varian
Rose Lynda_1470,2026-12-31,1,1128.0,45.3,54.7,origin
Sharon Melanie_1471,2026-12-31,6,1116.0,67.6,32.400000000000006,origin
Mary Minnie_1472,2026-12-31,3,1140.0,50.5,49.5,varian
Patricia Molly_1473,2026-12-31,5,1110.0,56.0,44.0,origin
Margaret Olga_1474,2026-12-31,4,1140.0,45.0,55.0,origin
Susan Sara_1475,2026-12-31,6,864.0000000000001,45.400000000000006,54.6,varian
Linda Shannon_1476,2026-12-31,7,918.0,32.8,67.2,varian
Barbara Stella_1477,2026-12-31,3,1086.0,41.1,58.9,varian
Karen Sylvia_1478,2026-12-31,4,1104.0,46.4,53.6,varian
Carol Verna_1479,2026-12-31,3,1062.0,67.2,32.8,origin
Betty Yvonne_1480,2026-12-31,6,1020.0,56.0,44.0,origin
Helen Annie_1481,2026-12-31,1,1056.0,49.1,50.9,origin
Sharon Cheri_1482,2026-12-31,5,1068.0,40.3,59.7,origin
Jean Christy_1483,2026-12-31,7,1038.0,56.3,43.7,varian
Kathleen Cora_1484,2026-12-31,8,875.9999999999999,43.6,56.400000000000006,varian
Martha Edna_1485,2026-12-31,4,1037.9999999999998,45.3,54.7,varian
Nancy Eleanor_1486,2026-12-31,3,1014.0,51.4,48.6,origin
Alice Esther_1487,2026-12-31,3,858.0,38.8,61.2,origin
Judy Frances_1488,2026-12-31,5,846.0,55.1,44.9,varian
Marie Heidi_1489,2026-12-31,6,924.0,42.9,57.1,varian
Sandra Jackie_1490,2026-12-31,2,1062.0,50.7,49.3,origin
Ann Jana_1491,2026-12-31,3,1032.0,43.7,56.3,varian
Bonnie Jane_1492,2026-12-31,8,857.9999999999999,43.3,56.7,varian
Cheryl Jeanette_1493,2026-12-31,3,1080.0,47.5,52.5,origin
Donna Joann_1494,2026-12-31,7,960.0,48.5,51.5,varian
Evelyn Joni_1495,2026-12-31,7,972.0,48.7,51.3,varian
Gloria Joy_1496,2026-12-31,2,887.9999999999999,42.8,57.2,origin
Virginia Laurel_1497,2026-12-31,2,1050.0,39.0,61.0,varian
Elizabeth Lorraine_1498,2026-12-31,1,1014.0,43.4,56.6,origin
Frances Melinda_1499,2026-12-31,5,1122.0,51.2,48.8,origin
Judith Patti_1500,2026-12-31,5,888.0,50.8,49.2,varian
Shirley Penny_1501,2026-12-31,8,977.9999999999998,55.3,44.7,varian
Bernice Ramona_1502,2026-12-31,1,1121.9999999999998,40.2,59.8,origin
Dorothy Rita_1503,2026-12-31,3,1110.0000000000002,53.0,47.0,origin
Janet Rosemary_1504,2026-12-31,3,1092.0,47.7,52.3,origin
Janice Roxanne_1505,2026-12-31,4,990.0,56.0,44.0,varian
Anna Ruby_1506,2026-12-31,4,966.0,42.1,57.9,origin
Esther Sally_1507,2026-12-31,3,1128.0,50.3,49.7,varian
Irene Sue_1508,2026-12-31,6,876.0000000000001,38.6,61.4,origin
Joan Vanessa_1509,2026-12-31,4,1140.0,45.0,55.0,origin
Lillian Mary_1510,2026-12-31,1,948.0,47.3,52.7,origin
Rita Karen_1511,2026-12-31,2,858.0,37.3,62.7,origin
Roberta Susan_1512,2026-12-31,7,960.0,48.5,51.5,varian
Rose Cynthia_1513,2026-12-31,6,990.0,50.5,49.5,origin
Ruth Brenda_1514,2026-12-31,3,870.0,37.5,62.5,varian
Annie Lisa_1515,2026-12-31,7,954.0,44.9,55.1,varian
Carolyn Elizabeth_1516,2026-12-31,2,960.0,47.5,52.5,varian
Carrie Linda_1517,2026-12-31,3,942.0,40.2,59.8,origin
Catherine Deborah_1518,2026-12-31,7,960.0,35.0,65.0,varian
Charlotte Carol_1519,2026-12-31,2,1014.0,39.9,60.1,origin
Darlene Kimberly_1520,2026-12-31,5,918.0,42.8,57.2,origin
Edna Lori_1521,2026-12-31,4,936.0,56.6,43.4,origin
Elaine Patricia_1522,2026-12-31,3,900.0,44.5,55.5,origin
Florence Donna_1523,2026-12-31,6,1056.0,45.1,54.9,varian
Ida Kelly_1524,2026-12-31,5,870.0,42.0,58.0,origin
Jessie Laura_1525,2026-12-31,6,1110.0,47.5,52.5,origin
Lena Barbara_1526,2026-12-31,8,930.0,54.5,45.5,varian
Lois Teresa_1527,2026-12-31,2,948.0,43.8,56.2,origin
Lucy Theresa_1528,2026-12-31,4,1002.0,42.7,57.3,origin
Marilyn Debra_1529,2026-12-31,2,900.0,38.0,62.0,origin
Nellie Sandra_1530,2026-12-31,5,984.0,35.900000000000006,64.1,varian
Pamela Cheryl_1531,2026-12-31,5,1068.0,50.3,49.7,origin
Mary Michelle_1532,2026-12-31,4,1038.0,46.8,53.2,varian
Linda Diane_1533,2026-12-31,5,1128.0,56.3,43.7,origin
Helen Pamela_1534,2026-12-31,6,876.0000000000001,43.6,56.4,origin
Susan Sharon_1535,2026-12-31,3,852.0,50.7,49.3,varian
Patricia Julie_1536,2026-12-31,6,996.0,49.1,50.9,varian
Kathleen Tammy_1537,2026-12-31,5,858.0,46.8,53.2,origin
Carol Denise_1538,2026-12-31,6,1008.0,49.3,50.7,varian
Shirley Janet_1539,2026-12-31,8,887.9999999999999,48.8,51.2,varian
Barbara Darlene_1540,2026-12-31,7,1044.0,41.4,58.6,varian
Virginia Kathy_1541,2026-12-31,8,936.0,49.6,50.4,varian
Margaret Margaret_1542,2026-12-31,4,978.0,40.8,59.2,varian
Donna Anna_1543,2026-12-31,4,1007.9999999999998,47.8,52.2,origin
Nancy Kim_1544,2026-12-31,5,1080.0,59.0,41.0,varian
Sandra Laurie_1545,2026-12-31,5,990.0,41.0,59.0,varian
Karen Nancy_1546,2026-12-31,5,1085.9999999999998,50.6,49.400000000000006,origin
Pamela Rebecca_1547,2026-12-31,3,1104.0,47.9,52.1,origin
Judy Tina_1548,2026-12-31,4,846.0000000000001,43.6,56.4,varian
Marie Catherine_1549,2026-12-31,6,1020.0,49.5,50.5,varian
Marilyn Cindy_1550,2026-12-31,3,947.9999999999998,35.3,64.7,origin
Sharon Judy_1551,2026-12-31,3,1050.0,57.0,43.0,origin
Ann Katherine_1552,2026-12-31,3,1110.0,50.0,50.0,varian
Evelyn Rhonda_1553,2026-12-31,2,924.0,43.4,56.6,origin
Judith Christine_1554,2026-12-31,3,1014.0,39.900000000000006,60.1,varian
Carolyn Dawn_1555,2026-12-31,5,1122.0,56.2,43.8,origin
Diane Kathleen_1556,2026-12-31,4,996.0,51.1,48.9,varian
Katherine Terri_1557,2026-12-31,1,1067.9999999999998,49.3,50.7,origin
Bonnie Angela_1558,2026-12-31,2,984.0,44.400000000000006,55.6,origin
Jean Colleen_1559,2026-12-31,7,1037.9999999999998,44.8,55.2,varian
Joanne Debbie_1560,2026-12-31,5,966.0,63.6,36.4,origin
Christine Janice_1561,2026-12-31,2,857.9999999999999,40.8,59.2,varian
Dorothy Martha_1562,2026-12-31,2,1050.0,39.0,61.0,varian
Elizabeth Michele_1563,2026-12-31,3,1134.0,53.4,46.6,origin
Sarah Christina_1564,2026-12-31,8,1050.0,61.5,38.5,varian
Theresa Robin_1565,2026-12-31,3,1110.0,50.0,50.0,varian
Annie Valerie_1566,2026-12-31,6,966.0,58.6,41.4,varian
Edith Alice_1567,2026-12-31,4,900.0,54.5,45.5,varian
Gail Beverly_1568,2026-12-31,7,954.0,43.4,56.6,varian
Irene Bonnie_1569,2026-12-31,1,1134.0,45.4,54.6,origin
Janet Carolyn_1570,2026-12-31,5,863.9999999999999,31.9,68.1,origin
Janice Jennifer_1571,2026-12-31,5,1134.0,51.4,48.6,origin
Kathy Lynn_1572,2026-12-31,8,954.0,69.9,30.099999999999994,varian
Lorraine Marie_1573,2026-12-31,2,912.0,38.2,61.8,origin
Louise Roberta_1574,2026-12-31,4,1037.9999999999998,45.3,54.7,varian
Marian Ruth_1575,2026-12-31,5,984.0,53.9,46.1,origin
Peggy Wendy_1576,2026-12-31,4,1038.0,46.8,53.2,varian
Suzanne Yvonne_1577,2026-12-31,6,966.0,47.1,52.9,varian
Alice Connie_1578,2026-12-31,4,852.0000000000001,35.2,64.8,origin
Anne Paula_1579,2026-12-31,4,906.0,46.1,53.9,origin
Arlene Peggy_1580,2026-12-31,5,906.0,52.6,47.400000000000006,origin
Clara Renee_1581,2026-12-31,6,1127.9999999999998,49.8,50.2,varian
Cynthia Sarah_1582,2026-12-31,4,996.0,42.6,57.4,origin
Doris Sherri_1583,2026-12-31,5,1020.0,49.5,50.5,origin
Florence Suzanne_1584,2026-12-31,1,1098.0,44.8,55.2,origin
Frances Ann_1585,2026-12-31,8,1122.0000000000002,67.7,32.3,varian
Lucy Jill_1586,2026-12-31,2,900.0,31.5,68.5,varian
Martha Kathryn_1587,2026-12-31,5,858.0000000000001,45.3,54.7,varian
Anna Rose_1588,2026-12-31,5,1086.0,45.6,54.4,origin
Betty Tamara_1589,2026-12-31,3,894.0,44.4,55.6,origin
Beverly Victoria_1590,2026-12-31,1,882.0,61.2,38.8,origin
Carla Cora_1591,2026-12-31,3,1056.0,47.1,52.9,origin
Deborah Irene_1592,2026-12-31,5,984.0,48.9,51.1,origin
Diana Rita_1593,2026-12-31,4,954.0,50.4,49.6,varian
Gloria Sally_1594,2026-12-31,3,966.0,44.1,55.9,varian
Jeanne Shannon_1595,2026-12-31,5,966.0,35.6,64.4,varian
Jo Sheryl_1596,2026-12-31,5,1062.0000000000002,47.2,52.8,varian
Josephine Stephanie_1597,2026-12-31,3,960.0,44.0,56.0,varian
Julia Vicki_1598,2026-12-31,5,906.0,47.6,52.4,origin
June Virginia_1599,2026-12-31,3,882.0,46.2,53.8,varian
Laura Wanda_1600,2026-12-31,4,1002.0000000000002,44.7,55.3,varian
Lynda Agnes_1601,2026-12-31,4,990.0,47.5,52.5,origin
Margie Carla_1602,2026-12-31,6,1098.0,52.3,47.7,origin
Pauline Cathy_1603,2026-12-31,7,912.0,49.2,50.8,varian
Ruth Darla_1604,2026-12-31,4,1098.0,39.3,60.7,origin
Sally Heidi_1605,2026-12-31,2,1050.0,54.0,46.0,varian
Teresa Jacqueline_1606,2026-12-31,5,852.0,46.7,53.3,origin
Vivian Jamie_1607,2026-12-31,4,948.0,46.8,53.2,origin
Mary Jean_1608,2026-12-31,7,1086.0,55.6,44.4,varian
Linda Julia_1609,2026-12-31,3,1104.0,47.9,52.1,origin
Patricia Marlene_1610,2026-12-31,5,858.0,45.3,54.7,varian
Susan Sheila_1611,2026-12-31,1,852.0,30.7,69.3,origin
Barbara Sherry_1612,2026-12-31,5,1008.0,57.8,42.2,varian
Carol Shirley_1613,2026-12-31,5,1074.0,58.9,41.1,varian
Kathleen Toni_1614,2026-12-31,5,1115.9999999999998,48.1,51.900000000000006,varian
Sandra Tracy_1615,2026-12-31,4,1140.0,42.0,58.0,varian
Margaret Anne_1616,2026-12-31,4,1067.9999999999998,52.3,47.7,varian
Karen Beth_1617,2026-12-31,5,1002.0,41.2,58.8,varian
Elizabeth Charlotte_1618,2026-12-31,2,1014.0,49.9,50.1,origin
Sharon Cheri_1619,2026-12-31,6,1092.0000000000002,62.2,37.8,origin
Judith Elaine_1620,2026-12-31,6,924.0,49.4,50.6,origin
Betty Elsie_1621,2026-12-31,6,852.0,41.7,58.3,varian
Martha Evelyn_1622,2026-12-31,4,1092.0,46.2,53.8,varian
Nancy Jeanette_1623,2026-12-31,7,1008.0,54.3,45.7,varian
Cynthia Joyce_1624,2026-12-31,5,972.0,50.7,49.3,varian
Dorothy Leslie_1625,2026-12-31,6,1098.0,57.3,42.7,origin
Pamela Pam_1626,2026-12-31,6,900.0000000000001,36.0,64.0,varian
Annie Pauline_1627,2026-12-31,1,900.0,26.5,73.5,origin
Donna Rachel_1628,2026-12-31,6,948.0,41.8,58.2,varian
Helen Vickie_1629,2026-12-31,3,1122.0,46.7,53.3,varian
Janet Anita_1630,2026-12-31,4,942.0,41.7,58.3,origin
Janice Annette_1631,2026-12-31,1,864.0000000000001,50.900000000000006,49.1,origin
Anna Annie_1632,2026-12-31,4,1056.0,47.1,52.9,varian
Carolyn Carrie_1633,2026-12-31,2,936.0,43.6,56.4,origin
Cheryl Diana_1634,2026-12-31,5,876.0,42.1,57.9,origin
Irene Doris_1635,2026-12-31,2,876.0,47.6,52.4,origin
Jean Esther_1636,2026-12-31,2,1020.0,40.0,60.0,origin
Alice Eva_1637,2026-12-31,1,984.0,32.9,67.1,origin
Ann Gail_1638,2026-12-31,4,882.0,32.7,67.3,varian
Beverly Gina_1639,2026-12-31,4,936.0,55.1,44.9,varian
Christine Gladys_1640,2026-12-31,6,840.0,58.0,42.0,origin
Diane Helen_1641,2026-12-31,3,852.0,53.7,46.3,origin
Marilyn Jane_1642,2026-12-31,5,1056.0,60.1,39.9,origin
Shirley Joann_1643,2026-12-31,4,936.0,56.6,43.4,origin
Arlene Lorraine_1644,2026-12-31,6,900.0000000000001,51.0,49.0,varian
Katherine Molly_1645,2026-12-31,6,894.0,38.9,61.1,origin
Marie Nora_1646,2026-12-31,6,1008.0,50.8,49.2,origin
Rita Veronica_1647,2026-12-31,5,1080.0,59.0,41.0,varian
Sophie Caroline_1648,2026-12-31,4,978.0,45.8,54.2,varian
Virginia Dora_1649,2026-12-31,7,1008.0,59.3,40.7,varian
Bonnie Dorothy_1650,2026-12-31,4,930.0,45.0,55.0,varian
Christina Holly_1651,2026-12-31,1,857.9999999999999,35.8,64.2,origin
Ellen Ida_1652,2026-12-31,2,1097.9999999999998,61.3,38.7,origin
Judy Jeannine_1653,2026-12-31,8,1140.0,48.0,52.0,varian
Julie Joanne_1654,2026-12-31,5,1044.0,33.4,66.6,varian
Laura Joy_1655,2026-12-31,6,1014.0,42.9,57.1,varian
Lillian Karla_1656,2026-12-31,5,996.0,56.1,43.9,varian
Lucy Loretta_1657,2026-12-31,6,1044.0,54.9,45.1,varian
Colleen Maria_1658,2026-12-31,2,1122.0,56.7,43.3,origin
Doris Melody_1659,2026-12-31,3,942.0,60.2,39.8,origin
Ethel Natalie_1660,2026-12-31,7,1044.0,51.4,48.6,varian
Evelyn Ronda_1661,2026-12-31,5,882.0,35.7,64.3,varian
Geraldine Ruby_1662,2026-12-31,5,1086.0,60.6,39.4,origin
Lorraine Sandy_1663,2026-12-31,5,1026.0,54.6,45.4,origin
Lydia Susie_1664,2026-12-31,4,960.0,42.0,58.0,origin
Paula Tanya_1665,2026-12-31,8,984.0,40.4,59.6,varian
Roberta Vivian_1666,2026-12-31,7,852.0,48.2,51.8,varian
Rose Amy_1667,2026-12-31,5,1080.0,47.5,52.5,varian
Sarah Audrey_1668,2026-12-31,1,900.0,41.5,58.5,origin
Bernice Bernadette_1669,2026-12-31,2,1062.0000000000002,40.7,59.3,origin
Catherine Bertha_1670,2026-12-31,2,846.0,37.1,62.9,origin
Delores Charlene_1671,2026-12-31,2,1098.0,39.8,60.2,varian
Edith Deanna_1672,2026-12-31,4,990.0,51.0,49.0,varian
Ella Dianna_1673,2026-12-31,2,870.0000000000001,42.5,57.5,origin
Gail Dianne_1674,2026-12-31,5,1098.0,49.3,50.7,varian
Gloria Frances_1675,2026-12-31,4,912.0,33.2,66.8,varian
Joan Glenda_1676,2026-12-31,3,1014.0,43.400000000000006,56.6,varian
Julia Hannah_1677,2026-12-31,1,1080.0,44.5,55.5,origin
June Jackie_1678,2026-12-31,5,966.0,48.6,51.4,origin
Kathryn Jo_1679,2026-12-31,3,1116.0,41.6,58.4,varian
Lois Kristin_1680,2026-12-31,5,1020.0,48.0,52.0,varian
Maria Lillian_1681,2026-12-31,2,924.0,38.4,61.6,origin
Phyllis Lorena_1682,2026-12-31,4,966.0,47.1,52.900000000000006,origin
Ruth Lucy_1683,2026-12-31,7,1134.0,52.9,47.1,varian
Vera Maggie_1684,2026-12-31,2,863.9999999999999,27.4,72.6,origin
Mary Marcella_1685,2026-12-31,7,996.0,44.1,55.9,varian
Linda Marilyn_1686,2026-12-31,6,882.0000000000001,48.7,51.3,origin
Susan Maureen_1687,2026-12-31,3,1014.0,46.4,53.6,origin
Kathleen Melissa_1688,2026-12-31,8,936.0,39.6,60.4,varian
Barbara Monica_1689,2026-12-31,4,1110.0,51.5,48.5,varian
Nancy Nellie_1690,2026-12-31,2,1128.0,36.8,63.2,origin
Patricia Nina_1691,2026-12-31,4,924.0,31.4,68.6,origin
Karen Phyllis_1692,2026-12-31,4,845.9999999999999,40.1,59.900000000000006,origin
Elizabeth Polly_1693,2026-12-31,6,1044.0,51.4,48.6,origin
Margaret Sheri_1694,2026-12-31,5,960.0,45.5,54.5,varian
Sharon Sophie_1695,2026-12-31,7,972.0000000000002,38.7,61.3,varian
Donna Tammie_1696,2026-12-31,3,1116.0,45.1,54.9,varian
Judith Terry_1697,2026-12-31,3,1007.9999999999998,41.3,58.7,origin
Sandra Tracey_1698,2026-12-31,5,1092.0,50.7,49.3,origin
Alice Vera_1699,2026-12-31,8,1104.0,52.4,47.6,varian
Virginia Verna_1700,2026-12-31,4,960.0,40.5,59.5,varian
Helen Vicky_1701,2026-12-31,6,1026.0,56.1,43.9,origin
Marie Mary_1702,2026-12-31,3,1050.0,52.0,48.0,origin
Annie Lisa_1703,2026-12-31,3,1068.0,45.8,54.2,varian
Christine Linda_1704,2026-12-31,4,1037.9999999999998,48.3,51.7,origin
Carol Sandra_1705,2026-12-31,4,960.0,39.0,61.0,varian
Janice Karen_1706,2026-12-31,2,972.0000000000002,54.2,45.8,origin
Joyce Donna_1707,2026-12-31,5,966.0,35.6,64.4,varian
Judy Susan_1708,2026-12-31,4,1014.0,46.4,53.6,varian
Ruth Teresa_1709,2026-12-31,6,948.0,44.8,55.2,origin
Agnes Barbara_1710,2026-12-31,6,1134.0,52.9,47.1,origin
Diana Deborah_1711,2026-12-31,6,893.9999999999999,35.9,64.1,varian
Janet Sharon_1712,2026-12-31,4,1050.0,50.5,49.5,varian
Deborah Lori_1713,2026-12-31,6,1110.0,57.5,42.5,origin
Diane Patricia_1714,2026-12-31,3,948.0,45.3,54.7,origin
Katherine Brenda_1715,2026-12-31,6,990.0,40.5,59.5,origin
Sally Kimberly_1716,2026-12-31,8,1062.0,51.7,48.3,varian
Betty Pamela_1717,2026-12-31,4,1128.0,56.8,43.2,varian
Catherine Cynthia_1718,2026-12-31,1,984.0,37.9,62.1,origin
Cheryl Carol_1719,2026-12-31,8,840.0,63.0,37.0,varian
Dorothy Denise_1720,2026-12-31,5,1002.0,59.2,40.8,origin
Jean Kelly_1721,2026-12-31,5,918.0,49.8,50.2,varian
Kathy Julie_1722,2026-12-31,3,1002.0,46.2,53.8,origin
Lucy Debra_1723,2026-12-31,5,852.0000000000001,28.700000000000003,71.3,varian
Martha Elizabeth_1724,2026-12-31,5,966.0,43.6,56.400000000000006,origin
Pamela Cheryl_1725,2026-12-31,1,1074.0,39.4,60.6,origin
Anna Kathleen_1726,2026-12-31,2,1062.0,45.7,54.3,origin
Cynthia Laura_1727,2026-12-31,3,876.0,39.1,60.9,origin
Lynda Kathy_1728,2026-12-31,3,906.0,39.6,60.4,origin
Rose Tina_1729,2026-12-31,5,1037.9999999999998,38.3,61.7,varian
Sarah Angela_1730,2026-12-31,5,1020.0,59.5,40.5,origin
Theresa Robin_1731,2026-12-31,6,1008.0,42.8,57.2,varian
Vera Christine_1732,2026-12-31,2,1056.0,60.6,39.4,origin
Carolyn Leslie_1733,2026-12-31,5,966.0,53.6,46.4,origin
Kathryn Margaret_1734,2026-12-31,3,1098.0,47.8,52.2,origin
Laura Martha_1735,2026-12-31,2,858.0,32.3,67.7,origin
Rita Michelle_1736,2026-12-31,3,960.0,40.5,59.5,origin
Shirley Nancy_1737,2026-12-31,6,876.0,48.6,51.4,origin
Sophie Rebecca_1738,2026-12-31,3,1014.0,51.4,48.6,origin
Vicki Theresa_1739,2026-12-31,2,1067.9999999999998,40.8,59.2,origin
Beverly Diane_1740,2026-12-31,6,942.0,46.7,53.3,varian
Brenda Jennifer_1741,2026-12-31,6,1020.0,64.5,35.5,varian
Charlene Catherine_1742,2026-12-31,1,1032.0,38.7,61.3,origin
Elaine Janet_1743,2026-12-31,5,977.9999999999998,50.8,49.2,varian
Frances Valerie_1744,2026-12-31,5,858.0,46.8,53.2,origin
Jacqueline Diana_1745,2026-12-31,6,870.0,50.5,49.5,varian
Jeanne Alice_1746,2026-12-31,3,882.0000000000002,39.2,60.8,origin
Jo Debbie_1747,2026-12-31,4,1056.0,58.6,41.4,origin
Lois Sheila_1748,2026-12-31,1,972.0,42.7,57.3,origin
Phyllis Darlene_1749,2026-12-31,3,1104.0,47.9,52.1,origin
Robin Kim_1750,2026-12-31,5,852.0,38.7,61.3,varian
Ann Tracy_1751,2026-12-31,4,857.9999999999999,33.8,66.2,varian
Anne Katherine_1752,2026-12-31,6,960.0,47.0,53.0,varian
Bonnie Michele_1753,2026-12-31,3,990.0,29.5,70.5,varian
Caroline Ruth_1754,2026-12-31,6,1122.0,51.2,48.8,varian
Charlotte Anna_1755,2026-12-31,3,977.9999999999998,45.8,54.2,origin
Eleanor Carolyn_1756,2026-12-31,8,870.0000000000001,43.5,56.5,varian
Elsie Connie_1757,2026-12-31,3,1026.0,33.6,66.4,varian
Esther Dawn_1758,2026-12-31,5,918.0,47.8,52.2,origin
Eva Joan_1759,2026-12-31,8,990.0,45.5,54.5,varian
Florence Tammy_1760,2026-12-31,1,990.0,48.0,52.0,origin
Irene Annette_1761,2026-12-31,7,1080.0,57.0,43.0,varian
Julie Carla_1762,2026-12-31,7,906.0,37.6,62.4,varian
Loretta Cindy_1763,2026-12-31,3,906.0,53.1,46.9,varian
Louise Heidi_1764,2026-12-31,2,893.9999999999999,47.9,52.1,origin
Lucille Janice_1765,2026-12-31,5,1097.9999999999998,40.8,59.2,origin
Lynne Rhonda_1766,2026-12-31,6,924.0,42.900000000000006,57.1,varian
Marilyn Rose_1767,2026-12-31,3,1134.0,36.9,63.1,varian
Norma Sherry_1768,2026-12-31,5,887.9999999999999,52.3,47.7,origin
Rebecca Judy_1769,2026-12-31,3,1020.0,53.5,46.5,varian
Teresa Laurie_1770,2026-12-31,8,858.0,58.3,41.7,varian
Terry Terri_1771,2026-12-31,6,858.0,58.3,41.7,origin
Toni Wendy_1772,2026-12-31,7,918.0,37.8,62.2,varian
Mary Ann_1773,2026-12-31,6,1092.0,44.2,55.8,varian
Linda Becky_1774,2026-12-31,3,972.0,40.7,59.3,origin
Barbara Charlene_1775,2026-12-31,6,948.0,34.8,65.2,origin
Patricia Colleen_1776,2026-12-31,5,1086.0,40.6,59.4,origin
Susan Deanna_1777,2026-12-31,2,1038.0,50.3,49.7,origin
Margaret Dorothy_1778,2026-12-31,2,1026.0,50.1,49.9,origin
Kathleen Evelyn_1779,2026-12-31,2,1044.0,40.4,59.6,origin
Donna Gina_1780,2026-12-31,5,1122.0,56.2,43.8,origin
Karen Maria_1781,2026-12-31,5,942.0,33.2,66.8,origin
Sharon Monica_1782,2026-12-31,6,1116.0,52.6,47.4,origin
Carol Sherri_1783,2026-12-31,5,882.0,52.2,47.8,origin
Elizabeth Shirley_1784,2026-12-31,1,1055.9999999999998,49.1,50.900000000000006,origin
Nancy Suzanne_1785,2026-12-31,7,900.0,39.0,61.0,varian
Cynthia Beverly_1786,2026-12-31,6,1116.0,52.6,47.4,origin
Janet Bonnie_1787,2026-12-31,8,876.0000000000001,43.6,56.4,varian
Cheryl Carrie_1788,2026-12-31,3,863.9999999999999,43.9,56.1,origin
Sandra Gail_1789,2026-12-31,3,858.0,53.8,46.2,origin
Pamela Helen_1790,2026-12-31,3,1140.0,53.5,46.5,origin
Dorothy Jacqueline_1791,2026-12-31,4,936.0,38.6,61.4,varian
Frances Kathryn_1792,2026-12-31,8,1068.0,66.8,33.2,varian
Judy Lucy_1793,2026-12-31,2,1092.0,61.2,38.8,origin
Ruth Shannon_1794,2026-12-31,2,960.0,37.5,62.5,varian
Judith Tamara_1795,2026-12-31,7,863.9999999999999,43.4,56.6,varian
Marie Andrea_1796,2026-12-31,8,1055.9999999999998,66.6,33.400000000000006,varian
Shirley Betty_1797,2026-12-31,5,894.0,47.4,52.6,origin
Theresa Holly_1798,2026-12-31,5,924.0,49.9,50.1,varian
Betty Jackie_1799,2026-12-31,3,1086.0,41.1,58.9,varian
Catherine Marlene_1800,2026-12-31,3,846.0000000000001,48.6,51.4,origin
Diane Phyllis_1801,2026-12-31,7,1007.9999999999998,50.8,49.2,varian
Gloria Sarah_1802,2026-12-31,4,1026.0,48.1,51.9,origin
Marilyn Stacey_1803,2026-12-31,6,936.0,49.6,50.4,origin
Virginia Yvonne_1804,2026-12-31,6,863.9999999999999,45.4,54.6,varian
Deborah Anita_1805,2026-12-31,2,1002.0,53.2,46.8,varian
Janice Audrey_1806,2026-12-31,6,845.9999999999999,40.1,59.900000000000006,varian
Kathryn Della_1807,2026-12-31,5,1104.0,45.9,54.1,origin
Martha Eileen_1808,2026-12-31,6,1140.0,58.0,42.0,origin
Alice Eva_1809,2026-12-31,4,990.0,42.5,57.5,origin
Bonnie Florence_1810,2026-12-31,7,990.0,34.0,66.0,varian
Carolyn Jane_1811,2026-12-31,6,984.0,35.400000000000006,64.6,origin
Christine Jean_1812,2026-12-31,7,1116.0,67.6,32.400000000000006,varian
Jo Joann_1813,2026-12-31,5,977.9999999999998,53.8,46.2,origin
Katherine Julia_1814,2026-12-31,7,1002.0,55.7,44.3,varian
Ellen Lena_1815,2026-12-31,6,1044.0,51.4,48.6,origin
Paula Lynn_1816,2026-12-31,6,870.0,48.5,51.5,origin
Rebecca Marilyn_1817,2026-12-31,3,1115.9999999999998,53.1,46.900000000000006,origin
Rita Melissa_1818,2026-12-31,4,948.0,43.8,56.2,varian
Vicki Molly_1819,2026-12-31,5,1086.0,40.6,59.4,origin
Anna Peggy_1820,2026-12-31,7,1098.0,45.8,54.2,varian
Arlene Renee_1821,2026-12-31,5,1104.0,47.9,52.1,varian
Brenda Stephanie_1822,2026-12-31,1,1110.0,50.0,50.0,origin
Charlotte Veronica_1823,2026-12-31,7,888.0,58.8,41.2,varian
Evelyn Vicki_1824,2026-12-31,5,954.0,53.400000000000006,46.6,origin
Jane Wanda_1825,2026-12-31,7,1020.0,56.0,44.0,varian
Jeanne Amy_1826,2026-12-31,1,1122.0,50.2,49.8,origin
Julia Arlene_1827,2026-12-31,6,1098.0000000000002,42.3,57.7,origin
Laura Charlotte_1828,2026-12-31,3,984.0,50.9,49.1,origin
Lucy Christina_1829,2026-12-31,5,1061.9999999999998,40.2,59.8,origin
Pauline Dianna_1830,2026-12-31,3,1134.0,38.4,61.6,origin
Peggy Doris_1831,2026-12-31,4,942.0,50.2,49.8,varian
Sally Elena_1832,2026-12-31,6,930.0,39.5,60.5,origin
Ann Esther_1833,2026-12-31,5,846.0,41.6,58.4,origin
Bernice Marie_1834,2026-12-31,6,1008.0,45.8,54.2,origin
Grace Melanie_1835,2026-12-31,2,1026.0,50.1,49.9,origin
Jean Nora_1836,2026-12-31,5,1092.0,59.2,40.8,varian
Joan Paula_1837,2026-12-31,4,1055.9999999999998,38.6,61.400000000000006,origin
Maureen Robyn_1838,2026-12-31,5,1044.0000000000002,34.900000000000006,65.1,origin
Rose Sally_1839,2026-12-31,4,906.0,48.1,51.9,varian
Sherry Stacy_1840,2026-12-31,6,1068.0,43.8,56.2,varian
Teresa Trudy_1841,2026-12-31,4,857.9999999999999,43.8,56.2,varian
Edith Cecelia_1842,2026-12-31,1,1062.0,29.2,70.8,origin
Eileen Dana_1843,2026-12-31,5,1128.0,51.3,48.7,origin
Jacqueline Grace_1844,2026-12-31,2,1026.0,40.1,59.9,origin
Josephine Jennie_1845,2026-12-31,8,858.0,43.3,56.7,varian
Joyce Jill_1846,2026-12-31,6,1044.0,58.4,41.6,varian
Lynn Joy_1847,2026-12-31,5,1056.0,47.1,52.9,varian
Sarah Juanita_1848,2026-12-31,5,1020.0000000000002,43.0,57.0,varian
Sophie June_1849,2026-12-31,1,1068.0,34.3,65.7,origin
Colleen Kay_1850,2026-12-31,6,924.0,47.9,52.1,varian
Constance Lucille_1851,2026-12-31,3,1140.0,35.5,64.5,varian
Darlene Melody_1852,2026-12-31,5,1062.0000000000002,55.2,44.8,origin
Elsie Pam_1853,2026-12-31,5,1074.0,38.9,61.1,varian
Emily Roberta_1854,2026-12-31,2,924.0,48.4,51.6,origin
Gail Ronda_1855,2026-12-31,5,893.9999999999999,49.4,50.6,varian
Geraldine Sandy_1856,2026-12-31,5,1002.0,57.7,42.3,varian
Helen Sheri_1857,2026-12-31,1,936.0,37.1,62.9,origin
Jennifer Terry_1858,2026-12-31,3,882.0,47.7,52.3,varian
June Vera_1859,2026-12-31,1,900.0,31.5,68.5,origin
Kathy Virginia_1860,2026-12-31,7,1074.0,65.4,34.599999999999994,varian
Laurie Wilma_1861,2026-12-31,4,1080.0,56.0,44.0,varian
Lillian Anne_1862,2026-12-31,6,846.0,36.6,63.4,varian
Lois Annie_1863,2026-12-31,1,1086.0,44.6,55.4,origin
Marcia April_1864,2026-12-31,8,1020.0,46.0,54.0,varian
Rachel Bertha_1865,2026-12-31,5,930.0,58.0,42.0,origin
Regina Bessie_1866,2026-12-31,3,990.0,39.5,60.5,varian
Roberta Cathy_1867,2026-12-31,5,1134.0,51.4,48.6,origin
Rosemary Doreen_1868,2026-12-31,1,1014.0,48.400000000000006,51.6,origin
Sheila Ellen_1869,2026-12-31,5,1098.0,47.8,52.2,varian
Linda Ethel_1870,2026-12-31,4,846.0,33.6,66.4,varian
Mary Geraldine_1871,2026-12-31,3,1061.9999999999998,49.2,50.8,varian
Susan Gertrude_1872,2026-12-31,6,1032.0,43.2,56.8,varian
Patricia Glenda_1873,2026-12-31,2,936.0,52.1,47.9,varian
Barbara Heather_1874,2026-12-31,7,906.0,52.6,47.4,varian
Kathleen Jessica_1875,2026-12-31,7,1092.0000000000002,62.2,37.8,varian
Sandra Jodi_1876,2026-12-31,3,882.0000000000001,39.2,60.8,origin
Margaret Jody_1877,2026-12-31,1,1104.0000000000002,29.9,70.1,origin
Carol Joni_1878,2026-12-31,5,948.0,35.3,64.7,varian
Elizabeth Judith_1879,2026-12-31,3,882.0,49.2,50.8,origin
Nancy Kelley_1880,2026-12-31,2,888.0,47.8,52.2,origin
Debra Kristine_1881,2026-12-31,6,930.0,53.0,47.0,varian
Deborah Loretta_1882,2026-12-31,2,1055.9999999999998,50.6,49.400000000000006,origin
Martha Lorraine_1883,2026-12-31,5,960.0,38.5,61.5,origin
Pamela Lorrie_1884,2026-12-31,2,1014.0,39.900000000000006,60.1,origin
Catherine Marcia_1885,2026-12-31,2,1122.0,61.7,38.3,origin
Ruth Margie_1886,2026-12-31,5,924.0,57.9,42.1,origin
Cynthia Melinda_1887,2026-12-31,4,924.0,39.9,60.1,varian
Janice Minnie_1888,2026-12-31,6,1134.0,54.9,45.1,varian
Sharon Norma_1889,2026-12-31,5,863.9999999999999,51.9,48.1,origin
Janet Patty_1890,2026-12-31,2,1002.0,49.7,50.3,origin
Cheryl Pauline_1891,2026-12-31,1,1134.0,45.4,54.6,origin
Karen Rita_1892,2026-12-31,4,978.0,37.3,62.7,origin
Diane Sara_1893,2026-12-31,4,887.9999999999999,59.3,40.7,varian
Alice Shelley_1894,2026-12-31,3,876.0000000000001,36.1,63.9,varian
Betty Shelly_1895,2026-12-31,5,1134.0,56.4,43.6,origin
Christine Sylvia_1896,2026-12-31,3,984.0,39.4,60.6,varian
Judy Tanya_1897,2026-12-31,1,1026.0,48.6,51.4,origin
Katherine Vickie_1898,2026-12-31,2,942.0,57.2,42.8,varian
Shirley Mary_1899,2026-12-31,2,996.0,44.6,55.4,origin
Donna Lisa_1900,2026-12-31,1,918.0,36.8,63.2,origin
Helen Susan_1901,2026-12-31,6,852.0,41.7,58.3,varian
Marilyn Karen_1902,2026-12-31,4,852.0,38.7,61.3,varian
Jane Patricia_1903,2026-12-31,6,1044.0,53.4,46.6,varian
Virginia Brenda_1904,2026-12-31,2,1127.9999999999998,35.3,64.7,varian
Doris Donna_1905,2026-12-31,1,996.0,48.1,51.9,origin
Gail Kimberly_1906,2026-12-31,5,1086.0,52.6,47.4,varian
Judith Sandra_1907,2026-12-31,3,1128.0,55.3,44.7,varian
Kathy Elizabeth_1908,2026-12-31,2,864.0,32.4,67.6,origin
Marie Linda_1909,2026-12-31,4,1140.0,55.0,45.0,origin
Rebecca Cynthia_1910,2026-12-31,6,870.0,40.5,59.5,varian
Carolyn Teresa_1911,2026-12-31,3,863.9999999999999,42.4,57.6,varian
Esther Deborah_1912,2026-12-31,4,876.0,50.6,49.4,origin
Frances Sharon_1913,2026-12-31,6,870.0000000000001,38.5,61.5,origin
Jean Cheryl_1914,2026-12-31,1,1074.0,49.4,50.6,origin
Joyce Michelle_1915,2026-12-31,2,1068.0,45.8,54.2,origin
Julia Laura_1916,2026-12-31,4,984.0,45.9,54.1,varian
Ann Lori_1917,2026-12-31,6,984.0,60.400000000000006,39.6,origin
Beverly Denise_1918,2026-12-31,8,936.0,39.6,60.4,varian
Dorothy Kelly_1919,2026-12-31,3,857.9999999999999,37.3,62.7,varian
Laura Theresa_1920,2026-12-31,7,1080.0,45.5,54.5,varian
Lynn Barbara_1921,2026-12-31,3,966.0,44.1,55.9,varian
Roberta Cindy_1922,2026-12-31,5,924.0,42.9,57.1,origin
Teresa Pamela_1923,2026-12-31,4,1074.0000000000002,43.900000000000006,56.1,origin
Theresa Carol_1924,2026-12-31,6,966.0,45.1,54.9,origin
Darlene Julie_1925,2026-12-31,1,846.0000000000001,40.6,59.4,origin
Evelyn Angela_1926,2026-12-31,2,1044.0,53.9,46.1,varian
Joan Christine_1927,2026-12-31,3,930.0,40.0,60.0,origin
Karla Kathleen_1928,2026-12-31,6,1134.0,62.9,37.1,origin
Pauline Margaret_1929,2026-12-31,7,1116.0,57.6,42.4,varian
Vicki Rebecca_1930,2026-12-31,5,840.0,36.5,63.5,origin
Anna Tina_1931,2026-12-31,8,1128.0,52.8,47.2,varian
Brenda Dawn_1932,2026-12-31,6,1128.0,52.8,47.2,origin
Denise Diane_1933,2026-12-31,4,954.0,51.9,48.1,origin
Diana Katherine_1934,2026-12-31,4,876.0000000000001,30.6,69.4,origin
Kathryn Nancy_1935,2026-12-31,5,900.0000000000001,54.5,45.5,varian
Peggy Martha_1936,2026-12-31,4,972.0,44.2,55.8,varian
Rita Rhonda_1937,2026-12-31,4,863.9999999999999,45.4,54.6,origin
Sally Diana_1938,2026-12-31,3,984.0,40.900000000000006,59.1,origin
Valerie Janet_1939,2026-12-31,3,1086.0,39.6,60.4,varian
Agnes Jennifer_1940,2026-12-31,6,936.0,41.6,58.4,varian
Arlene Kathy_1941,2026-12-31,6,948.0,58.3,41.7,varian
Carrie Kim_1942,2026-12-31,7,1134.0,57.9,42.1,varian
Ellen Paula_1943,2026-12-31,2,924.0,38.400000000000006,61.6,origin
Gloria Tammy_1944,2026-12-31,7,1050.0,46.5,53.5,varian
Joanne Darlene_1945,2026-12-31,6,906.0,47.6,52.4,varian
Marlene Debra_1946,2026-12-31,6,1104.0000000000002,67.4,32.599999999999994,origin
Rose Leslie_1947,2026-12-31,5,954.0,45.4,54.6,varian
Sheila Robin_1948,2026-12-31,4,852.0000000000001,38.7,61.3,varian
Sophie Catherine_1949,2026-12-31,4,930.0,51.5,48.5,origin
Victoria Debbie_1950,2026-12-31,4,882.0000000000001,44.2,55.8,varian
Andrea Amy_1951,2026-12-31,5,906.0,42.6,57.4,origin
Becky Anna_1952,2026-12-31,1,996.0,38.1,61.9,origin
Belinda Carolyn_1953,2026-12-31,5,1092.0,57.7,42.3,varian
Claudia Kathryn_1954,2026-12-31,8,858.0,38.3,61.7,varian
Colleen Tracy_1955,2026-12-31,7,876.0000000000001,43.6,56.4,varian
Constance Joann_1956,2026-12-31,5,894.0000000000001,29.4,70.6,varian
Elaine Judy_1957,2026-12-31,2,1044.0,40.4,59.6,origin
Grace Sherry_1958,2026-12-31,2,864.0,37.4,62.6,origin
Julie Terri_1959,2026-12-31,5,1032.0,49.7,50.3,origin
Loretta Valerie_1960,2026-12-31,7,1110.0,62.5,37.5,varian
Lorraine Wendy_1961,2026-12-31,4,954.0,30.4,69.6,varian
Louise Helen_1962,2026-12-31,3,996.0,41.1,58.9,origin
Lucy Jacqueline_1963,2026-12-31,3,1128.0,38.3,61.7,origin
Lydia Laurie_1964,2026-12-31,4,870.0,35.5,64.5,origin
Marjorie Shelley_1965,2026-12-31,8,852.0,58.2,41.8,varian
Maryann Ann_1966,2026-12-31,6,930.0,54.5,45.5,origin
Sarah Beverly_1967,2026-12-31,8,852.0,53.2,46.8,varian
Terry Bonnie_1968,2026-12-31,5,990.0,47.5,52.5,varian
Linda Connie_1969,2026-12-31,5,1115.9999999999998,48.1,51.900000000000006,varian
Mary Jill_1970,2026-12-31,6,1032.0,51.2,48.8,origin
Patricia Roberta_1971,2026-12-31,5,1098.0,60.8,39.2,origin
Debra Rose_1972,2026-12-31,6,984.0,42.400000000000006,57.6,varian
Kathleen Ruth_1973,2026-12-31,5,1110.0,46.0,54.0,origin
Susan Sarah_1974,2026-12-31,1,1110.0,50.0,50.0,origin
Deborah Shannon_1975,2026-12-31,6,852.0,56.7,43.3,varian
Barbara Anne_1976,2026-12-31,5,1032.0,39.7,60.3,origin
Carol Annie_1977,2026-12-31,4,840.0,27.0,73.0,varian
Cynthia Dana_1978,2026-12-31,3,906.0,44.6,55.4,origin
Karen Deanna_1979,2026-12-31,3,870.0,44.0,56.0,origin
Sandra Gail_1980,2026-12-31,4,1122.0,53.2,46.8,varian
Sharon Grace_1981,2026-12-31,4,990.0,62.5,37.5,origin
Margaret Loretta_1982,2026-12-31,3,846.0,52.1,47.9,varian
Pamela Renee_1983,2026-12-31,4,954.0,51.9,48.1,origin
Donna Veronica_1984,2026-12-31,2,858.0,35.8,64.2,varian
Nancy Anita_1985,2026-12-31,1,1014.0,43.400000000000006,56.6,origin
Christine Annette_1986,2026-12-31,4,906.0,36.1,63.9,origin
Martha Colleen_1987,2026-12-31,3,1110.0,53.0,47.0,origin
Elizabeth Eileen_1988,2026-12-31,4,1056.0,52.1,47.9,varian
Katherine Evelyn_1989,2026-12-31,2,930.0,48.5,51.5,origin
Kathy Heidi_1990,2026-12-31,5,996.0,36.1,63.900000000000006,varian
Judy Holly_1991,2026-12-31,6,887.9999999999998,38.8,61.2,origin
Helen Sally_1992,2026-12-31,2,1134.0,56.9,43.1,origin
Rebecca Sheila_1993,2026-12-31,5,846.0,46.6,53.4,origin
Alice Stephanie_1994,2026-12-31,6,900.0,51.0,49.0,varian
Bonnie Betty_1995,2026-12-31,5,900.0,39.5,60.5,varian
Dorothy Carrie_1996,2026-12-31,4,996.0,42.6,57.4,origin
Laura Cathy_1997,2026-12-31,4,912.0,41.2,58.8,origin
Cheryl Christina_1998,2026-12-31,6,1068.0,51.8,48.2,origin
Shirley Frances_1999,2026-12-31,5,984.0,52.4,47.6,varian
Denise Gina_2000,2026-12-31,6,1002.0,54.2,45.8,varian
nisa rahmawati,2026-12-31,1,126.0,8.6,91.4,origin
andi aminah,2026-12-31,3,131.0,13.683333333333334,86.31666666666666,varian
rina saputra,2026-12-31,2,198.0,14.8,85.2,varian
agus ramadhan,2026-12-31,3,84.0,14.4,85.6,varian
fajar pratama,2026-12-31,3,91.0,8.016666666666666,91.98333333333332,varian
agus hidayat,2026-12-31,1,85.0,12.916666666666668,87.08333333333333,origin
siti aminah,2026-12-31,5,162.0,17.2,82.8,varian
andi ramadhan,2026-12-31,1,107.0,13.283333333333331,86.71666666666667,origin
rizky hidayat,2026-12-31,2,86.0,12.933333333333334,87.06666666666666,varian
budi saputra,2026-12-31,3,383.0,24.383333333333333,75.61666666666667,varian
budi sari,2026-12-31,3,185.0,21.083333333333336,78.91666666666666,varian
hafizhan sari,2026-12-31,3,424.0,26.566666666666663,73.43333333333334,origin
agus rahmawati,2026-12-31,3,175.0,17.416666666666664,82.58333333333334,origin
andi santoso,2026-12-31,3,75.0,15.75,84.25,origin
agus santoso,2026-12-31,3,81.0,14.35,85.65,varian
ayu rahmawati,2026-12-31,3,47.0,10.283333333333331,89.71666666666667,origin
budi setiawan,2026-12-31,2,170.0,15.833333333333334,84.16666666666667,origin
ayu pratama,2026-12-31,3,48.0,7.3,92.7,varian
dimas santoso,2026-12-31,2,220.0,15.166666666666666,84.83333333333333,varian
rizky pratama,2026-12-31,1,142.0,13.866666666666667,86.13333333333333,origin
rizky lestari,2026-12-31,5,327.0,19.95,80.05,varian
maya sari,2026-12-31,3,58.0,15.466666666666669,84.53333333333333,origin
hafizhan aminah,2026-12-31,2,86.0,9.433333333333334,90.56666666666666,origin
ayu santoso,2026-12-31,2,312.0,23.2,76.8,origin
siti rahmawati,2026-12-31,2,366.0,22.6,77.4,varian
siti kusuma,2026-12-31,3,121.0,6.516666666666667,93.48333333333332,origin
nisa setiawan,2026-12-31,3,207.0,22.95,77.05,origin
budi lestari,2026-12-31,2,175.0,10.916666666666666,89.08333333333333,origin
putri aminah,2026-12-31,5,89.0,15.983333333333334,84.01666666666667,varian
reza setiawan,2026-12-31,4,49.0,15.316666666666666,84.68333333333334,varian
fajar setiawan,2026-12-31,3,81.0,9.35,90.65,varian
rina wulandari,2026-12-31,4,98.0,14.633333333333333,85.36666666666667,varian
budi sari,2026-12-31,3,300.0,23.0,77.0,varian
dewi lestari,2026-12-31,3,231.0,21.85,78.15,varian
siti ramadhan,2026-12-31,3,16.0,11.766666666666666,88.23333333333333,varian
reza rahmawati,2026-12-31,3,42.0,7.2,92.8,varian
siti sari,2026-12-31,3,104.0,16.233333333333334,83.76666666666667,origin
andi wulandari,2026-12-31,3,152.0,10.533333333333331,89.46666666666667,varian
rina lestari,2026-12-31,3,154.0,7.066666666666666,92.93333333333334,origin
dewi ramadhan,2026-12-31,5,71.0,15.683333333333334,84.31666666666666,varian
rizky sari,2026-12-31,2,154.0,15.566666666666666,84.43333333333334,origin
maya aminah,2026-12-31,2,80.0,14.333333333333332,85.66666666666667,origin
dimas hidayat,2026-12-31,1,71.0,12.683333333333334,87.31666666666666,origin
hafizhan santoso,2026-12-31,3,246.0,13.6,86.4,origin
dewi hidayat,2026-12-31,5,75.0,15.75,84.25,varian
rina kusuma,2026-12-31,2,188.0,19.633333333333333,80.36666666666667,varian
hafizhan lestari,2026-12-31,4,88.0,10.966666666666669,89.03333333333333,varian
ayu setiawan,2026-12-31,4,315.0,24.75,75.25,varian
rizky lestari,2026-12-31,3,73.0,15.716666666666669,84.28333333333333,origin
ayu kusuma,2026-12-31,2,265.0,22.416666666666668,77.58333333333333,origin
fajar lestari,2026-12-31,3,49.0,15.316666666666666,84.68333333333334,origin
rina saputra,2026-12-31,1,298.0,21.46666666666667,78.53333333333333,origin
putri rahmawati,2026-12-31,5,102.0,11.2,88.8,varian
putri saputra,2026-12-31,1,474.0,24.4,75.6,origin
ayu hidayat,2026-12-31,3,285.0,11.25,88.75,varian
agus setiawan,2026-12-31,3,216.0,20.1,79.9,varian
reza kusuma,2026-12-31,5,190.0,22.666666666666664,77.33333333333334,varian
dimas setiawan,2026-12-31,2,86.0,9.433333333333334,90.56666666666666,origin
andi sari,2026-12-31,4,149.0,10.483333333333334,89.51666666666667,varian
dimas ramadhan,2026-12-31,3,167.0,7.283333333333333,92.71666666666668,origin
maya wulandari,2026-12-31,2,94.0,14.566666666666666,85.43333333333334,origin
putri shidqi,2026-12-31,3,29.0,14.983333333333334,85.01666666666667,origin
nisa shidqi,2026-12-31,4,81.0,14.35,85.65,varian
ayu aminah,2026-12-31,4,28.0,9.966666666666669,90.03333333333333,varian
maya hidayat,2026-12-31,2,394.0,23.066666666666663,76.93333333333334,varian
nisa shidqi,2026-12-31,1,89.0,12.983333333333334,87.01666666666667,origin
budi hidayat,2026-12-31,5,163.0,12.216666666666669,87.78333333333333,varian
rina setiawan,2026-12-31,1,43.0,7.216666666666667,92.78333333333332,origin
siti sari,2026-12-31,4,100.0,11.166666666666668,88.83333333333333,varian
nisa rahmawati,2026-12-31,1,60.0,7.5,92.5,origin
putri ramadhan,2026-12-31,3,92.0,13.033333333333331,86.96666666666667,varian
fajar aminah,2026-12-31,4,145.0,16.916666666666664,83.08333333333334,varian
agus wulandari,2026-12-31,3,83.0,15.883333333333333,84.11666666666667,origin
dimas sari,2026-12-31,3,224.0,18.23333333333333,81.76666666666667,origin
hafizhan pratama,2026-12-31,1,120.0,3.5,96.5,origin
nisa lestari,2026-12-31,5,312.0,19.7,80.3,varian
nisa ramadhan,2026-12-31,3,295.0,21.416666666666668,78.58333333333333,varian
hafizhan hidayat,2026-12-31,3,353.0,20.383333333333333,79.61666666666667,origin
rizky setiawan,2026-12-31,2,234.0,20.4,79.6,varian
siti pratama,2026-12-31,1,427.0,23.616666666666667,76.38333333333333,origin
fajar wulandari,2026-12-31,1,44.0,2.2333333333333334,97.76666666666668,origin
siti pratama,2026-12-31,3,87.0,5.95,94.05,origin
andi sari,2026-12-31,1,103.0,13.216666666666669,86.78333333333333,origin
dewi hidayat,2026-12-31,2,236.0,16.933333333333334,83.06666666666666,origin
fajar pratama,2026-12-31,1,92.0,13.033333333333331,86.96666666666667,origin
ayu wulandari,2026-12-31,3,97.0,14.616666666666667,85.38333333333333,varian
andi saputra,2026-12-31,5,352.0,25.366666666666667,74.63333333333333,varian
ayu setiawan,2026-12-31,2,134.0,10.233333333333334,89.76666666666667,origin
fajar setiawan,2026-12-31,2,59.0,7.483333333333333,92.51666666666668,varian
putri sari,2026-12-31,2,65.0,14.083333333333332,85.91666666666667,origin
rizky hidayat,2026-12-31,3,116.0,14.933333333333334,85.06666666666666,varian
siti santoso,2026-12-31,1,201.0,19.85,80.15,origin
maya sari,2026-12-31,3,73.0,5.716666666666667,94.28333333333332,origin
fajar kusuma,2026-12-31,2,262.0,22.366666666666667,77.63333333333333,origin
budi rahmawati,2026-12-31,4,321.0,24.85,75.15,varian
rizky pratama,2026-12-31,3,78.0,15.8,84.2,origin
siti santoso,2026-12-31,2,107.0,13.283333333333331,86.71666666666667,varian
agus rahmawati,2026-12-31,5,303.0,14.55,85.45,varian
andi sari,2026-12-31,1,137.0,13.783333333333331,86.21666666666667,origin
rizky ramadhan,2026-12-31,3,148.0,13.966666666666669,86.03333333333333,varian
maya aminah,2026-12-31,2,60.0,4.0,96.0,origin
nisa hidayat,2026-12-31,1,53.0,12.383333333333333,87.61666666666667,origin
dewi santoso,2026-12-31,3,119.0,13.483333333333334,86.51666666666667,varian
reza wulandari,2026-12-31,1,195.0,19.75,80.25,origin
maya sari,2026-12-31,3,35.0,15.083333333333332,84.91666666666667,origin
agus rahmawati,2026-12-31,2,117.0,9.95,90.05,origin
maya hidayat,2026-12-31,1,153.0,14.05,85.95,origin
andi saputra,2026-12-31,1,291.0,21.35,78.65,origin
rina hidayat,2026-12-31,4,134.0,16.733333333333334,83.26666666666667,varian
putri pratama,2026-12-31,5,142.0,11.866666666666667,88.13333333333333,varian
rizky wulandari,2026-12-31,4,189.0,22.65,77.35,varian
agus santoso,2026-12-31,5,325.0,24.916666666666668,75.08333333333333,varian
dimas lestari,2026-12-31,5,43.0,5.216666666666667,94.78333333333332,varian
rina shidqi,2026-12-31,5,123.0,16.55,83.45,varian
siti santoso,2026-12-31,2,112.0,14.866666666666667,85.13333333333333,origin
hafizhan kusuma,2026-12-31,3,54.0,3.9,96.1,varian
fajar pratama,2026-12-31,3,100.0,16.166666666666668,83.83333333333333,origin
ayu shidqi,2026-12-31,2,215.0,21.583333333333336,78.41666666666666,origin
nisa hidayat,2026-12-31,2,167.0,15.783333333333331,84.21666666666667,origin
rina santoso,2026-12-31,4,227.0,21.78333333333333,78.21666666666667,varian
dewi shidqi,2026-12-31,2,74.0,9.233333333333334,90.76666666666668,origin
reza setiawan,2026-12-31,3,183.0,9.55,90.45,varian
ayu saputra,2026-12-31,1,172.0,14.366666666666667,85.63333333333333,origin
dimas lestari,2026-12-31,1,337.0,22.116666666666667,77.88333333333333,origin
budi setiawan,2026-12-31,1,51.0,12.35,87.65,origin
nisa kusuma,2026-12-31,2,210.0,16.5,83.5,origin
andi lestari,2026-12-31,4,203.0,21.383333333333333,78.61666666666667,varian
agus ramadhan,2026-12-31,4,61.0,10.516666666666666,89.48333333333333,varian
andi rahmawati,2026-12-31,1,347.0,17.28333333333333,82.71666666666667,origin
putri sari,2026-12-31,3,121.0,5.016666666666667,94.98333333333332,varian
dewi pratama,2026-12-31,4,127.0,11.616666666666667,88.38333333333333,varian
budi sari,2026-12-31,3,76.0,12.766666666666666,87.23333333333333,varian
agus saputra,2026-12-31,1,314.0,16.733333333333334,83.26666666666667,origin
fajar lestari,2026-12-31,2,39.0,13.65,86.35,origin
putri ramadhan,2026-12-31,3,163.0,17.21666666666667,82.78333333333333,origin
fajar lestari,2026-12-31,5,126.0,16.6,83.4,varian
budi aminah,2026-12-31,2,274.0,11.066666666666666,88.93333333333334,varian
ayu kusuma,2026-12-31,4,151.0,17.016666666666666,82.98333333333333,varian
ayu shidqi,2026-12-31,3,174.0,15.9,84.1,varian
agus setiawan,2026-12-31,2,132.0,13.7,86.3,varian
agus saputra,2026-12-31,1,190.0,19.666666666666664,80.33333333333334,origin
putri lestari,2026-12-31,3,36.0,13.6,86.4,varian
nisa saputra,2026-12-31,1,358.0,22.46666666666667,77.53333333333333,origin
budi shidqi,2026-12-31,2,234.0,11.9,88.1,origin
hafizhan saputra,2026-12-31,2,137.0,15.283333333333331,84.71666666666667,origin
hafizhan kusuma,2026-12-31,5,173.0,17.383333333333333,82.61666666666667,varian
siti santoso,2026-12-31,4,147.0,15.45,84.55,varian
putri ramadhan,2026-12-31,3,105.0,13.25,86.75,varian
budi wulandari,2026-12-31,4,127.0,5.116666666666667,94.88333333333333,varian
rizky pratama,2026-12-31,3,86.0,4.433333333333334,95.56666666666666,varian
reza kusuma,2026-12-31,1,150.0,14.0,86.0,origin
dimas saputra,2026-12-31,3,112.0,14.866666666666667,85.13333333333333,varian
ayu wulandari,2026-12-31,1,94.0,13.066666666666666,86.93333333333334,origin
nisa kusuma,2026-12-31,3,66.0,15.6,84.4,origin
putri ramadhan,2026-12-31,4,165.0,10.75,89.25,varian
reza hidayat,2026-12-31,2,140.0,13.833333333333334,86.16666666666667,varian
agus setiawan,2026-12-31,3,172.0,14.366666666666667,85.63333333333333,varian
dimas santoso,2026-12-31,3,163.0,7.216666666666667,92.78333333333332,origin
rizky wulandari,2026-12-31,2,126.0,15.1,84.9,origin
rina wulandari,2026-12-31,3,113.0,16.383333333333333,83.61666666666667,origin
rizky aminah,2026-12-31,1,75.0,2.75,97.25,origin
rina sari,2026-12-31,2,349.0,23.816666666666663,76.18333333333334,origin
siti wulandari,2026-12-31,4,93.0,16.05,83.95,varian
hafizhan wulandari,2026-12-31,2,126.0,10.1,89.9,origin
fajar kusuma,2026-12-31,1,160.0,14.166666666666666,85.83333333333333,origin
andi kusuma,2026-12-31,2,158.0,9.133333333333333,90.86666666666667,varian
rina saputra,2026-12-31,2,210.0,10.0,90.0,varian
budi kusuma,2026-12-31,4,185.0,17.583333333333336,82.41666666666666,varian
reza rahmawati,2026-12-31,2,104.0,9.733333333333334,90.26666666666668,origin
reza sari,2026-12-31,4,85.0,14.416666666666668,85.58333333333333,varian
siti aminah,2026-12-31,2,232.0,10.366666666666667,89.63333333333333,varian
reza hidayat,2026-12-31,4,67.0,14.116666666666667,85.88333333333333,varian
rizky saputra,2026-12-31,4,106.0,14.766666666666666,85.23333333333333,varian
fajar saputra,2026-12-31,3,147.0,13.95,86.05,varian
agus ramadhan,2026-12-31,5,209.0,22.98333333333333,77.01666666666667,varian
nisa lestari,2026-12-31,2,100.0,4.666666666666667,95.33333333333331,origin
agus pratama,2026-12-31,2,120.0,8.5,91.5,varian
fajar lestari,2026-12-31,1,131.0,3.683333333333333,96.31666666666666,origin
ayu santoso,2026-12-31,2,136.0,13.766666666666666,86.23333333333333,varian
siti ramadhan,2026-12-31,2,64.0,9.066666666666666,90.93333333333334,origin
andi santoso,2026-12-31,2,139.0,15.316666666666666,84.68333333333334,origin
putri sari,2026-12-31,2,152.0,15.533333333333331,84.46666666666667,origin
dewi setiawan,2026-12-31,2,134.0,15.233333333333334,84.76666666666667,origin
rina pratama,2026-12-31,2,164.0,9.233333333333334,90.76666666666668,varian
rizky saputra,2026-12-31,2,369.0,24.15,75.85,origin
agus ramadhan,2026-12-31,5,180.0,22.5,77.5,varian
hafizhan ramadhan,2026-12-31,3,219.0,20.15,79.85,varian
budi rahmawati,2026-12-31,3,71.0,9.183333333333334,90.81666666666666,varian
siti shidqi,2026-12-31,5,215.0,23.083333333333336,76.91666666666666,varian
maya pratama,2026-12-31,2,123.0,13.55,86.45,varian
fajar kusuma,2026-12-31,2,83.0,12.883333333333333,87.11666666666667,varian
reza ramadhan,2026-12-31,1,209.0,19.98333333333333,80.01666666666667,origin
rizky hidayat,2026-12-31,3,154.0,14.066666666666666,85.93333333333334,varian
siti lestari,2026-12-31,3,134.0,15.233333333333334,84.76666666666667,varian
agus aminah,2026-12-31,4,51.0,13.85,86.15,varian
rina ramadhan,2026-12-31,2,105.0,14.75,85.25,origin
agus santoso,2026-12-31,3,118.0,14.966666666666669,85.03333333333333,varian
agus pratama,2026-12-31,3,199.0,19.816666666666663,80.18333333333334,varian
rizky lestari,2026-12-31,3,173.0,10.883333333333333,89.11666666666667,varian
reza shidqi,2026-12-31,5,129.0,16.65,83.35,varian
rina pratama,2026-12-31,4,160.0,7.166666666666666,92.83333333333331,varian
rizky sari,2026-12-31,3,122.0,11.533333333333331,88.46666666666667,origin
rizky ramadhan,2026-12-31,5,145.0,16.916666666666664,83.08333333333334,varian
andi setiawan,2026-12-31,4,266.0,18.933333333333334,81.06666666666666,varian
hafizhan kusuma,2026-12-31,2,187.0,11.116666666666667,88.88333333333333,origin
budi ramadhan,2026-12-31,3,156.0,12.1,87.9,origin
siti wulandari,2026-12-31,3,230.0,16.833333333333336,83.16666666666666,varian
fajar pratama,2026-12-31,5,441.0,26.85,73.15,varian
reza setiawan,2026-12-31,2,22.0,11.866666666666667,88.13333333333333,varian
siti pratama,2026-12-31,3,54.0,7.4,92.6,varian
dewi santoso,2026-12-31,3,53.0,13.883333333333333,86.11666666666667,varian
putri kusuma,2026-12-31,3,83.0,15.883333333333333,84.11666666666667,origin
dimas pratama,2026-12-31,3,252.0,23.7,76.3,origin
hafizhan saputra,2026-12-31,1,169.0,14.316666666666666,85.68333333333334,origin
maya hidayat,2026-12-31,2,460.0,25.666666666666668,74.33333333333333,origin
rizky rahmawati,2026-12-31,4,125.0,16.583333333333336,83.41666666666666,varian
fajar wulandari,2026-12-31,3,108.0,14.8,85.2,varian
ayu setiawan,2026-12-31,2,438.0,25.3,74.7,origin
reza kusuma,2026-12-31,3,67.0,7.616666666666667,92.38333333333333,varian
andi santoso,2026-12-31,2,27.0,13.45,86.55,origin
reza kusuma,2026-12-31,4,184.0,21.066666666666663,78.93333333333334,varian
dewi aminah,2026-12-31,4,18.0,13.3,86.7,varian
budi wulandari,2026-12-31,1,219.0,20.15,79.85,origin
budi pratama,2026-12-31,2,370.0,24.166666666666668,75.83333333333333,origin
reza santoso,2026-12-31,4,78.0,14.3,85.7,varian
maya lestari,2026-12-31,5,200.0,22.833333333333336,77.16666666666666,varian
putri ramadhan,2026-12-31,3,262.0,13.866666666666667,86.13333333333333,origin
rina ramadhan,2026-12-31,3,356.0,22.433333333333334,77.56666666666666,varian
maya pratama,2026-12-31,3,41.0,13.683333333333334,86.31666666666666,varian
dewi santoso,2026-12-31,2,112.0,13.366666666666667,86.63333333333333,varian
rizky shidqi,2026-12-31,2,104.0,14.733333333333334,85.26666666666667,origin
hafizhan wulandari,2026-12-31,3,233.0,23.383333333333333,76.61666666666667,origin
ayu lestari,2026-12-31,4,415.0,26.416666666666668,73.58333333333333,varian
fajar kusuma,2026-12-31,2,163.0,15.716666666666669,84.28333333333333,origin
maya aminah,2026-12-31,1,99.0,8.15,91.85,origin
dewi ramadhan,2026-12-31,1,318.0,21.8,78.2,origin
budi wulandari,2026-12-31,2,140.0,15.333333333333334,84.66666666666667,origin
ayu wulandari,2026-12-31,4,105.0,9.75,90.25,varian
fajar wulandari,2026-12-31,4,30.0,13.5,86.5,varian
fajar ramadhan,2026-12-31,2,186.0,19.6,80.4,varian
fajar wulandari,2026-12-31,2,127.0,15.116666666666667,84.88333333333333,origin
andi rahmawati,2026-12-31,2,72.0,12.7,87.3,varian
dewi hidayat,2026-12-31,1,356.0,17.433333333333334,82.56666666666666,origin
nisa aminah,2026-12-31,2,186.0,19.6,80.4,varian
putri aminah,2026-12-31,4,184.0,22.566666666666663,77.43333333333334,varian
maya sari,2026-12-31,3,134.0,16.733333333333334,83.26666666666667,origin
nisa rahmawati,2026-12-31,4,126.0,5.1,94.9,varian
putri sari,2026-12-31,4,335.0,18.58333333333333,81.41666666666667,varian
siti wulandari,2026-12-31,2,83.0,12.883333333333333,87.11666666666667,varian
dewi rahmawati,2026-12-31,1,107.0,13.283333333333331,86.71666666666667,origin
hafizhan lestari,2026-12-31,4,114.0,16.4,83.6,varian
andi lestari,2026-12-31,1,113.0,13.383333333333333,86.61666666666667,origin
reza aminah,2026-12-31,2,66.0,14.1,85.9,origin
putri pratama,2026-12-31,1,194.0,19.73333333333333,80.26666666666667,origin
agus rahmawati,2026-12-31,1,96.0,13.1,86.9,origin
fajar wulandari,2026-12-31,2,84.0,14.4,85.6,origin
dimas saputra,2026-12-31,3,85.0,9.416666666666668,90.58333333333331,varian
agus hidayat,2026-12-31,2,58.0,13.966666666666669,86.03333333333333,origin
rizky saputra,2026-12-31,2,158.0,15.633333333333333,84.36666666666667,origin
hafizhan saputra,2026-12-31,4,100.0,16.166666666666668,83.83333333333333,varian
rina setiawan,2026-12-31,2,209.0,11.483333333333334,88.51666666666667,origin
putri aminah,2026-12-31,1,120.0,13.5,86.5,origin
hafizhan saputra,2026-12-31,3,315.0,24.75,75.25,origin
andi aminah,2026-12-31,1,164.0,9.233333333333334,90.76666666666668,origin
hafizhan setiawan,2026-12-31,2,52.0,2.3666666666666667,97.63333333333334,varian
ayu saputra,2026-12-31,4,119.0,11.483333333333334,88.51666666666667,varian
dimas santoso,2026-12-31,1,122.0,13.533333333333331,86.46666666666667,origin
maya setiawan,2026-12-31,3,59.0,15.483333333333334,84.51666666666667,origin
siti rahmawati,2026-12-31,3,398.0,23.133333333333333,76.86666666666667,varian
dewi setiawan,2026-12-31,2,335.0,23.58333333333333,76.41666666666667,origin
nisa ramadhan,2026-12-31,2,223.0,21.71666666666667,78.28333333333333,origin
rina sari,2026-12-31,4,455.0,25.58333333333333,74.41666666666667,varian
hafizhan kusuma,2026-12-31,3,427.0,26.616666666666667,73.38333333333333,origin
budi hidayat,2026-12-31,2,97.0,14.616666666666667,85.38333333333333,origin
rina aminah,2026-12-31,3,52.0,7.366666666666667,92.63333333333333,varian
dimas ramadhan,2026-12-31,2,169.0,14.316666666666666,85.68333333333334,varian
hafizhan ramadhan,2026-12-31,4,149.0,16.983333333333334,83.01666666666667,varian
reza hidayat,2026-12-31,1,292.0,11.366666666666667,88.63333333333333,origin
reza saputra,2026-12-31,4,169.0,15.816666666666666,84.18333333333334,varian
maya lestari,2026-12-31,1,166.0,14.266666666666666,85.73333333333333,origin
reza lestari,2026-12-31,5,45.0,15.25,84.75,varian
budi rahmawati,2026-12-31,1,139.0,13.816666666666666,86.18333333333334,origin
dimas saputra,2026-12-31,1,125.0,8.583333333333334,91.41666666666669,origin
agus setiawan,2026-12-31,4,268.0,22.46666666666667,77.53333333333333,varian
reza shidqi,2026-12-31,1,58.0,12.466666666666669,87.53333333333333,origin
maya lestari,2026-12-31,1,263.0,15.883333333333333,84.11666666666667,origin
maya saputra,2026-12-31,2,175.0,4.416666666666666,95.58333333333331,varian
putri kusuma,2026-12-31,3,407.0,26.28333333333333,73.71666666666667,origin
andi shidqi,2026-12-31,1,163.0,14.216666666666669,85.78333333333333,origin
budi santoso,2026-12-31,4,161.0,5.683333333333334,94.31666666666666,varian
ayu rahmawati,2026-12-31,2,348.0,22.3,77.7,varian
reza shidqi,2026-12-31,3,236.0,23.433333333333334,76.56666666666666,origin
budi saputra,2026-12-31,2,178.0,15.966666666666669,84.03333333333333,origin
budi pratama,2026-12-31,1,69.0,12.65,87.35,origin
budi kusuma,2026-12-31,2,256.0,15.766666666666666,84.23333333333333,varian
andi santoso,2026-12-31,3,114.0,16.4,83.6,origin
budi kusuma,2026-12-31,1,43.0,12.216666666666669,87.78333333333333,origin
rizky santoso,2026-12-31,1,57.0,7.45,92.55,origin
maya rahmawati,2026-12-31,4,55.0,15.416666666666668,84.58333333333333,varian
rizky lestari,2026-12-31,4,107.0,6.283333333333333,93.71666666666668,varian
nisa hidayat,2026-12-31,3,152.0,4.033333333333333,95.96666666666668,varian
putri sari,2026-12-31,2,359.0,13.983333333333334,86.01666666666667,origin
rizky ramadhan,2026-12-31,3,179.0,7.483333333333333,92.51666666666668,origin
dimas aminah,2026-12-31,3,283.0,14.216666666666669,85.78333333333333,origin
andi wulandari,2026-12-31,3,84.0,5.9,94.1,origin
putri saputra,2026-12-31,2,51.0,3.85,96.15,origin
nisa wulandari,2026-12-31,3,472.0,14.366666666666667,85.63333333333333,varian
maya wulandari,2026-12-31,2,61.0,2.5166666666666666,97.48333333333332,varian
hafizhan ramadhan,2026-12-31,1,327.0,11.95,88.05,origin
fajar sari,2026-12-31,4,175.0,7.416666666666666,92.58333333333331,varian
putri wulandari,2026-12-31,1,130.0,3.6666666666666665,96.33333333333331,origin
putri kusuma,2026-12-31,1,133.0,3.716666666666667,96.28333333333332,origin
reza rahmawati,2026-12-31,4,130.0,5.166666666666666,94.83333333333331,varian
dewi sari,2026-12-31,3,135.0,5.25,94.75,varian
fajar setiawan,2026-12-31,2,136.0,5.266666666666667,94.73333333333332,origin
ayu wulandari,2026-12-31,1,206.0,9.933333333333334,90.06666666666666,origin
nisa aminah,2026-12-31,2,67.0,4.116666666666667,95.88333333333333,origin
dewi lestari,2026-12-31,3,122.0,5.033333333333333,94.96666666666668,varian
andi hidayat,2026-12-31,2,184.0,11.066666666666666,88.93333333333334,origin
dimas hidayat,2026-12-31,2,51.0,3.85,96.15,origin
fajar rahmawati,2026-12-31,3,100.0,4.666666666666667,95.33333333333331,varian
hafizhan saputra,2026-12-31,2,204.0,11.4,88.6,origin
ayu saputra,2026-12-31,2,90.0,4.5,95.5,origin
rina rahmawati,2026-12-31,2,110.0,4.833333333333333,95.16666666666669,origin
andi santoso,2026-12-31,4,67.0,4.116666666666667,95.88333333333333,varian
hafizhan setiawan,2026-12-31,3,109.0,4.816666666666666,95.18333333333334,varian
rina sari,2026-12-31,3,167.0,4.283333333333333,95.71666666666668,varian
fajar santoso,2026-12-31,4,52.0,5.366666666666667,94.63333333333333,varian
budi setiawan,2026-12-31,2,38.0,2.1333333333333333,97.86666666666666,varian
dimas lestari,2026-12-31,3,182.0,11.033333333333331,88.96666666666667,varian
nisa ramadhan,2026-12-31,3,160.0,7.166666666666666,92.83333333333331,origin
ayu hidayat,2026-12-31,3,77.0,2.783333333333333,97.21666666666668,varian
dimas sari,2026-12-31,3,88.0,4.466666666666667,95.53333333333332,varian
andi hidayat,2026-12-31,2,272.0,12.533333333333331,87.46666666666667,origin
hafizhan pratama,2026-12-31,4,53.0,3.883333333333333,96.11666666666666,varian
agus shidqi,2026-12-31,1,211.0,10.016666666666666,89.98333333333333,origin
siti kusuma,2026-12-31,5,228.0,13.3,86.7,varian
rizky kusuma,2026-12-31,1,64.0,2.5666666666666664,97.43333333333334,origin
maya lestari,2026-12-31,4,100.0,6.166666666666667,93.83333333333331,varian
andi sari,2026-12-31,3,334.0,12.066666666666666,87.93333333333334,varian
dewi lestari,2026-12-31,2,108.0,4.8,95.2,origin
andi wulandari,2026-12-31,4,106.0,6.266666666666667,93.73333333333332,varian
rizky aminah,2026-12-31,5,138.0,6.8,93.2,varian
putri aminah,2026-12-31,3,96.0,6.1,93.9,origin
budi lestari,2026-12-31,1,229.0,10.316666666666666,89.68333333333334,origin
fajar hidayat,2026-12-31,3,135.0,6.75,93.25,origin
dewi wulandari,2026-12-31,2,52.0,3.8666666666666663,96.13333333333334,origin
dimas rahmawati,2026-12-31,2,140.0,5.333333333333334,94.66666666666669,origin
andi saputra,2026-12-31,1,133.0,3.716666666666667,96.28333333333332,origin
rizky rahmawati,2026-12-31,1,317.0,11.783333333333331,88.21666666666667,origin
fajar ramadhan,2026-12-31,3,211.0,13.016666666666666,86.98333333333333,origin
agus santoso,2026-12-31,3,174.0,7.4,92.6,origin
fajar wulandari,2026-12-31,2,180.0,9.5,90.5,varian
reza saputra,2026-12-31,4,41.0,5.183333333333334,94.81666666666666,varian
budi shidqi,2026-12-31,3,193.0,12.716666666666669,87.28333333333333,origin
andi kusuma,2026-12-31,3,78.0,4.3,95.7,varian
nisa shidqi,2026-12-31,2,54.0,3.9,96.1,origin
hafizhan aminah,2026-12-31,3,81.0,5.85,94.15,origin
hafizhan pratama,2026-12-31,3,60.0,5.5,94.5,origin
rizky kusuma,2026-12-31,1,356.0,12.433333333333334,87.56666666666666,origin
reza santoso,2026-12-31,3,70.0,5.666666666666667,94.33333333333331,origin
hafizhan sari,2026-12-31,2,92.0,3.033333333333333,96.96666666666668,varian
maya kusuma,2026-12-31,2,107.0,4.783333333333333,95.21666666666668,origin
dewi aminah,2026-12-31,2,218.0,11.633333333333333,88.36666666666667,origin
nisa hidayat,2026-12-31,5,114.0,6.4,93.6,varian
reza pratama,2026-12-31,3,35.0,5.083333333333333,94.91666666666669,origin
nisa ramadhan,2026-12-31,3,194.0,9.733333333333334,90.26666666666668,varian
fajar rahmawati,2026-12-31,2,161.0,5.683333333333334,94.31666666666666,origin
andi hidayat,2026-12-31,3,62.0,5.533333333333333,94.46666666666668,origin
siti ramadhan,2026-12-31,3,228.0,11.8,88.2,varian
agus saputra,2026-12-31,2,175.0,4.416666666666666,95.58333333333331,varian
agus pratama,2026-12-31,1,69.0,2.65,97.35,origin
budi ramadhan,2026-12-31,2,308.0,13.133333333333333,86.86666666666667,origin
putri rahmawati,2026-12-31,4,126.0,6.6,93.4,varian
dimas santoso,2026-12-31,3,260.0,10.833333333333332,89.16666666666667,varian
dimas hidayat,2026-12-31,5,38.0,5.133333333333333,94.86666666666667,varian
dewi wulandari,2026-12-31,3,212.0,10.033333333333331,89.96666666666667,varian
nisa saputra,2026-12-31,1,184.0,9.566666666666666,90.43333333333334,origin
dimas kusuma,2026-12-31,2,162.0,5.7,94.3,origin
maya rahmawati,2026-12-31,5,91.0,6.016666666666667,93.98333333333332,varian
andi saputra,2026-12-31,3,185.0,12.583333333333334,87.41666666666667,origin
putri lestari,2026-12-31,3,444.0,15.4,84.6,varian
siti saputra,2026-12-31,5,455.0,17.083333333333332,82.91666666666667,varian
putri wulandari,2026-12-31,2,82.0,2.8666666666666667,97.13333333333334,varian
rina santoso,2026-12-31,4,49.0,5.316666666666666,94.68333333333334,varian
ayu aminah,2026-12-31,1,122.0,3.533333333333333,96.46666666666668,origin
siti pratama,2026-12-31,2,94.0,4.566666666666666,95.43333333333334,origin
dewi wulandari,2026-12-31,3,135.0,6.75,93.25,origin
dewi lestari,2026-12-31,1,79.0,2.8166666666666664,97.18333333333334,origin
dewi shidqi,2026-12-31,4,379.0,14.316666666666666,85.68333333333334,varian
dewi pratama,2026-12-31,3,149.0,3.983333333333333,96.01666666666668,varian
agus kusuma,2026-12-31,5,480.0,17.5,82.5,varian
dimas lestari,2026-12-31,4,117.0,6.45,93.55,varian
hafizhan setiawan,2026-12-31,1,136.0,3.7666666666666666,96.23333333333332,origin
reza shidqi,2026-12-31,4,317.0,14.783333333333331,85.21666666666667,varian
rina saputra,2026-12-31,3,49.0,5.316666666666666,94.68333333333334,origin
agus ramadhan,2026-12-31,3,150.0,7.0,93.0,origin
dewi santoso,2026-12-31,4,126.0,5.1,94.9,varian
rina sari,2026-12-31,3,112.0,3.3666666666666667,96.63333333333334,varian
putri ramadhan,2026-12-31,2,76.0,4.266666666666667,95.73333333333332,origin
rina wulandari,2026-12-31,1,88.0,2.966666666666667,97.03333333333332,origin
maya ramadhan,2026-12-31,1,124.0,3.566666666666667,96.43333333333334,origin
fajar sari,2026-12-31,4,30.0,3.5,96.5,varian
dimas aminah,2026-12-31,1,37.0,2.1166666666666667,97.88333333333334,origin
hafizhan lestari,2026-12-31,4,171.0,5.85,94.15,varian
dewi sari,2026-12-31,4,99.0,6.15,93.85,varian
dewi santoso,2026-12-31,3,247.0,13.616666666666667,86.38333333333333,origin
dewi sari,2026-12-31,3,208.0,12.966666666666669,87.03333333333333,origin
dimas pratama,2026-12-31,1,118.0,3.466666666666667,96.53333333333332,origin
budi wulandari,2026-12-31,2,113.0,4.883333333333333,95.11666666666667,origin
dimas pratama,2026-12-31,4,109.0,6.316666666666666,93.68333333333334,varian
andi saputra,2026-12-31,4,179.0,7.483333333333333,92.51666666666668,varian
fajar setiawan,2026-12-31,1,195.0,9.75,90.25,origin
dewi lestari,2026-12-31,4,200.0,11.333333333333334,88.66666666666667,varian
dewi saputra,2026-12-31,1,251.0,10.683333333333334,89.31666666666666,origin
hafizhan ramadhan,2026-12-31,1,332.0,12.033333333333331,87.96666666666667,origin
dewi santoso,2026-12-31,4,38.0,5.133333333333333,94.86666666666667,varian
hafizhan rahmawati,2026-12-31,3,33.0,5.05,94.95,origin
ayu santoso,2026-12-31,2,176.0,5.933333333333334,94.06666666666666,origin
rizky kusuma,2026-12-31,3,369.0,12.65,87.35,varian
maya santoso,2026-12-31,3,81.0,4.35,95.65,varian
siti lestari,2026-12-31,3,167.0,7.283333333333333,92.71666666666668,origin
ayu santoso,2026-12-31,2,201.0,11.35,88.65,origin
maya pratama,2026-12-31,3,139.0,5.316666666666666,94.68333333333334,varian
putri kusuma,2026-12-31,4,459.0,17.15,82.85,varian
budi setiawan,2026-12-31,3,332.0,15.033333333333331,84.96666666666667,origin
budi saputra,2026-12-31,3,87.0,2.95,97.05,varian
ayu aminah,2026-12-31,1,75.0,2.75,97.25,origin
siti lestari,2026-12-31,4,50.0,5.333333333333333,94.66666666666669,varian
dimas saputra,2026-12-31,5,204.0,12.9,87.1,varian
ayu hidayat,2026-12-31,3,169.0,4.316666666666666,95.68333333333334,varian
andi hidayat,2026-12-31,3,105.0,4.75,95.25,varian
fajar aminah,2026-12-31,3,274.0,12.566666666666666,87.43333333333334,varian
budi saputra,2026-12-31,3,59.0,3.983333333333333,96.01666666666668,varian
nisa santoso,2026-12-31,2,145.0,5.416666666666666,94.58333333333331,origin
dimas saputra,2026-12-31,5,69.0,5.65,94.35,varian
ayu wulandari,2026-12-31,4,84.0,4.4,95.6,varian
hafizhan pratama,2026-12-31,1,30.0,2.0,98.0,origin
budi saputra,2026-12-31,4,46.0,3.7666666666666666,96.23333333333332,varian
rizky lestari,2026-12-31,2,286.0,12.766666666666666,87.23333333333333,origin
siti wulandari,2026-12-31,3,211.0,13.016666666666666,86.98333333333333,origin
fajar pratama,2026-12-31,3,61.0,5.516666666666667,94.48333333333332,origin
putri setiawan,2026-12-31,2,77.0,4.283333333333333,95.71666666666668,origin
dewi sari,2026-12-31,5,17.0,4.783333333333333,95.21666666666668,varian
rina ramadhan,2026-12-31,1,164.0,4.233333333333333,95.76666666666668,origin
ayu saputra,2026-12-31,2,352.0,13.866666666666667,86.13333333333333,origin
fajar sari,2026-12-31,3,113.0,6.383333333333333,93.61666666666667,origin
siti santoso,2026-12-31,4,65.0,5.583333333333333,94.41666666666669,varian
reza aminah,2026-12-31,2,81.0,2.85,97.15,varian
siti kusuma,2026-12-31,1,111.0,3.35,96.65,origin
fajar ramadhan,2026-12-31,4,50.0,3.8333333333333335,96.16666666666669,varian
dewi santoso,2026-12-31,1,52.0,2.3666666666666667,97.63333333333334,origin
ayu hidayat,2026-12-31,3,95.0,6.083333333333333,93.91666666666669,origin
dimas wulandari,2026-12-31,3,116.0,3.4333333333333336,96.56666666666666,varian
agus aminah,2026-12-31,2,213.0,11.55,88.45,origin
fajar sari,2026-12-31,3,187.0,9.616666666666667,90.38333333333333,varian
putri hidayat,2026-12-31,4,162.0,7.2,92.8,varian
ayu ramadhan,2026-12-31,4,142.0,5.366666666666667,94.63333333333333,varian
hafizhan kusuma,2026-12-31,2,180.0,9.5,90.5,varian
reza lestari,2026-12-31,2,135.0,5.25,94.75,origin
andi ramadhan,2026-12-31,1,49.0,2.3166666666666664,97.68333333333334,origin
nisa rahmawati,2026-12-31,3,235.0,11.916666666666666,88.08333333333333,varian
dewi pratama,2026-12-31,1,88.0,2.966666666666667,97.03333333333332,origin
dimas hidayat,2026-12-31,4,172.0,5.866666666666667,94.13333333333333,varian
siti santoso,2026-12-31,3,166.0,7.266666666666667,92.73333333333332,origin
hafizhan lestari,2026-12-31,2,159.0,4.15,95.85,varian
siti aminah,2026-12-31,2,203.0,11.383333333333333,88.61666666666667,origin
rizky rahmawati,2026-12-31,3,77.0,4.283333333333333,95.71666666666668,varian
dimas aminah,2026-12-31,4,167.0,5.783333333333333,94.21666666666668,varian
ayu wulandari,2026-12-31,5,88.0,5.966666666666667,94.03333333333332,varian
andi saputra,2026-12-31,2,136.0,3.7666666666666666,96.23333333333332,varian
budi kusuma,2026-12-31,2,182.0,9.533333333333331,90.46666666666668,varian
dewi lestari,2026-12-31,2,87.0,2.95,97.05,varian
maya santoso,2026-12-31,3,119.0,6.483333333333333,93.51666666666668,origin
dimas rahmawati,2026-12-31,4,148.0,5.466666666666667,94.53333333333332,varian
agus lestari,2026-12-31,1,148.0,3.966666666666667,96.03333333333332,origin
dimas lestari,2026-12-31,5,56.0,5.433333333333334,94.56666666666666,varian
maya sari,2026-12-31,1,129.0,3.65,96.35,origin
siti setiawan,2026-12-31,4,234.0,13.4,86.6,varian
maya sari,2026-12-31,1,207.0,9.95,90.05,origin
maya wulandari,2026-12-31,3,224.0,10.233333333333334,89.76666666666667,varian
siti saputra,2026-12-31,2,160.0,5.666666666666666,94.33333333333331,origin
rizky kusuma,2026-12-31,1,174.0,4.4,95.6,origin
siti kusuma,2026-12-31,5,308.0,14.633333333333333,85.36666666666667,varian
ayu kusuma,2026-12-31,2,86.0,2.9333333333333336,97.06666666666666,varian
putri kusuma,2026-12-31,3,122.0,3.533333333333333,96.46666666666668,varian
hafizhan pratama,2026-12-31,3,67.0,5.616666666666667,94.38333333333333,origin
agus saputra,2026-12-31,4,63.0,4.05,95.95,varian
dewi aminah,2026-12-31,4,210.0,13.0,87.0,varian
fajar kusuma,2026-12-31,5,286.0,14.266666666666666,85.73333333333333,varian
agus lestari,2026-12-31,2,96.0,3.1,96.9,varian
putri kusuma,2026-12-31,3,161.0,4.183333333333334,95.81666666666666,varian
rina hidayat,2026-12-31,2,118.0,3.466666666666667,96.53333333333332,varian
reza kusuma,2026-12-31,4,355.0,15.416666666666668,84.58333333333333,varian
fajar lestari,2026-12-31,4,274.0,14.066666666666666,85.93333333333334,varian
rizky aminah,2026-12-31,2,71.0,4.183333333333334,95.81666666666666,origin
siti rahmawati,2026-12-31,1,147.0,3.95,96.05,origin
rizky lestari,2026-12-31,3,335.0,15.083333333333332,84.91666666666667,origin
andi hidayat,2026-12-31,2,84.0,4.4,95.6,origin
ayu ramadhan,2026-12-31,3,293.0,14.383333333333333,85.61666666666667,origin
maya kusuma,2026-12-31,4,69.0,5.65,94.35,varian
putri lestari,2026-12-31,1,73.0,2.716666666666667,97.28333333333332,origin
dimas saputra,2026-12-31,3,57.0,5.45,94.55,origin
agus wulandari,2026-12-31,2,218.0,10.133333333333333,89.86666666666667,varian
maya santoso,2026-12-31,4,68.0,5.633333333333333,94.36666666666667,varian
maya hidayat,2026-12-31,3,142.0,6.866666666666667,93.13333333333333,origin
fajar lestari,2026-12-31,4,391.0,16.016666666666666,83.98333333333333,varian
hafizhan ramadhan,2026-12-31,1,34.0,2.0666666666666664,97.93333333333334,origin
dewi saputra,2026-12-31,2,80.0,2.833333333333333,97.16666666666669,varian
rina setiawan,2026-12-31,5,110.0,6.333333333333333,93.66666666666669,varian
dewi hidayat,2026-12-31,3,22.0,3.3666666666666667,96.63333333333334,varian
ayu rahmawati,2026-12-31,2,132.0,3.7,96.3,varian
budi kusuma,2026-12-31,1,205.0,9.916666666666666,90.08333333333331,origin
putri hidayat,2026-12-31,5,107.0,6.283333333333333,93.71666666666668,varian
budi lestari,2026-12-31,3,405.0,14.75,85.25,varian
maya sari,2026-12-31,2,56.0,3.9333333333333336,96.06666666666666,origin
ayu wulandari,2026-12-31,3,310.0,14.666666666666668,85.33333333333333,origin
reza pratama,2026-12-31,3,88.0,2.966666666666667,97.03333333333332,varian
fajar saputra,2026-12-31,2,250.0,10.666666666666668,89.33333333333333,varian
dewi shidqi,2026-12-31,4,168.0,7.3,92.7,varian
ayu wulandari,2026-12-31,1,348.0,12.3,87.7,origin
dimas ramadhan,2026-12-31,3,459.0,15.65,84.35,varian
budi kusuma,2026-12-31,4,240.0,13.5,86.5,varian
budi hidayat,2026-12-31,5,173.0,7.383333333333333,92.61666666666667,varian
agus setiawan,2026-12-31,3,91.0,4.516666666666667,95.48333333333332,varian
putri shidqi,2026-12-31,2,123.0,5.05,94.95,origin
nisa hidayat,2026-12-31,3,177.0,5.95,94.05,varian
putri rahmawati,2026-12-31,3,185.0,9.583333333333334,90.41666666666669,varian
dimas saputra,2026-12-31,4,122.0,5.033333333333333,94.96666666666668,varian
siti rahmawati,2026-12-31,5,32.0,5.033333333333333,94.96666666666668,varian
agus pratama,2026-12-31,4,49.0,5.316666666666666,94.68333333333334,varian
ayu setiawan,2026-12-31,1,249.0,10.65,89.35,origin
ayu sari,2026-12-31,2,138.0,5.3,94.7,origin
reza wulandari,2026-12-31,4,327.0,14.95,85.05,varian
hafizhan aminah,2026-12-31,2,163.0,5.716666666666667,94.28333333333332,origin
maya santoso,2026-12-31,3,351.0,13.85,86.15,varian
ayu rahmawati,2026-12-31,1,106.0,3.2666666666666666,96.73333333333332,origin
rina ramadhan,2026-12-31,1,219.0,10.15,89.85,origin
rina saputra,2026-12-31,3,203.0,9.883333333333333,90.11666666666667,varian
ayu santoso,2026-12-31,2,142.0,3.8666666666666663,96.13333333333334,varian
budi wulandari,2026-12-31,4,59.0,3.983333333333333,96.01666666666668,varian
hafizhan wulandari,2026-12-31,2,164.0,5.733333333333333,94.26666666666668,origin
rina santoso,2026-12-31,1,348.0,12.3,87.7,origin
siti aminah,2026-12-31,2,87.0,4.45,95.55,origin
putri saputra,2026-12-31,1,172.0,4.366666666666667,95.63333333333333,origin
putri hidayat,2026-12-31,5,117.0,6.45,93.55,varian
ayu rahmawati,2026-12-31,3,174.0,7.4,92.6,origin
ayu ramadhan,2026-12-31,3,125.0,6.583333333333334,93.41666666666669,origin
ayu wulandari,2026-12-31,3,154.0,5.566666666666666,94.43333333333334,varian
ayu pratama,2026-12-31,3,175.0,4.416666666666666,95.58333333333331,varian
maya sari,2026-12-31,1,217.0,10.116666666666667,89.88333333333333,origin
rina ramadhan,2026-12-31,3,188.0,9.633333333333333,90.36666666666667,varian
dimas shidqi,2026-12-31,4,37.0,3.6166666666666663,96.38333333333334,varian
andi kusuma,2026-12-31,3,32.0,3.533333333333333,96.46666666666668,varian
putri pratama,2026-12-31,3,180.0,12.5,87.5,origin
rizky ramadhan,2026-12-31,3,362.0,15.533333333333331,84.46666666666667,origin
putri setiawan,2026-12-31,3,133.0,5.216666666666667,94.78333333333332,varian
putri kusuma,2026-12-31,2,357.0,12.45,87.55,varian
budi rahmawati,2026-12-31,5,194.0,12.733333333333334,87.26666666666667,varian
rina shidqi,2026-12-31,4,106.0,4.766666666666667,95.23333333333332,varian
reza wulandari,2026-12-31,3,139.0,3.816666666666667,96.18333333333334,varian
ayu rahmawati,2026-12-31,1,33.0,2.05,97.95,origin
fajar shidqi,2026-12-31,3,352.0,12.366666666666667,87.63333333333333,varian
fajar shidqi,2026-12-31,4,175.0,5.916666666666666,94.08333333333331,varian
reza saputra,2026-12-31,2,382.0,12.866666666666667,87.13333333333333,varian
dewi hidayat,2026-12-31,2,162.0,5.7,94.3,origin
budi santoso,2026-12-31,2,52.0,3.8666666666666663,96.13333333333334,origin
budi aminah,2026-12-31,3,222.0,11.7,88.3,varian
ayu aminah,2026-12-31,3,122.0,6.533333333333333,93.46666666666668,origin
rizky setiawan,2026-12-31,1,88.0,2.966666666666667,97.03333333333332,origin
dimas setiawan,2026-12-31,3,198.0,9.8,90.2,varian
siti ramadhan,2026-12-31,2,120.0,3.5,96.5,varian
dewi wulandari,2026-12-31,1,75.0,2.75,97.25,origin
maya setiawan,2026-12-31,2,342.0,13.7,86.3,origin
agus wulandari,2026-12-31,2,102.0,4.7,95.3,origin
rina ramadhan,2026-12-31,2,355.0,12.416666666666668,87.58333333333333,varian
rizky saputra,2026-12-31,3,125.0,6.583333333333334,93.41666666666669,origin
putri ramadhan,2026-12-31,4,349.0,15.316666666666666,84.68333333333334,varian
ayu rahmawati,2026-12-31,4,23.0,4.883333333333334,95.11666666666666,varian
fajar saputra,2026-12-31,2,434.0,15.233333333333334,84.76666666666667,origin
fajar lestari,2026-12-31,3,127.0,6.616666666666667,93.38333333333333,origin
putri aminah,2026-12-31,3,67.0,4.116666666666667,95.88333333333333,varian
ayu aminah,2026-12-31,3,173.0,7.383333333333333,92.61666666666667,origin
agus wulandari,2026-12-31,3,156.0,5.6,94.4,varian
dewi ramadhan,2026-12-31,1,58.0,2.466666666666667,97.53333333333332,origin
nisa ramadhan,2026-12-31,1,202.0,9.866666666666667,90.13333333333333,origin
ayu setiawan,2026-12-31,3,407.0,13.283333333333331,86.71666666666667,varian
rizky shidqi,2026-12-31,4,60.0,5.5,94.5,varian
maya aminah,2026-12-31,2,97.0,4.616666666666667,95.38333333333333,origin
putri saputra,2026-12-31,3,136.0,5.266666666666667,94.73333333333332,varian
rizky ramadhan,2026-12-31,3,215.0,11.583333333333334,88.41666666666667,varian
rizky pratama,2026-12-31,2,141.0,5.35,94.65,origin
siti santoso,2026-12-31,5,102.0,6.2,93.8,varian
hafizhan kusuma,2026-12-31,2,223.0,11.716666666666669,88.28333333333333,origin
agus kusuma,2026-12-31,2,121.0,5.016666666666667,94.98333333333332,origin
ayu setiawan,2026-12-31,4,39.0,5.15,94.85,varian
hafizhan pratama,2026-12-31,2,459.0,15.65,84.35,origin
siti lestari,2026-12-31,4,110.0,4.833333333333333,95.16666666666669,varian
budi saputra,2026-12-31,3,142.0,6.866666666666667,93.13333333333333,origin
siti rahmawati,2026-12-31,3,95.0,4.583333333333333,95.41666666666669,varian
siti setiawan,2026-12-31,4,240.0,12.0,88.0,varian
budi ramadhan,2026-12-31,3,416.0,16.433333333333334,83.56666666666666,origin
hafizhan shidqi,2026-12-31,4,77.0,5.783333333333333,94.21666666666668,varian
reza hidayat,2026-12-31,3,118.0,6.466666666666667,93.53333333333332,origin
ayu ramadhan,2026-12-31,3,30.0,5.0,95.0,origin
andi saputra,2026-12-31,1,392.0,13.033333333333331,86.96666666666667,origin
ayu wulandari,2026-12-31,3,339.0,12.15,87.85,varian
andi lestari,2026-12-31,2,138.0,3.8,96.2,varian
nisa aminah,2026-12-31,3,135.0,6.75,93.25,origin
fajar setiawan,2026-12-31,3,274.0,14.066666666666666,85.93333333333334,origin
rizky shidqi,2026-12-31,2,276.0,11.1,88.9,varian
nisa hidayat,2026-12-31,3,143.0,5.383333333333333,94.61666666666667,varian
putri hidayat,2026-12-31,4,130.0,5.166666666666666,94.83333333333331,varian
rina hidayat,2026-12-31,2,133.0,5.216666666666667,94.78333333333332,origin
reza sari,2026-12-31,1,308.0,11.633333333333333,88.36666666666667,origin
putri aminah,2026-12-31,1,202.0,9.866666666666667,90.13333333333333,origin
andi kusuma,2026-12-31,2,76.0,4.266666666666667,95.73333333333332,origin
andi sari,2026-12-31,2,178.0,4.466666666666667,95.53333333333332,varian
ayu santoso,2026-12-31,3,71.0,2.6833333333333336,97.31666666666666,varian
dewi kusuma,2026-12-31,5,218.0,13.133333333333333,86.86666666666667,varian
putri lestari,2026-12-31,1,400.0,13.166666666666668,86.83333333333333,origin
putri shidqi,2026-12-31,3,114.0,6.4,93.6,origin
reza ramadhan,2026-12-31,5,236.0,13.433333333333334,86.56666666666666,varian
putri hidayat,2026-12-31,4,67.0,4.116666666666667,95.88333333333333,varian
nisa ramadhan,2026-12-31,4,210.0,11.5,88.5,varian
dewi pratama,2026-12-31,3,100.0,6.166666666666667,93.83333333333331,origin
dimas setiawan,2026-12-31,3,84.0,4.4,95.6,varian
dimas rahmawati,2026-12-31,3,113.0,4.883333333333333,95.11666666666667,varian
dewi hidayat,2026-12-31,2,123.0,3.55,96.45,varian
andi setiawan,2026-12-31,5,47.0,5.283333333333333,94.71666666666668,varian
budi ramadhan,2026-12-31,1,303.0,11.55,88.45,origin
rizky saputra,2026-12-31,2,120.0,5.0,95.0,origin
dewi lestari,2026-12-31,2,102.0,3.2,96.8,varian
maya rahmawati,2026-12-31,3,69.0,2.65,97.35,varian
putri santoso,2026-12-31,3,72.0,2.7,97.3,varian
andi wulandari,2026-12-31,1,15.0,1.75,98.25,origin
budi saputra,2026-12-31,5,109.0,6.316666666666666,93.68333333333334,varian
hafizhan shidqi,2026-12-31,3,23.0,4.883333333333334,95.11666666666666,origin
maya lestari,2026-12-31,1,250.0,10.666666666666668,89.33333333333333,origin
fajar sari,2026-12-31,3,90.0,3.0,97.0,varian
dimas sari,2026-12-31,2,100.0,4.666666666666667,95.33333333333331,origin
rina wulandari,2026-12-31,2,143.0,5.383333333333333,94.61666666666667,origin
nisa setiawan,2026-12-31,3,246.0,10.6,89.4,varian
nisa aminah,2026-12-31,3,216.0,13.1,86.9,origin
dimas wulandari,2026-12-31,1,105.0,3.25,96.75,origin
putri shidqi,2026-12-31,1,411.0,13.35,86.65,origin
andi pratama,2026-12-31,4,88.0,5.966666666666667,94.03333333333332,varian
siti saputra,2026-12-31,1,178.0,4.466666666666667,95.53333333333332,origin
putri santoso,2026-12-31,1,121.0,3.5166666666666666,96.48333333333332,origin
dewi lestari,2026-12-31,2,197.0,11.283333333333331,88.71666666666667,origin
ayu sari,2026-12-31,2,122.0,5.033333333333333,94.96666666666668,origin
putri lestari,2026-12-31,2,64.0,4.066666666666666,95.93333333333334,origin
putri setiawan,2026-12-31,3,32.0,2.033333333333333,97.96666666666668,varian
rina rahmawati,2026-12-31,3,132.0,5.2,94.8,varian
dimas rahmawati,2026-12-31,2,94.0,4.566666666666666,95.43333333333334,origin
reza pratama,2026-12-31,2,232.0,11.866666666666667,88.13333333333333,origin
nisa hidayat,2026-12-31,5,67.0,5.616666666666667,94.38333333333333,varian
dimas saputra,2026-12-31,4,104.0,6.233333333333333,93.76666666666668,varian
nisa saputra,2026-12-31,3,141.0,6.85,93.15,origin
hafizhan hidayat,2026-12-31,2,19.0,3.3166666666666664,96.68333333333334,origin
dimas shidqi,2026-12-31,4,118.0,6.466666666666667,93.53333333333332,varian
fajar aminah,2026-12-31,5,74.0,5.733333333333333,94.26666666666668,varian
ayu setiawan,2026-12-31,4,46.0,5.266666666666667,94.73333333333332,varian
fajar ramadhan,2026-12-31,1,65.0,2.583333333333333,97.41666666666669,origin
dimas santoso,2026-12-31,5,131.0,6.683333333333334,93.31666666666666,varian
reza pratama,2026-12-31,1,146.0,3.933333333333333,96.06666666666666,origin
reza santoso,2026-12-31,4,41.0,5.183333333333334,94.81666666666666,varian
andi santoso,2026-12-31,1,308.0,11.633333333333333,88.36666666666667,origin
dewi lestari,2026-12-31,4,456.0,17.1,82.9,varian
reza kusuma,2026-12-31,3,138.0,6.8,93.2,origin
andi wulandari,2026-12-31,2,355.0,13.916666666666668,86.08333333333333,origin
rizky setiawan,2026-12-31,2,75.0,4.25,95.75,origin
putri ramadhan,2026-12-31,4,109.0,6.316666666666666,93.68333333333334,varian
nisa setiawan,2026-12-31,3,173.0,4.383333333333333,95.61666666666667,varian
agus saputra,2026-12-31,3,226.0,13.266666666666666,86.73333333333333,origin
andi santoso,2026-12-31,5,164.0,7.233333333333333,92.76666666666668,varian
andi wulandari,2026-12-31,4,72.0,4.2,95.8,varian
rina ramadhan,2026-12-31,3,55.0,5.416666666666667,94.58333333333331,origin
siti kusuma,2026-12-31,3,99.0,4.65,95.35,varian
andi hidayat,2026-12-31,2,149.0,5.483333333333333,94.51666666666668,origin
hafizhan setiawan,2026-12-31,1,418.0,13.466666666666669,86.53333333333333,origin
putri wulandari,2026-12-31,4,111.0,6.35,93.65,varian
ayu pratama,2026-12-31,2,451.0,15.516666666666666,84.48333333333333,origin
rina rahmawati,2026-12-31,5,336.0,15.1,84.9,varian
budi ramadhan,2026-12-31,3,87.0,2.95,97.05,varian
budi aminah,2026-12-31,2,149.0,5.483333333333333,94.51666666666668,origin
agus santoso,2026-12-31,1,303.0,11.55,88.45,origin
putri shidqi,2026-12-31,3,53.0,2.3833333333333333,97.61666666666666,varian
hafizhan pratama,2026-12-31,3,82.0,4.366666666666667,95.63333333333333,varian
putri rahmawati,2026-12-31,3,61.0,5.516666666666667,94.48333333333332,origin
hafizhan ramadhan,2026-12-31,2,94.0,3.0666666666666664,96.93333333333334,varian
rizky ramadhan,2026-12-31,3,15.0,1.75,98.25,varian
putri hidayat,2026-12-31,3,216.0,10.1,89.9,varian
siti wulandari,2026-12-31,1,145.0,3.9166666666666665,96.08333333333331,origin
siti rahmawati,2026-12-31,3,125.0,3.583333333333333,96.41666666666669,varian
maya pratama,2026-12-31,3,106.0,6.266666666666667,93.73333333333332,origin
dewi aminah,2026-12-31,1,88.0,2.966666666666667,97.03333333333332,origin
ayu santoso,2026-12-31,2,65.0,2.583333333333333,97.41666666666669,varian
andi hidayat,2026-12-31,3,42.0,5.2,94.8,origin
agus aminah,2026-12-31,5,134.0,6.733333333333333,93.26666666666668,varian
siti sari,2026-12-31,3,147.0,6.95,93.05,origin
siti setiawan,2026-12-31,2,306.0,11.6,88.4,varian
hafizhan wulandari,2026-12-31,3,208.0,12.966666666666669,87.03333333333333,origin
putri aminah,2026-12-31,2,135.0,3.75,96.25,varian
maya aminah,2026-12-31,2,52.0,3.8666666666666663,96.13333333333334,origin
maya hidayat,2026-12-31,4,81.0,5.85,94.15,varian
dewi sari,2026-12-31,2,129.0,5.15,94.85,origin
ayu santoso,2026-12-31,4,82.0,4.366666666666667,95.63333333333333,varian
dimas hidayat,2026-12-31,2,146.0,5.433333333333334,94.56666666666666,origin
andi santoso,2026-12-31,3,268.0,12.466666666666669,87.53333333333333,varian
dewi shidqi,2026-12-31,1,131.0,3.683333333333333,96.31666666666666,origin
siti lestari,2026-12-31,1,136.0,3.7666666666666666,96.23333333333332,origin
rizky rahmawati,2026-12-31,3,106.0,4.766666666666667,95.23333333333332,varian
putri setiawan,2026-12-31,3,80.0,5.833333333333333,94.16666666666669,origin
hafizhan rahmawati,2026-12-31,3,124.0,5.066666666666666,94.93333333333334,varian
rizky pratama,2026-12-31,5,174.0,7.4,92.6,varian
budi wulandari,2026-12-31,2,249.0,12.15,87.85,origin
siti saputra,2026-12-31,1,47.0,2.283333333333333,97.71666666666668,origin
rizky hidayat,2026-12-31,4,268.0,13.966666666666669,86.03333333333333,varian
nisa aminah,2026-12-31,3,229.0,10.316666666666666,89.68333333333334,varian
dewi hidayat,2026-12-31,1,141.0,3.85,96.15,origin
nisa ramadhan,2026-12-31,4,71.0,4.183333333333334,95.81666666666666,varian
fajar santoso,2026-12-31,3,240.0,10.5,89.5,varian
maya kusuma,2026-12-31,1,125.0,3.583333333333333,96.41666666666669,origin
fajar saputra,2026-12-31,2,57.0,3.95,96.05,origin
ayu rahmawati,2026-12-31,1,132.0,3.7,96.3,origin
budi kusuma,2026-12-31,3,111.0,4.85,95.15,varian
putri hidayat,2026-12-31,2,267.0,10.95,89.05,varian
siti ramadhan,2026-12-31,3,316.0,14.766666666666666,85.23333333333333,origin
hafizhan shidqi,2026-12-31,1,68.0,2.6333333333333333,97.36666666666666,origin
dewi rahmawati,2026-12-31,1,107.0,3.283333333333333,96.71666666666668,origin
putri santoso,2026-12-31,3,170.0,5.833333333333334,94.16666666666669,varian
dewi santoso,2026-12-31,4,116.0,6.433333333333334,93.56666666666666,varian
dimas saputra,2026-12-31,2,227.0,11.783333333333331,88.21666666666667,origin
dimas sari,2026-12-31,2,83.0,2.8833333333333333,97.11666666666666,varian
maya pratama,2026-12-31,3,90.0,3.0,97.0,varian
budi santoso,2026-12-31,2,170.0,4.333333333333334,95.66666666666669,varian
andi pratama,2026-12-31,3,33.0,5.05,94.95,origin
fajar kusuma,2026-12-31,2,263.0,12.383333333333333,87.61666666666667,origin
rina hidayat,2026-12-31,2,176.0,5.933333333333334,94.06666666666666,origin
dewi lestari,2026-12-31,3,142.0,3.8666666666666663,96.13333333333334,varian
rizky wulandari,2026-12-31,2,178.0,5.966666666666667,94.03333333333332,origin
dimas pratama,2026-12-31,3,123.0,3.55,96.45,varian
maya lestari,2026-12-31,5,289.0,14.316666666666666,85.68333333333334,varian
maya rahmawati,2026-12-31,2,119.0,4.983333333333333,95.01666666666668,origin
siti setiawan,2026-12-31,3,84.0,5.9,94.1,origin
rina ramadhan,2026-12-31,2,144.0,3.9,96.1,varian
dimas rahmawati,2026-12-31,5,92.0,6.033333333333333,93.96666666666668,varian
putri pratama,2026-12-31,3,180.0,12.5,87.5,origin
dewi setiawan,2026-12-31,2,138.0,5.3,94.7,origin
putri rahmawati,2026-12-31,5,125.0,6.583333333333334,93.41666666666669,varian
dewi sari,2026-12-31,2,231.0,11.85,88.15,origin
reza saputra,2026-12-31,1,106.0,3.2666666666666666,96.73333333333332,origin
rina sari,2026-12-31,5,119.0,6.483333333333333,93.51666666666668,varian
andi pratama,2026-12-31,2,96.0,4.6,95.4,origin
maya aminah,2026-12-31,3,145.0,5.416666666666666,94.58333333333331,varian
nisa ramadhan,2026-12-31,2,53.0,3.883333333333333,96.11666666666666,origin
siti santoso,2026-12-31,3,173.0,5.883333333333333,94.11666666666667,varian
hafizhan ramadhan,2026-12-31,1,176.0,4.433333333333334,95.56666666666666,origin
siti aminah,2026-12-31,2,44.0,3.733333333333333,96.26666666666668,origin
hafizhan santoso,2026-12-31,3,82.0,2.8666666666666667,97.13333333333334,varian
budi kusuma,2026-12-31,4,108.0,6.3,93.7,varian
rina santoso,2026-12-31,4,137.0,6.783333333333333,93.21666666666668,varian
maya aminah,2026-12-31,3,100.0,4.666666666666667,95.33333333333331,varian
fajar saputra,2026-12-31,3,297.0,14.45,85.55,origin
fajar ramadhan,2026-12-31,4,223.0,13.216666666666669,86.78333333333333,varian
putri setiawan,2026-12-31,4,224.0,13.233333333333334,86.76666666666667,varian
putri pratama,2026-12-31,1,105.0,3.25,96.75,origin
fajar saputra,2026-12-31,2,70.0,4.166666666666667,95.83333333333331,origin
dimas pratama,2026-12-31,5,95.0,6.083333333333333,93.91666666666669,varian
reza setiawan,2026-12-31,1,109.0,3.3166666666666664,96.68333333333334,origin
budi santoso,2026-12-31,4,218.0,11.633333333333333,88.36666666666667,varian
maya lestari,2026-12-31,3,145.0,6.916666666666666,93.08333333333331,origin
dewi ramadhan,2026-12-31,3,118.0,6.466666666666667,93.53333333333332,origin
putri rahmawati,2026-12-31,1,110.0,3.333333333333333,96.66666666666669,origin
dimas sari,2026-12-31,1,93.0,3.05,96.95,origin
budi setiawan,2026-12-31,3,123.0,5.05,94.95,varian
fajar pratama,2026-12-31,1,340.0,12.166666666666668,87.83333333333333,origin
putri hidayat,2026-12-31,2,133.0,3.716666666666667,96.28333333333332,varian
nisa shidqi,2026-12-31,2,346.0,12.266666666666666,87.73333333333333,varian
fajar hidayat,2026-12-31,1,113.0,3.3833333333333333,96.61666666666666,origin
dimas kusuma,2026-12-31,5,303.0,14.55,85.45,varian
dewi sari,2026-12-31,2,96.0,3.1,96.9,varian
putri saputra,2026-12-31,4,49.0,3.8166666666666655,96.18333333333334,varian
budi wulandari,2026-12-31,2,244.0,12.066666666666666,87.93333333333334,origin
fajar hidayat,2026-12-31,2,66.0,4.1,95.9,origin
siti setiawan,2026-12-31,3,120.0,5.0,95.0,varian
nisa ramadhan,2026-12-31,3,162.0,4.2,95.8,varian
putri shidqi,2026-12-31,4,183.0,11.05,88.95,varian
rina santoso,2026-12-31,1,206.0,9.933333333333334,90.06666666666666,origin
nisa lestari,2026-12-31,4,40.0,5.166666666666667,94.83333333333331,varian
rina setiawan,2026-12-31,2,86.0,2.9333333333333336,97.06666666666666,varian
putri kusuma,2026-12-31,3,472.0,17.366666666666667,82.63333333333333,origin
dewi pratama,2026-12-31,4,62.0,4.033333333333333,95.96666666666668,varian
budi wulandari,2026-12-31,2,82.0,2.8666666666666667,97.13333333333334,varian
hafizhan setiawan,2026-12-31,2,48.0,2.3,97.7,varian
ayu aminah,2026-12-31,5,184.0,12.566666666666666,87.43333333333334,varian
maya ramadhan,2026-12-31,3,386.0,14.433333333333334,85.56666666666666,varian
rizky ramadhan,2026-12-31,3,95.0,6.083333333333333,93.91666666666669,origin
fajar rahmawati,2026-12-31,3,152.0,7.033333333333333,92.96666666666668,origin
agus rahmawati,2026-12-31,2,107.0,3.283333333333333,96.71666666666668,varian
dimas sari,2026-12-31,4,75.0,5.75,94.25,varian
hafizhan ramadhan,2026-12-31,3,220.0,13.166666666666666,86.83333333333333,origin
agus kusuma,2026-12-31,3,111.0,6.35,93.65,origin
rina wulandari,2026-12-31,5,87.0,5.95,94.05,varian
hafizhan saputra,2026-12-31,4,263.0,13.883333333333333,86.11666666666667,varian
rina sari,2026-12-31,2,141.0,5.35,94.65,origin
putri kusuma,2026-12-31,4,225.0,13.25,86.75,varian
reza setiawan,2026-12-31,2,139.0,5.316666666666666,94.68333333333334,origin
agus hidayat,2026-12-31,1,106.0,3.2666666666666666,96.73333333333332,origin
putri ramadhan,2026-12-31,2,100.0,4.666666666666667,95.33333333333331,origin
putri aminah,2026-12-31,2,57.0,2.45,97.55,varian
dimas wulandari,2026-12-31,4,77.0,4.283333333333333,95.71666666666668,varian
fajar saputra,2026-12-31,5,139.0,6.816666666666666,93.18333333333334,varian
maya saputra,2026-12-31,3,225.0,11.75,88.25,varian
siti sari,2026-12-31,2,147.0,3.95,96.05,varian
hafizhan rahmawati,2026-12-31,4,120.0,5.0,95.0,varian
rizky ramadhan,2026-12-31,3,244.0,10.566666666666666,89.43333333333334,varian
rina saputra,2026-12-31,2,172.0,5.866666666666667,94.13333333333333,origin
ayu pratama,2026-12-31,5,75.0,5.75,94.25,varian
hafizhan kusuma,2026-12-31,5,151.0,7.016666666666667,92.98333333333332,varian
dimas wulandari,2026-12-31,3,110.0,4.833333333333333,95.16666666666669,varian
fajar setiawan,2026-12-31,3,78.0,5.8,94.2,origin
budi aminah,2026-12-31,2,103.0,4.716666666666667,95.28333333333332,origin
maya shidqi,2026-12-31,2,216.0,11.6,88.4,origin
rizky aminah,2026-12-31,5,62.0,5.533333333333333,94.46666666666668,varian
ayu lestari,2026-12-31,4,391.0,14.516666666666666,85.48333333333333,varian
hafizhan sari,2026-12-31,3,164.0,7.233333333333333,92.76666666666668,origin
nisa kusuma,2026-12-31,5,110.0,6.333333333333333,93.66666666666669,varian
andi wulandari,2026-12-31,2,47.0,3.783333333333333,96.21666666666668,origin
rizky kusuma,2026-12-31,4,16.0,4.766666666666667,95.23333333333332,varian
nisa aminah,2026-12-31,1,151.0,4.016666666666667,95.98333333333332,origin
maya pratama,2026-12-31,3,174.0,5.9,94.1,varian
putri pratama,2026-12-31,1,105.0,3.25,96.75,origin
budi sari,2026-12-31,2,162.0,5.7,94.3,origin
siti pratama,2026-12-31,3,30.0,5.0,95.0,origin
rizky lestari,2026-12-31,2,60.0,4.0,96.0,origin
nisa kusuma,2026-12-31,1,114.0,3.4,96.6,origin
ayu wulandari,2026-12-31,3,168.0,5.8,94.2,varian
andi setiawan,2026-12-31,2,64.0,4.066666666666666,95.93333333333334,origin
ayu santoso,2026-12-31,2,223.0,10.216666666666669,89.78333333333333,varian
putri lestari,2026-12-31,4,58.0,3.966666666666667,96.03333333333332,varian
andi setiawan,2026-12-31,3,234.0,13.4,86.6,origin
hafizhan sari,2026-12-31,2,84.0,2.9,97.1,varian
rizky saputra,2026-12-31,1,344.0,12.233333333333334,87.76666666666667,origin
siti rahmawati,2026-12-31,1,224.0,10.233333333333334,89.76666666666667,origin
ayu hidayat,2026-12-31,4,88.0,4.466666666666667,95.53333333333332,varian
fajar setiawan,2026-12-31,2,172.0,5.866666666666667,94.13333333333333,origin
dewi hidayat,2026-12-31,3,173.0,7.383333333333333,92.61666666666667,origin
dewi kusuma,2026-12-31,5,86.0,5.933333333333334,94.06666666666666,varian
siti wulandari,2026-12-31,2,144.0,5.4,94.6,origin
dimas ramadhan,2026-12-31,3,139.0,6.816666666666666,93.18333333333334,origin
ayu pratama,2026-12-31,4,426.0,16.6,83.4,varian
hafizhan kusuma,2026-12-31,4,34.0,3.5666666666666664,96.43333333333334,varian
maya sari,2026-12-31,3,268.0,13.966666666666669,86.03333333333333,origin
rina setiawan,2026-12-31,4,148.0,6.966666666666667,93.03333333333332,varian
dewi rahmawati,2026-12-31,4,404.0,14.733333333333334,85.26666666666667,varian
dewi ramadhan,2026-12-31,3,227.0,13.283333333333331,86.71666666666667,origin
putri pratama,2026-12-31,5,128.0,6.633333333333333,93.36666666666667,varian
ayu kusuma,2026-12-31,4,86.0,5.933333333333334,94.06666666666666,varian
rina ramadhan,2026-12-31,2,227.0,11.783333333333331,88.21666666666667,origin
rina setiawan,2026-12-31,1,129.0,3.65,96.35,origin
agus hidayat,2026-12-31,3,108.0,6.3,93.7,origin
hafizhan saputra,2026-12-31,2,149.0,5.483333333333333,94.51666666666668,origin
dewi pratama,2026-12-31,1,197.0,9.783333333333331,90.21666666666668,origin
rina sari,2026-12-31,3,345.0,15.25,84.75,origin
agus kusuma,2026-12-31,2,471.0,15.85,84.15,origin
reza rahmawati,2026-12-31,2,252.0,12.2,87.8,origin
hafizhan sari,2026-12-31,2,123.0,5.05,94.95,origin
rizky santoso,2026-12-31,4,171.0,5.85,94.15,varian
rizky hidayat,2026-12-31,2,345.0,12.25,87.75,varian
nisa ramadhan,2026-12-31,2,127.0,5.116666666666667,94.88333333333333,origin
putri wulandari,2026-12-31,1,253.0,10.716666666666669,89.28333333333333,origin
siti shidqi,2026-12-31,1,100.0,3.166666666666667,96.83333333333331,origin
maya pratama,2026-12-31,3,74.0,2.7333333333333334,97.26666666666668,varian
ayu setiawan,2026-12-31,4,94.0,4.566666666666666,95.43333333333334,varian
hafizhan saputra,2026-12-31,5,149.0,6.983333333333333,93.01666666666668,varian
maya setiawan,2026-12-31,4,137.0,6.783333333333333,93.21666666666668,varian
rina ramadhan,2026-12-31,5,350.0,15.333333333333332,84.66666666666667,varian
rina hidayat,2026-12-31,5,136.0,6.766666666666667,93.23333333333332,varian
dewi rahmawati,2026-12-31,3,35.0,5.083333333333333,94.91666666666669,origin
rina shidqi,2026-12-31,1,224.0,10.233333333333334,89.76666666666667,origin
dimas rahmawati,2026-12-31,4,117.0,4.95,95.05,varian
nisa santoso,2026-12-31,2,90.0,4.5,95.5,origin
dewi lestari,2026-12-31,2,222.0,10.2,89.8,varian
dewi pratama,2026-12-31,4,139.0,6.816666666666666,93.18333333333334,varian
siti rahmawati,2026-12-31,3,41.0,3.6833333333333336,96.31666666666666,varian
reza wulandari,2026-12-31,5,168.0,7.3,92.7,varian
andi saputra,2026-12-31,3,204.0,12.9,87.1,origin
siti ramadhan,2026-12-31,2,153.0,5.55,94.45,origin
siti setiawan,2026-12-31,2,135.0,5.25,94.75,origin
nisa rahmawati,2026-12-31,5,170.0,7.333333333333334,92.66666666666669,varian
rina sari,2026-12-31,4,42.0,3.7,96.3,varian
maya wulandari,2026-12-31,3,64.0,4.066666666666666,95.93333333333334,varian
nisa hidayat,2026-12-31,1,146.0,3.933333333333333,96.06666666666666,origin
andi santoso,2026-12-31,3,90.0,3.0,97.0,varian
agus kusuma,2026-12-31,4,35.0,5.083333333333333,94.91666666666669,varian
ayu wulandari,2026-12-31,3,370.0,15.666666666666668,84.33333333333333,origin
agus hidayat,2026-12-31,2,178.0,5.966666666666667,94.03333333333332,origin
nisa ramadhan,2026-12-31,1,150.0,4.0,96.0,origin
nisa santoso,2026-12-31,1,99.0,3.15,96.85,origin
budi saputra,2026-12-31,3,168.0,5.8,94.2,varian
nisa wulandari,2026-12-31,1,125.0,3.583333333333333,96.41666666666669,origin
dimas aminah,2026-12-31,1,342.0,12.2,87.8,origin
fajar rahmawati,2026-12-31,2,181.0,9.516666666666666,90.48333333333332,varian
putri ramadhan,2026-12-31,5,140.0,6.833333333333334,93.16666666666669,varian
ayu kusuma,2026-12-31,2,94.0,4.566666666666666,95.43333333333334,origin
andi shidqi,2026-12-31,2,107.0,4.783333333333333,95.21666666666668,origin
hafizhan lestari,2026-12-31,3,177.0,7.45,92.55,origin
fajar lestari,2026-12-31,4,114.0,4.9,95.1,varian
andi kusuma,2026-12-31,1,251.0,10.683333333333334,89.31666666666666,origin
fajar pratama,2026-12-31,1,107.0,3.283333333333333,96.71666666666668,origin
nisa aminah,2026-12-31,1,173.0,4.383333333333333,95.61666666666667,origin
fajar rahmawati,2026-12-31,1,82.0,2.8666666666666667,97.13333333333334,origin
agus sari,2026-12-31,3,169.0,5.816666666666666,94.18333333333334,varian
nisa rahmawati,2026-12-31,3,403.0,14.716666666666669,85.28333333333333,varian
reza pratama,2026-12-31,3,42.0,3.7,96.3,varian
budi kusuma,2026-12-31,1,138.0,3.8,96.2,origin
nisa kusuma,2026-12-31,2,144.0,5.4,94.6,origin
nisa shidqi,2026-12-31,1,135.0,3.75,96.25,origin
rina shidqi,2026-12-31,2,67.0,4.116666666666667,95.88333333333333,origin
putri lestari,2026-12-31,2,187.0,11.116666666666667,88.88333333333333,origin
budi pratama,2026-12-31,4,91.0,6.016666666666667,93.98333333333332,varian
rizky setiawan,2026-12-31,3,350.0,12.333333333333332,87.66666666666667,varian
nisa kusuma,2026-12-31,2,161.0,5.683333333333334,94.31666666666666,origin
putri shidqi,2026-12-31,4,43.0,5.216666666666667,94.78333333333332,varian
siti sari,2026-12-31,1,31.0,2.0166666666666666,97.98333333333332,origin
putri pratama,2026-12-31,2,78.0,2.8,97.2,varian
putri santoso,2026-12-31,3,118.0,4.966666666666667,95.03333333333332,varian
reza hidayat,2026-12-31,1,127.0,3.6166666666666663,96.38333333333334,origin
dewi sari,2026-12-31,5,206.0,12.933333333333334,87.06666666666666,varian
rizky lestari,2026-12-31,2,89.0,4.483333333333333,95.51666666666668,origin
rizky pratama,2026-12-31,3,191.0,11.183333333333334,88.81666666666666,varian
nisa wulandari,2026-12-31,2,193.0,11.216666666666669,88.78333333333333,origin
andi rahmawati,2026-12-31,3,195.0,12.75,87.25,origin
rina saputra,2026-12-31,3,47.0,3.783333333333333,96.21666666666668,varian
hafizhan santoso,2026-12-31,2,79.0,2.8166666666666664,97.18333333333334,varian
putri pratama,2026-12-31,3,188.0,11.133333333333333,88.86666666666667,varian
rina aminah,2026-12-31,5,215.0,13.083333333333334,86.91666666666667,varian
budi sari,2026-12-31,3,182.0,9.533333333333331,90.46666666666668,varian
agus ramadhan,2026-12-31,2,299.0,12.983333333333334,87.01666666666667,origin
dewi shidqi,2026-12-31,1,126.0,3.6,96.4,origin
dewi santoso,2026-12-31,1,221.0,10.183333333333334,89.81666666666666,origin
maya saputra,2026-12-31,1,208.0,9.966666666666669,90.03333333333333,origin
ayu setiawan,2026-12-31,3,208.0,9.966666666666669,90.03333333333333,varian
ayu pratama,2026-12-31,4,87.0,4.45,95.55,varian
agus saputra,2026-12-31,1,271.0,11.016666666666666,88.98333333333333,origin
ayu lestari,2026-12-31,4,459.0,15.65,84.35,varian
hafizhan hidayat,2026-12-31,3,144.0,3.9,96.1,varian
rina kusuma,2026-12-31,3,77.0,5.783333333333333,94.21666666666668,origin
nisa saputra,2026-12-31,2,39.0,3.65,96.35,origin
maya sari,2026-12-31,5,82.0,5.866666666666667,94.13333333333333,varian
dimas kusuma,2026-12-31,3,159.0,4.15,95.85,varian
andi kusuma,2026-12-31,3,129.0,6.65,93.35,origin
agus wulandari,2026-12-31,1,68.0,2.6333333333333333,97.36666666666666,origin
andi aminah,2026-12-31,3,86.0,2.9333333333333336,97.06666666666666,varian
ayu pratama,2026-12-31,2,138.0,5.3,94.7,origin
rina hidayat,2026-12-31,2,401.0,14.683333333333334,85.31666666666666,origin
hafizhan saputra,2026-12-31,4,41.0,3.6833333333333336,96.31666666666666,varian
siti kusuma,2026-12-31,1,41.0,2.1833333333333336,97.81666666666666,origin
siti sari,2026-12-31,1,50.0,2.333333333333333,97.66666666666669,origin
fajar hidayat,2026-12-31,1,161.0,4.183333333333334,95.81666666666666,origin
reza wulandari,2026-12-31,2,101.0,4.683333333333334,95.31666666666666,origin
dewi sari,2026-12-31,1,87.0,2.95,97.05,origin
siti kusuma,2026-12-31,3,162.0,4.2,95.8,varian
andi santoso,2026-12-31,1,128.0,3.633333333333333,96.36666666666666,origin
budi lestari,2026-12-31,3,31.0,3.5166666666666666,96.48333333333332,varian
dewi rahmawati,2026-12-31,1,128.0,3.633333333333333,96.36666666666666,origin
dimas pratama,2026-12-31,1,51.0,2.35,97.65,origin
putri saputra,2026-12-31,3,34.0,5.066666666666666,94.93333333333334,origin
putri sari,2026-12-31,3,32.0,5.033333333333333,94.96666666666668,origin
ayu aminah,2026-12-31,3,341.0,15.183333333333334,84.81666666666666,origin
putri kusuma,2026-12-31,2,123.0,3.55,96.45,varian
hafizhan santoso,2026-12-31,5,141.0,6.85,93.15,varian
fajar kusuma,2026-12-31,1,239.0,10.483333333333334,89.51666666666667,origin
agus santoso,2026-12-31,2,333.0,13.55,86.45,origin
dimas ramadhan,2026-12-31,4,70.0,4.166666666666667,95.83333333333331,varian
dimas shidqi,2026-12-31,4,85.0,5.916666666666667,94.08333333333331,varian
nisa hidayat,2026-12-31,1,190.0,9.666666666666666,90.33333333333331,origin
maya hidayat,2026-12-31,3,179.0,4.483333333333333,95.51666666666668,varian
putri aminah,2026-12-31,4,97.0,4.616666666666667,95.38333333333333,varian
ayu sari,2026-12-31,2,127.0,5.116666666666667,94.88333333333333,origin
rina shidqi,2026-12-31,3,223.0,11.716666666666669,88.28333333333333,varian
siti kusuma,2026-12-31,4,141.0,5.35,94.65,varian
rina aminah,2026-12-31,3,88.0,4.466666666666667,95.53333333333332,varian
reza hidayat,2026-12-31,2,174.0,5.9,94.1,origin
dewi sari,2026-12-31,3,41.0,2.1833333333333336,97.81666666666666,varian
nisa lestari,2026-12-31,2,145.0,3.9166666666666665,96.08333333333331,varian
dewi santoso,2026-12-31,2,92.0,4.533333333333333,95.46666666666668,origin
agus santoso,2026-12-31,5,84.0,5.9,94.1,varian
rina kusuma,2026-12-31,3,185.0,11.083333333333334,88.91666666666667,varian
dewi shidqi,2026-12-31,4,344.0,13.733333333333334,86.26666666666667,varian
putri shidqi,2026-12-31,3,91.0,3.0166666666666666,96.98333333333332,varian
fajar hidayat,2026-12-31,4,154.0,5.566666666666666,94.43333333333334,varian
siti shidqi,2026-12-31,3,276.0,11.1,88.9,varian
hafizhan rahmawati,2026-12-31,1,137.0,3.783333333333333,96.21666666666668,origin
rizky saputra,2026-12-31,2,357.0,13.95,86.05,origin
fajar saputra,2026-12-31,1,36.0,2.1,97.9,origin
agus rahmawati,2026-12-31,4,420.0,16.5,83.5,varian
andi hidayat,2026-12-31,4,88.0,5.966666666666667,94.03333333333332,varian
fajar hidayat,2026-12-31,3,48.0,5.3,94.7,origin
reza setiawan,2026-12-31,2,295.0,12.916666666666668,87.08333333333333,origin
nisa aminah,2026-12-31,4,270.0,12.5,87.5,varian
budi saputra,2026-12-31,2,131.0,3.683333333333333,96.31666666666666,varian
rizky santoso,2026-12-31,2,275.0,12.583333333333332,87.41666666666667,origin
dimas kusuma,2026-12-31,4,235.0,11.916666666666666,88.08333333333333,varian
rizky shidqi,2026-12-31,1,83.0,2.8833333333333333,97.11666666666666,origin
fajar saputra,2026-12-31,2,70.0,4.166666666666667,95.83333333333331,origin
maya kusuma,2026-12-31,3,233.0,10.383333333333333,89.61666666666667,varian
ayu lestari,2026-12-31,2,197.0,11.283333333333331,88.71666666666667,origin
budi wulandari,2026-12-31,1,147.0,3.95,96.05,origin
budi aminah,2026-12-31,3,123.0,6.55,93.45,origin
reza kusuma,2026-12-31,2,50.0,3.8333333333333335,96.16666666666669,origin
ayu sari,2026-12-31,3,360.0,14.0,86.0,varian
dimas pratama,2026-12-31,2,74.0,4.233333333333333,95.76666666666668,origin
rina santoso,2026-12-31,1,105.0,3.25,96.75,origin
andi ramadhan,2026-12-31,2,130.0,3.6666666666666665,96.33333333333331,varian
siti ramadhan,2026-12-31,3,57.0,5.45,94.55,origin
agus wulandari,2026-12-31,2,148.0,5.466666666666667,94.53333333333332,origin
siti sari,2026-12-31,2,203.0,11.383333333333333,88.61666666666667,origin
ayu kusuma,2026-12-31,5,165.0,7.25,92.75,varian
ayu wulandari,2026-12-31,5,93.0,6.05,93.95,varian
hafizhan rahmawati,2026-12-31,3,199.0,11.316666666666666,88.68333333333334,varian
putri santoso,2026-12-31,4,247.0,12.116666666666667,87.88333333333333,varian
nisa sari,2026-12-31,1,80.0,2.833333333333333,97.16666666666669,origin
dewi lestari,2026-12-31,1,95.0,3.083333333333333,96.91666666666669,origin
maya pratama,2026-12-31,2,76.0,2.7666666666666666,97.23333333333332,varian
budi ramadhan,2026-12-31,4,60.0,4.0,96.0,varian
maya rahmawati,2026-12-31,2,238.0,11.966666666666669,88.03333333333333,origin
maya kusuma,2026-12-31,3,229.0,13.316666666666666,86.68333333333334,origin
dimas lestari,2026-12-31,4,201.0,12.85,87.15,varian
reza setiawan,2026-12-31,4,266.0,13.933333333333334,86.06666666666666,varian
agus lestari,2026-12-31,2,138.0,3.8,96.2,varian
dimas hidayat,2026-12-31,2,114.0,3.4,96.6,varian
budi aminah,2026-12-31,2,229.0,11.816666666666666,88.18333333333334,origin
ayu saputra,2026-12-31,3,222.0,13.2,86.8,origin
hafizhan aminah,2026-12-31,1,64.0,2.5666666666666664,97.43333333333334,origin
budi sari,2026-12-31,2,81.0,2.85,97.15,varian
rina santoso,2026-12-31,3,75.0,5.75,94.25,origin
dimas rahmawati,2026-12-31,3,219.0,10.15,89.85,varian
maya wulandari,2026-12-31,3,57.0,5.45,94.55,origin
dimas pratama,2026-12-31,2,226.0,10.266666666666666,89.73333333333333,varian
ayu kusuma,2026-12-31,4,61.0,4.016666666666667,95.98333333333332,varian
putri wulandari,2026-12-31,3,161.0,5.683333333333334,94.31666666666666,varian
maya ramadhan,2026-12-31,1,22.0,1.8666666666666667,98.13333333333334,origin
hafizhan hidayat,2026-12-31,3,215.0,11.583333333333334,88.41666666666667,varian
hafizhan santoso,2026-12-31,5,94.0,6.066666666666666,93.93333333333334,varian
budi santoso,2026-12-31,1,317.0,11.783333333333331,88.21666666666667,origin
ayu lestari,2026-12-31,3,64.0,5.566666666666666,94.43333333333334,origin
hafizhan saputra,2026-12-31,3,213.0,13.05,86.95,origin
dimas kusuma,2026-12-31,5,225.0,13.25,86.75,varian
dewi sari,2026-12-31,4,105.0,6.25,93.75,varian
rina setiawan,2026-12-31,2,78.0,4.3,95.7,origin
ayu ramadhan,2026-12-31,4,49.0,3.8166666666666655,96.18333333333334,varian
maya setiawan,2026-12-31,1,47.0,2.283333333333333,97.71666666666668,origin
dimas setiawan,2026-12-31,1,331.0,12.016666666666666,87.98333333333333,origin
ayu lestari,2026-12-31,3,21.0,3.35,96.65,varian
rizky hidayat,2026-12-31,4,214.0,11.566666666666666,88.43333333333334,varian
budi saputra,2026-12-31,3,85.0,5.916666666666667,94.08333333333331,origin
dewi lestari,2026-12-31,3,330.0,15.0,85.0,origin
fajar wulandari,2026-12-31,2,52.0,3.8666666666666663,96.13333333333334,origin
dewi pratama,2026-12-31,3,86.0,4.433333333333334,95.56666666666666,varian
ayu rahmawati,2026-12-31,3,145.0,5.416666666666666,94.58333333333331,varian
agus santoso,2026-12-31,3,62.0,2.533333333333333,97.46666666666668,varian
reza saputra,2026-12-31,1,55.0,2.4166666666666665,97.58333333333331,origin
andi kusuma,2026-12-31,1,205.0,9.916666666666666,90.08333333333331,origin
dewi aminah,2026-12-31,5,90.0,6.0,94.0,varian
agus wulandari,2026-12-31,1,108.0,3.3,96.7,origin
siti saputra,2026-12-31,2,91.0,3.0166666666666666,96.98333333333332,varian
siti wulandari,2026-12-31,4,16.0,4.766666666666667,95.23333333333332,varian
reza santoso,2026-12-31,3,126.0,3.6,96.4,varian
siti ramadhan,2026-12-31,2,68.0,4.133333333333333,95.86666666666667,origin
budi lestari,2026-12-31,3,47.0,5.283333333333333,94.71666666666668,origin
siti setiawan,2026-12-31,5,333.0,15.05,84.95,varian
agus ramadhan,2026-12-31,4,210.0,13.0,87.0,varian
budi aminah,2026-12-31,3,161.0,4.183333333333334,95.81666666666666,varian
putri santoso,2026-12-31,5,93.0,6.05,93.95,varian
rizky hidayat,2026-12-31,3,170.0,7.333333333333334,92.66666666666669,origin
agus ramadhan,2026-12-31,2,461.0,14.183333333333334,85.81666666666666,varian
dewi shidqi,2026-12-31,3,119.0,6.483333333333333,93.51666666666668,origin
hafizhan lestari,2026-12-31,5,382.0,15.866666666666667,84.13333333333333,varian
rina pratama,2026-12-31,5,167.0,7.283333333333333,92.71666666666668,varian
putri kusuma,2026-12-31,4,209.0,11.483333333333334,88.51666666666667,varian
dimas kusuma,2026-12-31,5,173.0,7.383333333333333,92.61666666666667,varian
rizky shidqi,2026-12-31,2,110.0,4.833333333333333,95.16666666666669,origin
maya aminah,2026-12-31,4,166.0,7.266666666666667,92.73333333333332,varian
reza rahmawati,2026-12-31,2,72.0,2.7,97.3,varian
putri santoso,2026-12-31,1,188.0,9.633333333333333,90.36666666666667,origin
fajar kusuma,2026-12-31,2,150.0,5.5,94.5,origin
hafizhan kusuma,2026-12-31,2,193.0,11.216666666666669,88.78333333333333,origin
budi saputra,2026-12-31,3,36.0,3.6,96.4,varian
dimas rahmawati,2026-12-31,3,130.0,6.666666666666666,93.33333333333331,origin
rina rahmawati,2026-12-31,3,248.0,13.633333333333333,86.36666666666667,origin
rizky kusuma,2026-12-31,3,50.0,3.8333333333333335,96.16666666666669,varian
andi pratama,2026-12-31,3,62.0,5.533333333333333,94.46666666666668,origin
siti saputra,2026-12-31,5,64.0,5.566666666666666,94.43333333333334,varian
budi rahmawati,2026-12-31,2,35.0,3.583333333333333,96.41666666666669,origin
rina rahmawati,2026-12-31,5,116.0,6.433333333333334,93.56666666666666,varian
agus saputra,2026-12-31,3,58.0,5.466666666666667,94.53333333333332,origin
fajar lestari,2026-12-31,3,80.0,4.333333333333333,95.66666666666669,varian
ayu kusuma,2026-12-31,1,223.0,10.216666666666669,89.78333333333333,origin
putri rahmawati,2026-12-31,1,69.0,2.65,97.35,origin
rizky aminah,2026-12-31,4,96.0,4.6,95.4,varian
rizky santoso,2026-12-31,3,444.0,13.9,86.1,varian
dimas ramadhan,2026-12-31,2,118.0,4.966666666666667,95.03333333333332,origin
rizky saputra,2026-12-31,3,66.0,5.6,94.4,origin
fajar santoso,2026-12-31,1,188.0,9.633333333333333,90.36666666666667,origin
putri saputra,2026-12-31,3,35.0,5.083333333333333,94.91666666666669,origin
agus shidqi,2026-12-31,2,86.0,2.9333333333333336,97.06666666666666,varian
rizky setiawan,2026-12-31,3,306.0,13.1,86.9,varian
maya setiawan,2026-12-31,3,107.0,4.783333333333333,95.21666666666668,varian
budi sari,2026-12-31,2,52.0,2.3666666666666667,97.63333333333334,varian
budi wulandari,2026-12-31,2,22.0,1.8666666666666667,98.13333333333334,varian
ayu wulandari,2026-12-31,2,31.0,3.5166666666666666,96.48333333333332,origin
andi kusuma,2026-12-31,2,223.0,10.216666666666669,89.78333333333333,varian
fajar hidayat,2026-12-31,5,203.0,12.883333333333333,87.11666666666667,varian
rina saputra,2026-12-31,2,465.0,15.75,84.25,origin
andi ramadhan,2026-12-31,3,293.0,12.883333333333333,87.11666666666667,varian
rizky wulandari,2026-12-31,3,60.0,5.5,94.5,origin
andi saputra,2026-12-31,1,107.0,3.283333333333333,96.71666666666668,origin
rizky setiawan,2026-12-31,3,307.0,14.616666666666667,85.38333333333333,origin
rina lestari,2026-12-31,1,58.0,2.466666666666667,97.53333333333332,origin
fajar kusuma,2026-12-31,4,39.0,3.65,96.35,varian
reza wulandari,2026-12-31,2,84.0,2.9,97.1,varian
putri pratama,2026-12-31,3,68.0,2.6333333333333333,97.36666666666666,varian
rina saputra,2026-12-31,3,308.0,14.633333333333333,85.36666666666667,origin
fajar sari,2026-12-31,1,145.0,3.9166666666666665,96.08333333333331,origin
budi aminah,2026-12-31,4,138.0,6.8,93.2,varian
andi pratama,2026-12-31,5,76.0,5.766666666666667,94.23333333333332,varian
dimas wulandari,2026-12-31,4,39.0,5.15,94.85,varian
dimas rahmawati,2026-12-31,2,164.0,5.733333333333333,94.26666666666668,origin
rina setiawan,2026-12-31,1,78.0,2.8,97.2,origin
rina rahmawati,2026-12-31,5,152.0,7.033333333333333,92.96666666666668,varian
reza shidqi,2026-12-31,2,179.0,4.483333333333333,95.51666666666668,varian
siti hidayat,2026-12-31,3,339.0,13.65,86.35,varian
putri lestari,2026-12-31,3,201.0,11.35,88.65,varian
budi rahmawati,2026-12-31,2,239.0,11.983333333333334,88.01666666666667,origin
rina lestari,2026-12-31,3,186.0,12.6,87.4,origin
maya santoso,2026-12-31,2,373.0,14.216666666666669,85.78333333333333,origin
ayu sari,2026-12-31,3,140.0,6.833333333333334,93.16666666666669,origin
reza aminah,2026-12-31,3,140.0,6.833333333333334,93.16666666666669,origin
ayu shidqi,2026-12-31,2,36.0,2.1,97.9,varian
reza aminah,2026-12-31,3,233.0,13.383333333333333,86.61666666666667,origin
reza ramadhan,2026-12-31,3,356.0,15.433333333333334,84.56666666666666,origin
dimas ramadhan,2026-12-31,1,77.0,2.783333333333333,97.21666666666668,origin
reza rahmawati,2026-12-31,3,443.0,15.383333333333333,84.61666666666667,varian
dimas kusuma,2026-12-31,4,232.0,13.366666666666667,86.63333333333333,varian
reza santoso,2026-12-31,3,169.0,7.316666666666666,92.68333333333334,origin
putri wulandari,2026-12-31,3,185.0,11.083333333333334,88.91666666666667,varian
hafizhan shidqi,2026-12-31,2,77.0,4.283333333333333,95.71666666666668,origin
nisa kusuma,2026-12-31,1,446.0,13.933333333333334,86.06666666666666,origin
maya pratama,2026-12-31,3,93.0,4.55,95.45,varian
reza ramadhan,2026-12-31,2,302.0,13.033333333333331,86.96666666666667,origin
maya wulandari,2026-12-31,1,66.0,2.6,97.4,origin
rizky wulandari,2026-12-31,4,415.0,14.916666666666668,85.08333333333333,varian
reza saputra,2026-12-31,3,78.0,2.8,97.2,varian
siti saputra,2026-12-31,5,51.0,5.35,94.65,varian
siti sari,2026-12-31,3,158.0,4.133333333333333,95.86666666666667,varian
siti santoso,2026-12-31,1,355.0,12.416666666666668,87.58333333333333,origin
fajar pratama,2026-12-31,1,39.0,2.15,97.85,origin
putri santoso,2026-12-31,3,265.0,12.416666666666668,87.58333333333333,varian
reza hidayat,2026-12-31,2,65.0,2.583333333333333,97.41666666666669,varian
budi setiawan,2026-12-31,3,163.0,4.216666666666667,95.78333333333332,varian
maya aminah,2026-12-31,1,81.0,2.85,97.15,origin
agus kusuma,2026-12-31,5,196.0,12.766666666666666,87.23333333333333,varian
fajar lestari,2026-12-31,2,62.0,4.033333333333333,95.96666666666668,origin
dimas aminah,2026-12-31,3,98.0,6.133333333333333,93.86666666666667,origin
rizky wulandari,2026-12-31,2,68.0,2.6333333333333333,97.36666666666666,varian
dewi lestari,2026-12-31,4,115.0,4.916666666666667,95.08333333333331,varian
rizky pratama,2026-12-31,2,209.0,11.483333333333334,88.51666666666667,origin
fajar ramadhan,2026-12-31,3,442.0,15.366666666666667,84.63333333333333,varian
andi sari,2026-12-31,2,222.0,10.2,89.8,varian
reza pratama,2026-12-31,2,64.0,2.5666666666666664,97.43333333333334,varian
rizky wulandari,2026-12-31,1,273.0,11.05,88.95,origin
budi ramadhan,2026-12-31,3,181.0,12.516666666666666,87.48333333333333,origin
ayu pratama,2026-12-31,2,113.0,3.3833333333333333,96.61666666666666,varian
maya ramadhan,2026-12-31,2,103.0,3.216666666666667,96.78333333333332,varian
nisa pratama,2026-12-31,1,248.0,10.633333333333333,89.36666666666667,origin
dimas lestari,2026-12-31,2,121.0,5.016666666666667,94.98333333333332,origin
budi wulandari,2026-12-31,4,124.0,6.566666666666666,93.43333333333334,varian
hafizhan saputra,2026-12-31,3,99.0,4.65,95.35,varian
rina shidqi,2026-12-31,5,41.0,5.183333333333334,94.81666666666666,varian
maya shidqi,2026-12-31,3,143.0,3.883333333333333,96.11666666666666,varian
fajar ramadhan,2026-12-31,4,70.0,4.166666666666667,95.83333333333331,varian
ayu lestari,2026-12-31,1,45.0,2.25,97.75,origin
andi ramadhan,2026-12-31,2,310.0,13.166666666666668,86.83333333333333,origin
budi saputra,2026-12-31,2,95.0,4.583333333333333,95.41666666666669,origin
budi hidayat,2026-12-31,4,364.0,14.066666666666666,85.93333333333334,varian
reza setiawan,2026-12-31,2,137.0,3.783333333333333,96.21666666666668,varian
hafizhan rahmawati,2026-12-31,1,120.0,3.5,96.5,origin
dewi santoso,2026-12-31,5,244.0,13.566666666666666,86.43333333333334,varian
reza aminah,2026-12-31,4,189.0,11.15,88.85,varian
siti lestari,2026-12-31,5,383.0,15.883333333333333,84.11666666666667,varian
dimas saputra,2026-12-31,3,102.0,4.7,95.3,varian
ayu ramadhan,2026-12-31,3,116.0,6.433333333333334,93.56666666666666,origin
reza hidayat,2026-12-31,1,21.0,1.85,98.15,origin
ayu aminah,2026-12-31,3,41.0,3.6833333333333336,96.31666666666666,varian
reza setiawan,2026-12-31,2,109.0,3.3166666666666664,96.68333333333334,varian
andi setiawan,2026-12-31,3,33.0,2.05,97.95,varian
dewi pratama,2026-12-31,4,118.0,4.966666666666667,95.03333333333332,varian
putri setiawan,2026-12-31,4,70.0,5.666666666666667,94.33333333333331,varian
reza santoso,2026-12-31,5,314.0,14.733333333333334,85.26666666666667,varian
rizky ramadhan,2026-12-31,3,206.0,12.933333333333334,87.06666666666666,origin
reza sari,2026-12-31,5,121.0,6.516666666666667,93.48333333333332,varian
fajar saputra,2026-12-31,2,118.0,3.466666666666667,96.53333333333332,varian
agus lestari,2026-12-31,1,35.0,2.083333333333333,97.91666666666669,origin
andi shidqi,2026-12-31,4,171.0,5.85,94.15,varian
budi setiawan,2026-12-31,3,118.0,4.966666666666667,95.03333333333332,varian
putri hidayat,2026-12-31,4,411.0,14.85,85.15,varian
agus ramadhan,2026-12-31,5,155.0,7.083333333333334,92.91666666666669,varian
dimas pratama,2026-12-31,3,133.0,3.716666666666667,96.28333333333332,varian
agus kusuma,2026-12-31,3,181.0,11.016666666666666,88.98333333333333,varian
dimas wulandari,2026-12-31,5,130.0,6.666666666666666,93.33333333333331,varian
dewi ramadhan,2026-12-31,1,224.0,10.233333333333334,89.76666666666667,origin
rizky kusuma,2026-12-31,3,170.0,7.333333333333334,92.66666666666669,origin
dimas saputra,2026-12-31,2,240.0,12.0,88.0,origin
agus pratama,2026-12-31,5,133.0,6.716666666666667,93.28333333333332,varian
rizky aminah,2026-12-31,1,386.0,12.933333333333334,87.06666666666666,origin
nisa aminah,2026-12-31,1,191.0,9.683333333333334,90.31666666666666,origin
nisa sari,2026-12-31,4,129.0,5.15,94.85,varian
agus rahmawati,2026-12-31,3,84.0,5.9,94.1,origin
rizky wulandari,2026-12-31,5,131.0,6.683333333333334,93.31666666666666,varian
nisa rahmawati,2026-12-31,3,136.0,6.766666666666667,93.23333333333332,origin
putri kusuma,2026-12-31,4,38.0,5.133333333333333,94.86666666666667,varian
budi kusuma,2026-12-31,1,154.0,4.066666666666666,95.93333333333334,origin
nisa sari,2026-12-31,4,111.0,6.35,93.65,varian
rina rahmawati,2026-12-31,1,230.0,10.333333333333334,89.66666666666667,origin
andi setiawan,2026-12-31,2,40.0,2.1666666666666665,97.83333333333331,varian
putri setiawan,2026-12-31,5,436.0,16.766666666666666,83.23333333333333,varian
ayu sari,2026-12-31,1,172.0,4.366666666666667,95.63333333333333,origin
reza pratama,2026-12-31,3,436.0,15.266666666666666,84.73333333333333,varian
rizky lestari,2026-12-31,4,82.0,4.366666666666667,95.63333333333333,varian
agus hidayat,2026-12-31,5,136.0,6.766666666666667,93.23333333333332,varian
maya hidayat,2026-12-31,3,300.0,11.5,88.5,varian
dewi shidqi,2026-12-31,2,140.0,3.8333333333333335,96.16666666666669,varian
putri wulandari,2026-12-31,3,179.0,4.483333333333333,95.51666666666668,varian
reza wulandari,2026-12-31,3,105.0,4.75,95.25,varian
dimas santoso,2026-12-31,2,188.0,11.133333333333333,88.86666666666667,origin
nisa lestari,2026-12-31,2,88.0,4.466666666666667,95.53333333333332,origin
budi setiawan,2026-12-31,3,446.0,16.933333333333334,83.06666666666666,origin
dimas kusuma,2026-12-31,1,213.0,10.05,89.95,origin
andi ramadhan,2026-12-31,3,268.0,13.966666666666669,86.03333333333333,origin
siti aminah,2026-12-31,5,62.0,5.533333333333333,94.46666666666668,varian
dimas lestari,2026-12-31,5,137.0,6.783333333333333,93.21666666666668,varian
dewi pratama,2026-12-31,2,162.0,4.2,95.8,varian
reza kusuma,2026-12-31,5,35.0,5.083333333333333,94.91666666666669,varian
andi aminah,2026-12-31,4,85.0,5.916666666666667,94.08333333333331,varian
rina pratama,2026-12-31,3,95.0,6.083333333333333,93.91666666666669,origin
hafizhan aminah,2026-12-31,3,194.0,12.733333333333334,87.26666666666667,origin
andi lestari,2026-12-31,2,40.0,3.6666666666666665,96.33333333333331,origin
dewi kusuma,2026-12-31,1,95.0,3.083333333333333,96.91666666666669,origin
siti saputra,2026-12-31,2,160.0,4.166666666666666,95.83333333333331,varian
rizky wulandari,2026-12-31,3,92.0,4.533333333333333,95.46666666666668,varian
siti lestari,2026-12-31,4,234.0,13.4,86.6,varian
andi pratama,2026-12-31,1,109.0,3.3166666666666664,96.68333333333334,origin
andi shidqi,2026-12-31,3,82.0,2.8666666666666667,97.13333333333334,varian
dewi lestari,2026-12-31,4,134.0,5.233333333333333,94.76666666666668,varian
reza hidayat,2026-12-31,5,279.0,14.15,85.85,varian
ayu sari,2026-12-31,2,106.0,3.2666666666666666,96.73333333333332,varian
maya kusuma,2026-12-31,2,217.0,11.616666666666667,88.38333333333333,origin
fajar aminah,2026-12-31,2,219.0,11.65,88.35,origin
putri rahmawati,2026-12-31,4,122.0,6.533333333333333,93.46666666666668,varian
agus lestari,2026-12-31,5,94.0,6.066666666666666,93.93333333333334,varian
agus wulandari,2026-12-31,2,133.0,3.716666666666667,96.28333333333332,varian
siti sari,2026-12-31,3,38.0,3.633333333333333,96.36666666666666,varian
reza ramadhan,2026-12-31,4,202.0,12.866666666666667,87.13333333333333,varian
budi hidayat,2026-12-31,3,132.0,6.7,93.3,origin
ayu setiawan,2026-12-31,4,89.0,4.483333333333333,95.51666666666668,varian
putri lestari,2026-12-31,5,123.0,6.55,93.45,varian
siti aminah,2026-12-31,3,210.0,13.0,87.0,origin
rizky pratama,2026-12-31,3,152.0,7.033333333333333,92.96666666666668,origin
fajar setiawan,2026-12-31,4,118.0,6.466666666666667,93.53333333333332,varian
budi setiawan,2026-12-31,3,193.0,9.716666666666669,90.28333333333332,varian
maya lestari,2026-12-31,5,211.0,13.016666666666666,86.98333333333333,varian
dewi lestari,2026-12-31,1,54.0,2.4,97.6,origin
budi ramadhan,2026-12-31,2,226.0,11.766666666666666,88.23333333333333,origin
budi setiawan,2026-12-31,3,128.0,5.133333333333333,94.86666666666667,varian
dewi aminah,2026-12-31,3,161.0,5.683333333333334,94.31666666666666,varian
agus saputra,2026-12-31,2,148.0,3.966666666666667,96.03333333333332,varian
putri setiawan,2026-12-31,5,143.0,6.883333333333333,93.11666666666667,varian
budi sari,2026-12-31,5,22.0,4.866666666666666,95.13333333333334,varian
nisa wulandari,2026-12-31,3,146.0,5.433333333333334,94.56666666666666,varian
rina setiawan,2026-12-31,1,167.0,4.283333333333333,95.71666666666668,origin
reza rahmawati,2026-12-31,1,262.0,10.866666666666667,89.13333333333333,origin
agus santoso,2026-12-31,2,148.0,3.966666666666667,96.03333333333332,varian
andi pratama,2026-12-31,2,175.0,4.416666666666666,95.58333333333331,varian
andi lestari,2026-12-31,5,42.0,5.2,94.8,varian
agus kusuma,2026-12-31,5,153.0,7.05,92.95,varian
reza wulandari,2026-12-31,2,59.0,3.983333333333333,96.01666666666668,origin
putri sari,2026-12-31,2,315.0,13.25,86.75,origin
rizky wulandari,2026-12-31,4,81.0,4.35,95.65,varian
agus rahmawati,2026-12-31,3,146.0,6.933333333333334,93.06666666666666,origin
siti aminah,2026-12-31,4,156.0,5.6,94.4,varian
ayu rahmawati,2026-12-31,3,80.0,5.833333333333333,94.16666666666669,origin
dewi sari,2026-12-31,2,72.0,2.7,97.3,varian
hafizhan santoso,2026-12-31,2,92.0,4.533333333333333,95.46666666666668,origin
rina santoso,2026-12-31,2,90.0,3.0,97.0,varian
rina lestari,2026-12-31,1,153.0,4.05,95.95,origin
agus ramadhan,2026-12-31,4,100.0,4.666666666666667,95.33333333333331,varian
hafizhan rahmawati,2026-12-31,2,113.0,4.883333333333333,95.11666666666667,origin
dimas setiawan,2026-12-31,2,38.0,3.633333333333333,96.36666666666666,origin
maya pratama,2026-12-31,4,339.0,15.15,84.85,varian
rina wulandari,2026-12-31,2,76.0,4.266666666666667,95.73333333333332,origin
fajar sari,2026-12-31,4,143.0,5.383333333333333,94.61666666666667,varian
andi wulandari,2026-12-31,4,79.0,4.316666666666666,95.68333333333334,varian
andi kusuma,2026-12-31,5,225.0,13.25,86.75,varian
dimas aminah,2026-12-31,1,205.0,9.916666666666666,90.08333333333331,origin
budi ramadhan,2026-12-31,3,88.0,4.466666666666667,95.53333333333332,varian
maya hidayat,2026-12-31,5,429.0,16.65,83.35,varian
dewi setiawan,2026-12-31,1,78.0,2.8,97.2,origin
nisa rahmawati,2026-12-31,2,105.0,4.75,95.25,origin
fajar saputra,2026-12-31,4,193.0,12.716666666666669,87.28333333333333,varian
budi pratama,2026-12-31,3,87.0,5.95,94.05,origin
rizky setiawan,2026-12-31,2,227.0,11.783333333333331,88.21666666666667,origin
andi wulandari,2026-12-31,5,191.0,12.683333333333334,87.31666666666666,varian
nisa pratama,2026-12-31,3,104.0,4.733333333333333,95.26666666666668,varian
fajar pratama,2026-12-31,2,84.0,4.4,95.6,origin
rizky kusuma,2026-12-31,1,54.0,2.4,97.6,origin
fajar aminah,2026-12-31,3,168.0,5.8,94.2,varian
budi wulandari,2026-12-31,3,75.0,5.75,94.25,origin
fajar shidqi,2026-12-31,1,46.0,2.2666666666666666,97.73333333333332,origin
budi rahmawati,2026-12-31,3,59.0,3.983333333333333,96.01666666666668,varian
reza shidqi,2026-12-31,2,54.0,3.9,96.1,origin
agus santoso,2026-12-31,4,354.0,15.4,84.6,varian
dewi santoso,2026-12-31,1,219.0,10.15,89.85,origin
rizky rahmawati,2026-12-31,3,53.0,5.383333333333333,94.61666666666667,origin
fajar kusuma,2026-12-31,2,164.0,5.733333333333333,94.26666666666668,origin
siti pratama,2026-12-31,2,95.0,4.583333333333333,95.41666666666669,origin
putri sari,2026-12-31,5,104.0,6.233333333333333,93.76666666666668,varian
rizky rahmawati,2026-12-31,5,88.0,5.966666666666667,94.03333333333332,varian
siti pratama,2026-12-31,4,30.0,3.5,96.5,varian
dimas shidqi,2026-12-31,3,182.0,12.533333333333331,87.46666666666667,origin
agus rahmawati,2026-12-31,2,260.0,10.833333333333332,89.16666666666667,varian
rina aminah,2026-12-31,3,115.0,6.416666666666667,93.58333333333331,origin
rizky hidayat,2026-12-31,2,409.0,14.816666666666666,85.18333333333334,origin
maya santoso,2026-12-31,2,156.0,5.6,94.4,origin
ayu kusuma,2026-12-31,3,129.0,5.15,94.85,varian
hafizhan hidayat,2026-12-31,1,104.0,3.2333333333333334,96.76666666666668,origin
fajar hidayat,2026-12-31,1,132.0,3.7,96.3,origin
budi pratama,2026-12-31,3,59.0,5.483333333333333,94.51666666666668,origin
rina wulandari,2026-12-31,5,173.0,7.383333333333333,92.61666666666667,varian
dimas shidqi,2026-12-31,4,464.0,15.733333333333334,84.26666666666667,varian
agus ramadhan,2026-12-31,4,115.0,6.416666666666667,93.58333333333331,varian
andi kusuma,2026-12-31,2,110.0,4.833333333333333,95.16666666666669,origin
andi pratama,2026-12-31,4,119.0,4.983333333333333,95.01666666666668,varian
reza shidqi,2026-12-31,3,120.0,3.5,96.5,varian
agus aminah,2026-12-31,2,229.0,11.816666666666666,88.18333333333334,origin
rizky aminah,2026-12-31,2,126.0,5.1,94.9,origin
fajar setiawan,2026-12-31,4,77.0,5.783333333333333,94.21666666666668,varian
siti ramadhan,2026-12-31,1,186.0,9.6,90.4,origin
maya lestari,2026-12-31,2,162.0,5.7,94.3,origin
maya saputra,2026-12-31,1,15.0,1.75,98.25,origin
budi sari,2026-12-31,4,176.0,7.433333333333334,92.56666666666666,varian
agus hidayat,2026-12-31,4,180.0,11.0,89.0,varian
fajar sari,2026-12-31,3,123.0,5.05,94.95,varian
dewi lestari,2026-12-31,3,102.0,3.2,96.8,varian
agus kusuma,2026-12-31,2,47.0,2.283333333333333,97.71666666666668,varian
fajar shidqi,2026-12-31,4,125.0,6.583333333333334,93.41666666666669,varian
rizky rahmawati,2026-12-31,3,127.0,6.616666666666667,93.38333333333333,origin
putri sari,2026-12-31,5,125.0,6.583333333333334,93.41666666666669,varian
putri hidayat,2026-12-31,2,105.0,4.75,95.25,origin
nisa santoso,2026-12-31,3,85.0,5.916666666666667,94.08333333333331,origin
nisa ramadhan,2026-12-31,1,311.0,11.683333333333334,88.31666666666666,origin
budi sari,2026-12-31,2,46.0,3.7666666666666666,96.23333333333332,origin
dimas rahmawati,2026-12-31,2,299.0,12.983333333333334,87.01666666666667,origin
hafizhan setiawan,2026-12-31,1,227.0,10.283333333333331,89.71666666666667,origin
dewi sari,2026-12-31,2,320.0,13.333333333333332,86.66666666666667,origin
rina pratama,2026-12-31,4,113.0,4.883333333333333,95.11666666666667,varian
fajar shidqi,2026-12-31,3,52.0,2.3666666666666667,97.63333333333334,varian
siti santoso,2026-12-31,4,142.0,5.366666666666667,94.63333333333333,varian
reza wulandari,2026-12-31,1,185.0,9.583333333333334,90.41666666666669,origin
andi ramadhan,2026-12-31,3,73.0,2.716666666666667,97.28333333333332,varian
siti hidayat,2026-12-31,2,63.0,2.55,97.45,varian
reza ramadhan,2026-12-31,4,107.0,4.783333333333333,95.21666666666668,varian
maya setiawan,2026-12-31,3,179.0,7.483333333333333,92.51666666666668,origin
dimas ramadhan,2026-12-31,3,215.0,13.083333333333334,86.91666666666667,origin
hafizhan pratama,2026-12-31,1,53.0,2.3833333333333333,97.61666666666666,origin
nisa kusuma,2026-12-31,3,203.0,11.383333333333333,88.61666666666667,varian
maya hidayat,2026-12-31,1,188.0,9.633333333333333,90.36666666666667,origin
reza rahmawati,2026-12-31,4,187.0,11.116666666666667,88.88333333333333,varian
andi santoso,2026-12-31,2,33.0,3.55,96.45,origin
andi aminah,2026-12-31,3,311.0,14.683333333333334,85.31666666666666,origin
ayu shidqi,2026-12-31,2,57.0,3.95,96.05,origin
andi hidayat,2026-12-31,3,89.0,5.983333333333333,94.01666666666668,origin
rina rahmawati,2026-12-31,3,128.0,5.133333333333333,94.86666666666667,varian
hafizhan shidqi,2026-12-31,3,296.0,12.933333333333334,87.06666666666666,varian
ayu ramadhan,2026-12-31,2,33.0,3.55,96.45,origin
budi sari,2026-12-31,4,306.0,13.1,86.9,varian
andi kusuma,2026-12-31,2,418.0,14.966666666666669,85.03333333333333,origin
agus lestari,2026-12-31,5,112.0,6.366666666666667,93.63333333333333,varian
reza kusuma,2026-12-31,3,303.0,11.55,88.45,varian
rizky setiawan,2026-12-31,3,45.0,2.25,97.75,varian
rizky setiawan,2026-12-31,3,52.0,3.8666666666666663,96.13333333333334,varian
ayu aminah,2026-12-31,3,60.0,5.5,94.5,origin
fajar aminah,2026-12-31,3,167.0,5.783333333333333,94.21666666666668,varian
dewi hidayat,2026-12-31,2,63.0,4.05,95.95,origin
maya setiawan,2026-12-31,2,65.0,2.583333333333333,97.41666666666669,varian
ayu lestari,2026-12-31,3,222.0,11.7,88.3,varian
agus lestari,2026-12-31,3,115.0,4.916666666666667,95.08333333333331,varian
dimas saputra,2026-12-31,5,82.0,5.866666666666667,94.13333333333333,varian
agus pratama,2026-12-31,3,188.0,11.133333333333333,88.86666666666667,varian
hafizhan setiawan,2026-12-31,1,72.0,2.7,97.3,origin
dewi kusuma,2026-12-31,2,147.0,5.45,94.55,origin
ayu shidqi,2026-12-31,2,80.0,2.833333333333333,97.16666666666669,varian
dewi saputra,2026-12-31,2,145.0,5.416666666666666,94.58333333333331,origin
budi shidqi,2026-12-31,2,160.0,5.666666666666666,94.33333333333331,origin
dewi rahmawati,2026-12-31,3,466.0,15.766666666666666,84.23333333333333,varian
andi aminah,2026-12-31,2,225.0,10.25,89.75,varian
nisa santoso,2026-12-31,5,220.0,13.166666666666666,86.83333333333333,varian
dewi hidayat,2026-12-31,4,103.0,4.716666666666667,95.28333333333332,varian
rina pratama,2026-12-31,3,208.0,12.966666666666669,87.03333333333333,origin
andi lestari,2026-12-31,3,266.0,10.933333333333334,89.06666666666666,varian
dewi wulandari,2026-12-31,2,92.0,4.533333333333333,95.46666666666668,origin
nisa ramadhan,2026-12-31,3,164.0,5.733333333333333,94.26666666666668,varian
maya lestari,2026-12-31,1,144.0,3.9,96.1,origin
rina ramadhan,2026-12-31,4,44.0,3.733333333333333,96.26666666666668,varian
ayu hidayat,2026-12-31,2,158.0,5.633333333333333,94.36666666666667,origin
putri rahmawati,2026-12-31,3,361.0,15.516666666666666,84.48333333333333,origin
maya pratama,2026-12-31,2,218.0,10.133333333333333,89.86666666666667,varian
andi sari,2026-12-31,1,339.0,12.15,87.85,origin
dimas saputra,2026-12-31,3,123.0,3.55,96.45,varian
maya santoso,2026-12-31,5,74.0,5.733333333333333,94.26666666666668,varian
ayu hidayat,2026-12-31,4,197.0,11.283333333333331,88.71666666666667,varian
hafizhan santoso,2026-12-31,5,88.0,5.966666666666667,94.03333333333332,varian
putri sari,2026-12-31,4,164.0,7.233333333333333,92.76666666666668,varian
maya setiawan,2026-12-31,2,169.0,4.316666666666666,95.68333333333334,varian
rina hidayat,2026-12-31,2,303.0,13.05,86.95,origin
andi santoso,2026-12-31,3,104.0,6.233333333333333,93.76666666666668,origin
reza ramadhan,2026-12-31,4,122.0,6.533333333333333,93.46666666666668,varian
fajar kusuma,2026-12-31,2,212.0,10.033333333333331,89.96666666666667,varian
siti aminah,2026-12-31,3,86.0,5.933333333333334,94.06666666666666,origin
rina hidayat,2026-12-31,1,45.0,2.25,97.75,origin
siti sari,2026-12-31,1,162.0,4.2,95.8,origin
budi kusuma,2026-12-31,4,220.0,13.166666666666666,86.83333333333333,varian
siti aminah,2026-12-31,3,56.0,5.433333333333334,94.56666666666666,origin
agus pratama,2026-12-31,1,318.0,11.8,88.2,origin
budi pratama,2026-12-31,3,58.0,3.966666666666667,96.03333333333332,varian
reza kusuma,2026-12-31,2,174.0,5.9,94.1,origin
fajar saputra,2026-12-31,4,46.0,5.266666666666667,94.73333333333332,varian
reza aminah,2026-12-31,4,283.0,12.716666666666669,87.28333333333333,varian
nisa rahmawati,2026-12-31,2,278.0,12.633333333333333,87.36666666666667,origin
nisa saputra,2026-12-31,2,82.0,2.8666666666666667,97.13333333333334,varian
dimas kusuma,2026-12-31,4,80.0,5.833333333333333,94.16666666666669,varian
agus aminah,2026-12-31,3,192.0,12.7,87.3,origin
budi ramadhan,2026-12-31,2,63.0,4.05,95.95,origin
dimas aminah,2026-12-31,5,132.0,6.7,93.3,varian
ayu setiawan,2026-12-31,2,94.0,4.566666666666666,95.43333333333334,origin
dewi rahmawati,2026-12-31,2,192.0,11.2,88.8,origin
andi rahmawati,2026-12-31,3,67.0,2.6166666666666667,97.38333333333334,varian
andi shidqi,2026-12-31,3,212.0,13.033333333333331,86.96666666666667,origin
rina aminah,2026-12-31,2,126.0,3.6,96.4,varian
maya shidqi,2026-12-31,2,85.0,4.416666666666667,95.58333333333331,origin
nisa lestari,2026-12-31,2,104.0,4.733333333333333,95.26666666666668,origin
agus shidqi,2026-12-31,3,219.0,10.15,89.85,varian
budi pratama,2026-12-31,1,67.0,2.6166666666666667,97.38333333333334,origin
maya ramadhan,2026-12-31,4,15.0,3.25,96.75,varian
andi santoso,2026-12-31,1,235.0,10.416666666666666,89.58333333333333,origin
rina aminah,2026-12-31,3,114.0,4.9,95.1,varian
budi setiawan,2026-12-31,4,41.0,3.6833333333333336,96.31666666666666,varian
agus aminah,2026-12-31,1,133.0,3.716666666666667,96.28333333333332,origin
dewi wulandari,2026-12-31,4,118.0,4.966666666666667,95.03333333333332,varian
ayu aminah,2026-12-31,4,175.0,7.416666666666666,92.58333333333331,varian
nisa lestari,2026-12-31,1,83.0,2.8833333333333333,97.11666666666666,origin
reza ramadhan,2026-12-31,2,147.0,5.45,94.55,origin
dewi sari,2026-12-31,3,220.0,13.166666666666666,86.83333333333333,origin
hafizhan wulandari,2026-12-31,4,283.0,14.216666666666669,85.78333333333333,varian
siti lestari,2026-12-31,2,311.0,13.183333333333334,86.81666666666666,origin
ayu shidqi,2026-12-31,3,104.0,4.733333333333333,95.26666666666668,varian
putri rahmawati,2026-12-31,3,198.0,9.8,90.2,varian
ayu kusuma,2026-12-31,3,91.0,4.516666666666667,95.48333333333332,varian
siti santoso,2026-12-31,2,340.0,13.666666666666668,86.33333333333333,origin
nisa aminah,2026-12-31,5,118.0,6.466666666666667,93.53333333333332,varian
fajar aminah,2026-12-31,2,128.0,5.133333333333333,94.86666666666667,origin
hafizhan pratama,2026-12-31,3,107.0,6.283333333333333,93.71666666666668,origin
rizky hidayat,2026-12-31,2,54.0,3.9,96.1,origin
putri lestari,2026-12-31,2,206.0,11.433333333333334,88.56666666666666,origin
fajar rahmawati,2026-12-31,4,32.0,3.533333333333333,96.46666666666668,varian
ayu kusuma,2026-12-31,2,221.0,10.183333333333334,89.81666666666666,varian
andi lestari,2026-12-31,1,108.0,3.3,96.7,origin
agus ramadhan,2026-12-31,3,426.0,16.6,83.4,origin
maya pratama,2026-12-31,4,147.0,5.45,94.55,varian
dewi hidayat,2026-12-31,3,218.0,13.133333333333333,86.86666666666667,origin
andi hidayat,2026-12-31,5,241.0,13.516666666666666,86.48333333333333,varian
ayu saputra,2026-12-31,1,167.0,4.283333333333333,95.71666666666668,origin
rizky rahmawati,2026-12-31,2,84.0,4.4,95.6,origin
agus setiawan,2026-12-31,2,64.0,4.066666666666666,95.93333333333334,origin
putri wulandari,2026-12-31,2,124.0,3.566666666666667,96.43333333333334,varian
maya wulandari,2026-12-31,3,128.0,3.633333333333333,96.36666666666666,varian
putri saputra,2026-12-31,2,297.0,12.95,87.05,origin
putri rahmawati,2026-12-31,4,113.0,6.383333333333333,93.61666666666667,varian
reza shidqi,2026-12-31,1,128.0,3.633333333333333,96.36666666666666,origin
rizky sari,2026-12-31,1,57.0,2.45,97.55,origin
andi ramadhan,2026-12-31,5,136.0,6.766666666666667,93.23333333333332,varian
reza ramadhan,2026-12-31,5,103.0,6.216666666666667,93.78333333333332,varian
rina setiawan,2026-12-31,2,41.0,3.6833333333333336,96.31666666666666,origin
budi sari,2026-12-31,2,244.0,12.066666666666666,87.93333333333334,origin
dimas shidqi,2026-12-31,2,189.0,9.65,90.35,varian
reza santoso,2026-12-31,2,116.0,4.933333333333334,95.06666666666666,origin
nisa shidqi,2026-12-31,4,143.0,6.883333333333333,93.11666666666667,varian
maya aminah,2026-12-31,5,227.0,13.283333333333331,86.71666666666667,varian
reza lestari,2026-12-31,3,162.0,7.2,92.8,origin
ayu saputra,2026-12-31,1,77.0,2.783333333333333,97.21666666666668,origin
andi saputra,2026-12-31,3,31.0,5.016666666666667,94.98333333333332,origin
ayu sari,2026-12-31,2,77.0,2.783333333333333,97.21666666666668,varian
putri shidqi,2026-12-31,5,107.0,6.283333333333333,93.71666666666668,varian
hafizhan wulandari,2026-12-31,3,94.0,4.566666666666666,95.43333333333334,varian
dimas wulandari,2026-12-31,1,51.0,2.35,97.65,origin
nisa hidayat,2026-12-31,1,25.0,1.9166666666666667,98.08333333333331,origin
dewi setiawan,2026-12-31,1,245.0,10.583333333333332,89.41666666666667,origin
agus ramadhan,2026-12-31,2,137.0,5.283333333333333,94.71666666666668,origin
rina pratama,2026-12-31,1,25.0,1.9166666666666667,98.08333333333331,origin
siti rahmawati,2026-12-31,3,150.0,5.5,94.5,varian
fajar santoso,2026-12-31,1,89.0,2.9833333333333334,97.01666666666668,origin
reza wulandari,2026-12-31,3,31.0,5.016666666666667,94.98333333333332,origin
andi shidqi,2026-12-31,1,53.0,2.3833333333333333,97.61666666666666,origin
dimas ramadhan,2026-12-31,3,115.0,3.416666666666667,96.58333333333331,varian
hafizhan setiawan,2026-12-31,4,71.0,5.683333333333334,94.31666666666666,varian
rina wulandari,2026-12-31,3,186.0,12.6,87.4,origin
fajar rahmawati,2026-12-31,1,436.0,13.766666666666666,86.23333333333333,origin
nisa shidqi,2026-12-31,2,139.0,5.316666666666666,94.68333333333334,origin
nisa setiawan,2026-12-31,3,44.0,5.233333333333333,94.76666666666668,origin
hafizhan rahmawati,2026-12-31,2,115.0,4.916666666666667,95.08333333333331,origin
ayu kusuma,2026-12-31,4,55.0,3.9166666666666665,96.08333333333331,varian
putri aminah,2026-12-31,2,131.0,5.183333333333334,94.81666666666666,origin
fajar aminah,2026-12-31,3,95.0,4.583333333333333,95.41666666666669,varian
ayu shidqi,2026-12-31,1,66.0,2.6,97.4,origin
hafizhan setiawan,2026-12-31,3,161.0,7.183333333333334,92.81666666666666,origin
andi santoso,2026-12-31,2,375.0,12.75,87.25,varian
hafizhan setiawan,2026-12-31,4,325.0,14.916666666666668,85.08333333333333,varian
nisa rahmawati,2026-12-31,2,421.0,15.016666666666666,84.98333333333333,origin
andi rahmawati,2026-12-31,3,138.0,6.8,93.2,origin
maya pratama,2026-12-31,4,95.0,6.083333333333333,93.91666666666669,varian
maya santoso,2026-12-31,3,164.0,4.233333333333333,95.76666666666668,varian
nisa shidqi,2026-12-31,3,221.0,13.183333333333334,86.81666666666666,origin
putri kusuma,2026-12-31,2,106.0,3.2666666666666666,96.73333333333332,varian
siti saputra,2026-12-31,1,133.0,3.716666666666667,96.28333333333332,origin
siti rahmawati,2026-12-31,1,177.0,4.45,95.55,origin
reza saputra,2026-12-31,2,205.0,11.416666666666666,88.58333333333333,origin
dewi setiawan,2026-12-31,3,191.0,12.683333333333334,87.31666666666666,origin
siti hidayat,2026-12-31,5,75.0,5.75,94.25,varian
reza sari,2026-12-31,2,326.0,13.433333333333334,86.56666666666666,origin
agus kusuma,2026-12-31,2,166.0,5.766666666666667,94.23333333333332,origin
nisa shidqi,2026-12-31,2,71.0,4.183333333333334,95.81666666666666,origin
dewi kusuma,2026-12-31,3,50.0,2.333333333333333,97.66666666666669,varian
agus aminah,2026-12-31,4,384.0,14.4,85.6,varian
agus rahmawati,2026-12-31,3,213.0,10.05,89.95,varian
putri pratama,2026-12-31,3,132.0,6.7,93.3,origin
rina hidayat,2026-12-31,2,237.0,10.45,89.55,varian
nisa pratama,2026-12-31,5,72.0,5.7,94.3,varian
agus saputra,2026-12-31,1,38.0,2.1333333333333333,97.86666666666666,origin
maya hidayat,2026-12-31,3,193.0,9.716666666666669,90.28333333333332,varian
fajar sari,2026-12-31,1,167.0,4.283333333333333,95.71666666666668,origin
andi kusuma,2026-12-31,4,76.0,5.766666666666667,94.23333333333332,varian
siti wulandari,2026-12-31,3,179.0,7.483333333333333,92.51666666666668,origin
maya santoso,2026-12-31,3,225.0,13.25,86.75,origin
rizky kusuma,2026-12-31,4,70.0,5.666666666666667,94.33333333333331,varian
dimas shidqi,2026-12-31,5,140.0,6.833333333333334,93.16666666666669,varian
fajar rahmawati,2026-12-31,4,345.0,15.25,84.75,varian
budi aminah,2026-12-31,2,198.0,11.3,88.7,origin
fajar aminah,2026-12-31,2,129.0,5.15,94.85,origin
ayu santoso,2026-12-31,1,127.0,3.6166666666666663,96.38333333333334,origin
dewi wulandari,2026-12-31,1,213.0,10.05,89.95,origin
dimas shidqi,2026-12-31,4,97.0,4.616666666666667,95.38333333333333,varian
agus rahmawati,2026-12-31,1,150.0,4.0,96.0,origin
agus lestari,2026-12-31,4,97.0,4.616666666666667,95.38333333333333,varian
ayu shidqi,2026-12-31,2,159.0,4.15,95.85,varian
andi aminah,2026-12-31,3,174.0,5.9,94.1,varian
rizky ramadhan,2026-12-31,3,81.0,4.35,95.65,varian
ayu wulandari,2026-12-31,4,71.0,5.683333333333334,94.31666666666666,varian
dewi santoso,2026-12-31,2,188.0,11.133333333333333,88.86666666666667,origin
budi ramadhan,2026-12-31,1,458.0,14.133333333333333,85.86666666666667,origin
siti kusuma,2026-12-31,3,49.0,5.316666666666666,94.68333333333334,origin
hafizhan wulandari,2026-12-31,3,142.0,3.8666666666666663,96.13333333333334,varian
reza kusuma,2026-12-31,1,112.0,3.3666666666666667,96.63333333333334,origin
maya sari,2026-12-31,5,72.0,5.7,94.3,varian
agus setiawan,2026-12-31,2,240.0,12.0,88.0,origin
dimas santoso,2026-12-31,4,39.0,5.15,94.85,varian
maya pratama,2026-12-31,5,113.0,6.383333333333333,93.61666666666667,varian
rizky aminah,2026-12-31,3,273.0,12.55,87.45,varian
rizky setiawan,2026-12-31,3,94.0,6.066666666666666,93.93333333333334,origin
budi aminah,2026-12-31,2,97.0,4.616666666666667,95.38333333333333,origin
hafizhan ramadhan,2026-12-31,3,150.0,7.0,93.0,origin
siti ramadhan,2026-12-31,5,200.0,12.833333333333334,87.16666666666667,varian
dimas santoso,2026-12-31,4,305.0,14.583333333333332,85.41666666666667,varian
andi aminah,2026-12-31,3,368.0,12.633333333333333,87.36666666666667,varian
dimas aminah,2026-12-31,2,150.0,4.0,96.0,varian
andi aminah,2026-12-31,2,326.0,13.433333333333334,86.56666666666666,origin
maya sari,2026-12-31,2,289.0,12.816666666666666,87.18333333333334,origin
ayu shidqi,2026-12-31,2,164.0,5.733333333333333,94.26666666666668,origin
andi rahmawati,2026-12-31,3,46.0,3.7666666666666666,96.23333333333332,varian
agus wulandari,2026-12-31,4,182.0,12.533333333333331,87.46666666666667,varian
andi shidqi,2026-12-31,2,184.0,11.066666666666666,88.93333333333334,origin
maya ramadhan,2026-12-31,1,136.0,3.7666666666666666,96.23333333333332,origin
nisa santoso,2026-12-31,1,54.0,2.4,97.6,origin
agus saputra,2026-12-31,1,289.0,11.316666666666666,88.68333333333334,origin
ayu saputra,2026-12-31,3,195.0,11.25,88.75,varian
ayu aminah,2026-12-31,3,138.0,6.8,93.2,origin
agus sari,2026-12-31,2,73.0,4.216666666666667,95.78333333333332,origin
siti lestari,2026-12-31,5,105.0,6.25,93.75,varian
fajar pratama,2026-12-31,3,197.0,9.783333333333331,90.21666666666668,varian
andi pratama,2026-12-31,1,139.0,3.816666666666667,96.18333333333334,origin
rina aminah,2026-12-31,2,68.0,2.6333333333333333,97.36666666666666,varian
andi santoso,2026-12-31,3,114.0,6.4,93.6,origin
budi kusuma,2026-12-31,1,80.0,2.833333333333333,97.16666666666669,origin
reza setiawan,2026-12-31,5,175.0,7.416666666666666,92.58333333333331,varian
dewi santoso,2026-12-31,3,219.0,13.15,86.85,origin
budi saputra,2026-12-31,3,21.0,4.85,95.15,origin
rizky hidayat,2026-12-31,2,56.0,3.9333333333333336,96.06666666666666,origin
dewi santoso,2026-12-31,4,379.0,15.816666666666666,84.18333333333334,varian
maya saputra,2026-12-31,3,83.0,2.8833333333333333,97.11666666666666,varian
dewi rahmawati,2026-12-31,2,148.0,3.966666666666667,96.03333333333332,varian
andi aminah,2026-12-31,3,190.0,11.166666666666666,88.83333333333333,varian
putri kusuma,2026-12-31,1,122.0,3.533333333333333,96.46666666666668,origin
dewi santoso,2026-12-31,3,134.0,6.733333333333333,93.26666666666668,origin
dimas hidayat,2026-12-31,2,49.0,3.8166666666666655,96.18333333333334,origin
hafizhan setiawan,2026-12-31,3,99.0,3.15,96.85,varian
putri santoso,2026-12-31,5,147.0,6.95,93.05,varian
dewi santoso,2026-12-31,2,170.0,5.833333333333334,94.16666666666669,origin
hafizhan aminah,2026-12-31,3,404.0,16.233333333333334,83.76666666666667,origin
maya shidqi,2026-12-31,4,472.0,17.366666666666667,82.63333333333333,varian
siti setiawan,2026-12-31,5,352.0,15.366666666666667,84.63333333333333,varian
putri kusuma,2026-12-31,5,69.0,5.65,94.35,varian
rizky hidayat,2026-12-31,1,73.0,2.716666666666667,97.28333333333332,origin
ayu aminah,2026-12-31,2,115.0,3.416666666666667,96.58333333333331,varian
hafizhan saputra,2026-12-31,5,88.0,5.966666666666667,94.03333333333332,varian
rizky aminah,2026-12-31,4,228.0,13.3,86.7,varian
nisa ramadhan,2026-12-31,3,178.0,5.966666666666667,94.03333333333332,varian
andi sari,2026-12-31,4,187.0,12.616666666666667,87.38333333333333,varian
andi wulandari,2026-12-31,3,96.0,6.1,93.9,origin
fajar pratama,2026-12-31,1,25.0,1.9166666666666667,98.08333333333331,origin
dewi setiawan,2026-12-31,5,238.0,13.466666666666669,86.53333333333333,varian
agus saputra,2026-12-31,3,238.0,11.966666666666669,88.03333333333333,varian
maya sari,2026-12-31,3,316.0,14.766666666666666,85.23333333333333,origin
nisa setiawan,2026-12-31,3,99.0,4.65,95.35,varian
andi hidayat,2026-12-31,2,69.0,4.15,95.85,origin
agus lestari,2026-12-31,3,235.0,10.416666666666666,89.58333333333333,varian
reza saputra,2026-12-31,2,169.0,4.316666666666666,95.68333333333334,varian
hafizhan pratama,2026-12-31,4,192.0,12.7,87.3,varian
ayu rahmawati,2026-12-31,3,81.0,2.85,97.15,varian
putri lestari,2026-12-31,2,65.0,2.583333333333333,97.41666666666669,varian
rizky wulandari,2026-12-31,3,119.0,4.983333333333333,95.01666666666668,varian
ayu setiawan,2026-12-31,3,113.0,4.883333333333333,95.11666666666667,varian
dimas sari,2026-12-31,3,145.0,5.416666666666666,94.58333333333331,varian
dimas kusuma,2026-12-31,4,323.0,13.383333333333333,86.61666666666667,varian
maya sari,2026-12-31,3,161.0,4.183333333333334,95.81666666666666,varian
rizky aminah,2026-12-31,3,106.0,4.766666666666667,95.23333333333332,varian
agus rahmawati,2026-12-31,2,235.0,11.916666666666666,88.08333333333333,origin
maya wulandari,2026-12-31,3,106.0,3.2666666666666666,96.73333333333332,varian
agus wulandari,2026-12-31,1,345.0,12.25,87.75,origin
nisa shidqi,2026-12-31,2,191.0,9.683333333333334,90.31666666666666,varian
maya pratama,2026-12-31,3,167.0,5.783333333333333,94.21666666666668,varian
putri wulandari,2026-12-31,1,219.0,10.15,89.85,origin
budi saputra,2026-12-31,2,25.0,1.9166666666666667,98.08333333333331,varian
ayu aminah,2026-12-31,5,293.0,14.383333333333333,85.61666666666667,varian
nisa pratama,2026-12-31,2,52.0,2.3666666666666667,97.63333333333334,varian
rizky santoso,2026-12-31,1,150.0,4.0,96.0,origin
andi santoso,2026-12-31,3,186.0,9.6,90.4,varian
rina hidayat,2026-12-31,2,121.0,5.016666666666667,94.98333333333332,origin
reza santoso,2026-12-31,3,87.0,5.95,94.05,origin
rina lestari,2026-12-31,4,221.0,11.683333333333334,88.31666666666666,varian
siti rahmawati,2026-12-31,5,82.0,5.866666666666667,94.13333333333333,varian
dewi saputra,2026-12-31,2,262.0,12.366666666666667,87.63333333333333,origin
siti shidqi,2026-12-31,2,241.0,12.016666666666666,87.98333333333333,origin
fajar wulandari,2026-12-31,2,135.0,3.75,96.25,varian
dewi hidayat,2026-12-31,1,358.0,12.466666666666669,87.53333333333333,origin
agus aminah,2026-12-31,3,75.0,5.75,94.25,origin
agus aminah,2026-12-31,3,102.0,6.2,93.8,origin
reza ramadhan,2026-12-31,3,62.0,5.533333333333333,94.46666666666668,origin
hafizhan lestari,2026-12-31,3,129.0,6.65,93.35,origin
dimas pratama,2026-12-31,3,33.0,2.05,97.95,varian
andi kusuma,2026-12-31,3,103.0,4.716666666666667,95.28333333333332,varian
putri kusuma,2026-12-31,1,196.0,9.766666666666666,90.23333333333332,origin
dimas hidayat,2026-12-31,1,146.0,3.933333333333333,96.06666666666666,origin
nisa saputra,2026-12-31,2,214.0,11.566666666666666,88.43333333333334,origin
siti santoso,2026-12-31,1,352.0,12.366666666666667,87.63333333333333,origin
siti shidqi,2026-12-31,3,305.0,14.583333333333332,85.41666666666667,origin
agus santoso,2026-12-31,3,438.0,16.8,83.2,origin
ayu rahmawati,2026-12-31,3,314.0,13.233333333333334,86.76666666666667,varian
ayu ramadhan,2026-12-31,1,271.0,11.016666666666666,88.98333333333333,origin
siti shidqi,2026-12-31,4,199.0,11.316666666666666,88.68333333333334,varian
dewi santoso,2026-12-31,5,253.0,13.716666666666669,86.28333333333333,varian
putri rahmawati,2026-12-31,2,89.0,2.9833333333333334,97.01666666666668,varian
rizky santoso,2026-12-31,3,397.0,13.116666666666667,86.88333333333333,varian
reza santoso,2026-12-31,1,355.0,12.416666666666668,87.58333333333333,origin
siti pratama,2026-12-31,3,146.0,6.933333333333334,93.06666666666666,origin
dewi pratama,2026-12-31,3,371.0,12.683333333333334,87.31666666666666,varian
putri hidayat,2026-12-31,4,249.0,13.65,86.35,varian
dimas ramadhan,2026-12-31,1,227.0,10.283333333333331,89.71666666666667,origin
dewi setiawan,2026-12-31,3,323.0,14.883333333333333,85.11666666666667,origin
siti sari,2026-12-31,3,141.0,6.85,93.15,origin
putri shidqi,2026-12-31,1,171.0,4.35,95.65,origin
maya sari,2026-12-31,1,156.0,4.1,95.9,origin
dimas lestari,2026-12-31,2,277.0,12.616666666666667,87.38333333333333,origin
budi kusuma,2026-12-31,3,104.0,6.233333333333333,93.76666666666668,origin
reza sari,2026-12-31,3,277.0,12.616666666666667,87.38333333333333,varian
nisa pratama,2026-12-31,3,57.0,5.45,94.55,origin
rina ramadhan,2026-12-31,1,117.0,3.45,96.55,origin
reza hidayat,2026-12-31,2,437.0,15.283333333333331,84.71666666666667,origin
maya aminah,2026-12-31,3,272.0,14.033333333333331,85.96666666666667,origin
reza kusuma,2026-12-31,5,217.0,13.116666666666667,86.88333333333333,varian
maya shidqi,2026-12-31,4,78.0,5.8,94.2,varian
agus wulandari,2026-12-31,2,200.0,9.833333333333334,90.16666666666669,varian
rina saputra,2026-12-31,2,253.0,12.216666666666669,87.78333333333333,origin
maya kusuma,2026-12-31,2,231.0,11.85,88.15,origin
siti hidayat,2026-12-31,3,216.0,13.1,86.9,origin
rizky sari,2026-12-31,4,172.0,7.366666666666667,92.63333333333333,varian
fajar sari,2026-12-31,3,43.0,3.716666666666667,96.28333333333332,varian
maya setiawan,2026-12-31,4,104.0,6.233333333333333,93.76666666666668,varian
reza hidayat,2026-12-31,1,231.0,10.35,89.65,origin
putri ramadhan,2026-12-31,4,243.0,13.55,86.45,varian
budi shidqi,2026-12-31,1,110.0,3.333333333333333,96.66666666666669,origin
maya shidqi,2026-12-31,4,48.0,3.8,96.2,varian
rina hidayat,2026-12-31,3,51.0,3.85,96.15,varian
siti hidayat,2026-12-31,4,102.0,6.2,93.8,varian
rina saputra,2026-12-31,4,165.0,5.75,94.25,varian
putri saputra,2026-12-31,1,167.0,4.283333333333333,95.71666666666668,origin
fajar ramadhan,2026-12-31,1,40.0,2.1666666666666665,97.83333333333331,origin
dewi setiawan,2026-12-31,2,143.0,5.383333333333333,94.61666666666667,origin
rizky kusuma,2026-12-31,4,51.0,5.35,94.65,varian
dewi pratama,2026-12-31,3,128.0,6.633333333333333,93.36666666666667,origin
andi aminah,2026-12-31,3,185.0,12.583333333333334,87.41666666666667,origin
fajar aminah,2026-12-31,3,59.0,5.483333333333333,94.51666666666668,origin
fajar aminah,2026-12-31,5,130.0,6.666666666666666,93.33333333333331,varian
andi pratama,2026-12-31,2,122.0,5.033333333333333,94.96666666666668,origin
fajar lestari,2026-12-31,2,129.0,5.15,94.85,origin
budi santoso,2026-12-31,1,57.0,2.45,97.55,origin
reza aminah,2026-12-31,5,107.0,6.283333333333333,93.71666666666668,varian
putri sari,2026-12-31,2,89.0,4.483333333333333,95.51666666666668,origin
andi ramadhan,2026-12-31,4,71.0,5.683333333333334,94.31666666666666,varian
nisa setiawan,2026-12-31,1,66.0,2.6,97.4,origin
reza setiawan,2026-12-31,1,264.0,10.9,89.1,origin
siti shidqi,2026-12-31,1,52.0,2.3666666666666667,97.63333333333334,origin
agus hidayat,2026-12-31,3,127.0,6.616666666666667,93.38333333333333,origin
reza ramadhan,2026-12-31,3,73.0,2.716666666666667,97.28333333333332,varian
dimas ramadhan,2026-12-31,4,63.0,5.55,94.45,varian
siti ramadhan,2026-12-31,3,177.0,7.45,92.55,origin
ayu wulandari,2026-12-31,1,153.0,4.05,95.95,origin
hafizhan shidqi,2026-12-31,3,165.0,7.25,92.75,origin
budi wulandari,2026-12-31,3,149.0,5.483333333333333,94.51666666666668,varian
reza ramadhan,2026-12-31,4,137.0,6.783333333333333,93.21666666666668,varian
putri lestari,2026-12-31,4,194.0,12.733333333333334,87.26666666666667,varian
agus rahmawati,2026-12-31,2,166.0,4.266666666666667,95.73333333333332,varian
siti sari,2026-12-31,3,473.0,14.383333333333333,85.61666666666667,varian
dewi wulandari,2026-12-31,2,162.0,5.7,94.3,origin
ayu setiawan,2026-12-31,3,91.0,6.016666666666667,93.98333333333332,origin
dewi ramadhan,2026-12-31,2,57.0,3.95,96.05,origin
dewi santoso,2026-12-31,3,101.0,6.183333333333334,93.81666666666666,origin
rizky ramadhan,2026-12-31,2,103.0,4.716666666666667,95.28333333333332,origin
rina kusuma,2026-12-31,3,108.0,3.3,96.7,varian
nisa aminah,2026-12-31,2,132.0,5.2,94.8,origin
fajar wulandari,2026-12-31,4,120.0,6.5,93.5,varian
dewi rahmawati,2026-12-31,1,67.0,2.6166666666666667,97.38333333333334,origin
fajar shidqi,2026-12-31,4,111.0,6.35,93.65,varian
rizky saputra,2026-12-31,2,184.0,9.566666666666666,90.43333333333334,varian
dewi aminah,2026-12-31,5,75.0,5.75,94.25,varian
hafizhan saputra,2026-12-31,2,56.0,3.9333333333333336,96.06666666666666,origin
hafizhan sari,2026-12-31,1,398.0,13.133333333333333,86.86666666666667,origin
rizky sari,2026-12-31,5,147.0,6.95,93.05,varian
fajar hidayat,2026-12-31,2,142.0,3.8666666666666663,96.13333333333334,varian
agus rahmawati,2026-12-31,5,161.0,7.183333333333334,92.81666666666666,varian
dimas ramadhan,2026-12-31,3,219.0,13.15,86.85,origin
nisa sari,2026-12-31,2,179.0,5.983333333333333,94.01666666666668,origin
hafizhan santoso,2026-12-31,5,76.0,5.766666666666667,94.23333333333332,varian
reza kusuma,2026-12-31,3,425.0,15.083333333333332,84.91666666666667,varian
reza lestari,2026-12-31,3,143.0,5.383333333333333,94.61666666666667,varian
rizky santoso,2026-12-31,2,80.0,4.333333333333333,95.66666666666669,origin
hafizhan aminah,2026-12-31,5,174.0,7.4,92.6,varian
dimas ramadhan,2026-12-31,3,139.0,6.816666666666666,93.18333333333334,origin
reza hidayat,2026-12-31,4,88.0,4.466666666666667,95.53333333333332,varian
putri sari,2026-12-31,2,141.0,5.35,94.65,origin
ayu saputra,2026-12-31,1,424.0,13.566666666666666,86.43333333333334,origin
dimas shidqi,2026-12-31,3,154.0,4.066666666666666,95.93333333333334,varian
maya santoso,2026-12-31,2,160.0,4.166666666666666,95.83333333333331,varian
nisa santoso,2026-12-31,1,133.0,3.716666666666667,96.28333333333332,origin
hafizhan aminah,2026-12-31,4,190.0,12.666666666666666,87.33333333333333,varian
dewi rahmawati,2026-12-31,3,220.0,10.166666666666666,89.83333333333333,varian
nisa setiawan,2026-12-31,3,410.0,16.333333333333332,83.66666666666667,origin
fajar santoso,2026-12-31,4,124.0,5.066666666666666,94.93333333333334,varian
ayu hidayat,2026-12-31,2,88.0,2.966666666666667,97.03333333333332,varian
maya ramadhan,2026-12-31,2,242.0,12.033333333333331,87.96666666666667,origin
budi wulandari,2026-12-31,4,42.0,3.7,96.3,varian
ayu aminah,2026-12-31,3,120.0,5.0,95.0,varian
agus setiawan,2026-12-31,3,233.0,10.383333333333333,89.61666666666667,varian
andi aminah,2026-12-31,3,15.0,3.25,96.75,varian
agus aminah,2026-12-31,3,136.0,3.7666666666666666,96.23333333333332,varian
dimas pratama,2026-12-31,2,334.0,13.566666666666666,86.43333333333334,origin
maya santoso,2026-12-31,3,123.0,3.55,96.45,varian
budi setiawan,2026-12-31,3,212.0,13.033333333333331,86.96666666666667,origin
agus lestari,2026-12-31,1,28.0,1.9666666666666668,98.03333333333332,origin
budi hidayat,2026-12-31,3,158.0,4.133333333333333,95.86666666666667,varian
nisa shidqi,2026-12-31,2,57.0,3.95,96.05,origin
dimas hidayat,2026-12-31,3,378.0,14.3,85.7,varian
andi lestari,2026-12-31,3,221.0,11.683333333333334,88.31666666666666,varian
andi kusuma,2026-12-31,4,150.0,7.0,93.0,varian
reza shidqi,2026-12-31,2,391.0,14.516666666666666,85.48333333333333,origin
reza saputra,2026-12-31,1,416.0,13.433333333333334,86.56666666666666,origin
ayu kusuma,2026-12-31,5,200.0,12.833333333333334,87.16666666666667,varian
dimas ramadhan,2026-12-31,3,185.0,11.083333333333334,88.91666666666667,varian
andi hidayat,2026-12-31,2,227.0,10.283333333333331,89.71666666666667,varian
siti setiawan,2026-12-31,3,122.0,6.533333333333333,93.46666666666668,origin
andi ramadhan,2026-12-31,2,320.0,11.833333333333332,88.16666666666667,varian
rina lestari,2026-12-31,3,91.0,6.016666666666667,93.98333333333332,origin
hafizhan wulandari,2026-12-31,1,230.0,10.333333333333334,89.66666666666667,origin
ayu aminah,2026-12-31,2,213.0,11.55,88.45,origin
ayu hidayat,2026-12-31,3,219.0,13.15,86.85,origin
putri lestari,2026-12-31,3,217.0,13.116666666666667,86.88333333333333,origin
nisa ramadhan,2026-12-31,3,132.0,6.7,93.3,origin
agus saputra,2026-12-31,2,158.0,4.133333333333333,95.86666666666667,varian
rina kusuma,2026-12-31,4,117.0,4.95,95.05,varian
rina lestari,2026-12-31,1,53.0,2.3833333333333333,97.61666666666666,origin
fajar aminah,2026-12-31,2,286.0,11.266666666666666,88.73333333333333,varian
agus setiawan,2026-12-31,1,74.0,2.7333333333333334,97.26666666666668,origin
andi sari,2026-12-31,2,114.0,4.9,95.1,origin
agus kusuma,2026-12-31,3,154.0,7.066666666666666,92.93333333333334,origin
fajar setiawan,2026-12-31,2,195.0,11.25,88.75,origin
dimas sari,2026-12-31,4,214.0,11.566666666666666,88.43333333333334,varian
rizky shidqi,2026-12-31,1,215.0,10.083333333333334,89.91666666666667,origin
siti santoso,2026-12-31,5,56.0,5.433333333333334,94.56666666666666,varian
siti setiawan,2026-12-31,2,194.0,11.233333333333334,88.76666666666667,origin
rina saputra,2026-12-31,3,274.0,14.066666666666666,85.93333333333334,origin
andi saputra,2026-12-31,3,47.0,5.283333333333333,94.71666666666668,origin
fajar wulandari,2026-12-31,3,265.0,12.416666666666668,87.58333333333333,varian
dimas santoso,2026-12-31,4,137.0,6.783333333333333,93.21666666666668,varian
rina lestari,2026-12-31,3,86.0,2.9333333333333336,97.06666666666666,varian
rina lestari,2026-12-31,2,73.0,4.216666666666667,95.78333333333332,origin
ayu lestari,2026-12-31,1,66.0,2.6,97.4,origin
rina ramadhan,2026-12-31,4,239.0,13.483333333333334,86.51666666666667,varian
hafizhan pratama,2026-12-31,1,180.0,9.5,90.5,origin
agus saputra,2026-12-31,4,182.0,11.033333333333331,88.96666666666667,varian
rina santoso,2026-12-31,4,133.0,5.216666666666667,94.78333333333332,varian
siti setiawan,2026-12-31,3,108.0,3.3,96.7,varian
maya shidqi,2026-12-31,2,294.0,12.9,87.1,origin
nisa santoso,2026-12-31,3,356.0,13.933333333333334,86.06666666666666,varian
rina sari,2026-12-31,4,91.0,6.016666666666667,93.98333333333332,varian
putri lestari,2026-12-31,3,219.0,10.15,89.85,varian
andi saputra,2026-12-31,4,454.0,15.566666666666666,84.43333333333334,varian
andi lestari,2026-12-31,2,137.0,3.783333333333333,96.21666666666668,varian
putri kusuma,2026-12-31,1,259.0,10.816666666666666,89.18333333333334,origin
rina wulandari,2026-12-31,2,109.0,4.816666666666666,95.18333333333334,origin
reza sari,2026-12-31,1,118.0,3.466666666666667,96.53333333333332,origin
putri ramadhan,2026-12-31,4,50.0,3.8333333333333335,96.16666666666669,varian
fajar kusuma,2026-12-31,3,149.0,5.483333333333333,94.51666666666668,varian
budi kusuma,2026-12-31,3,102.0,4.7,95.3,varian
reza rahmawati,2026-12-31,3,437.0,16.78333333333333,83.21666666666667,origin
fajar lestari,2026-12-31,3,215.0,10.083333333333334,89.91666666666667,varian
fajar hidayat,2026-12-31,2,71.0,2.6833333333333336,97.31666666666666,varian
putri setiawan,2026-12-31,4,148.0,5.466666666666667,94.53333333333332,varian
agus ramadhan,2026-12-31,2,108.0,4.8,95.2,origin
fajar aminah,2026-12-31,3,180.0,12.5,87.5,origin
ayu hidayat,2026-12-31,2,460.0,15.666666666666668,84.33333333333333,origin
nisa ramadhan,2026-12-31,3,175.0,7.416666666666666,92.58333333333331,origin
dewi santoso,2026-12-31,2,52.0,3.8666666666666663,96.13333333333334,origin
maya saputra,2026-12-31,3,129.0,3.65,96.35,varian
maya shidqi,2026-12-31,4,166.0,5.766666666666667,94.23333333333332,varian
fajar rahmawati,2026-12-31,1,108.0,3.3,96.7,origin
rizky wulandari,2026-12-31,3,222.0,13.2,86.8,origin
siti lestari,2026-12-31,1,29.0,1.9833333333333332,98.01666666666668,origin
dimas rahmawati,2026-12-31,3,184.0,9.566666666666666,90.43333333333334,varian
nisa hidayat,2026-12-31,1,237.0,10.45,89.55,origin
putri rahmawati,2026-12-31,4,78.0,5.8,94.2,varian
rina wulandari,2026-12-31,1,170.0,4.333333333333334,95.66666666666669,origin
fajar shidqi,2026-12-31,4,49.0,5.316666666666666,94.68333333333334,varian
ayu rahmawati,2026-12-31,1,81.0,2.85,97.15,origin
putri rahmawati,2026-12-31,3,180.0,11.0,89.0,varian
fajar shidqi,2026-12-31,3,32.0,5.033333333333333,94.96666666666668,origin
nisa pratama,2026-12-31,3,350.0,12.333333333333332,87.66666666666667,varian
fajar kusuma,2026-12-31,2,81.0,4.35,95.65,origin
siti santoso,2026-12-31,4,105.0,6.25,93.75,varian
hafizhan sari,2026-12-31,2,119.0,3.4833333333333334,96.51666666666668,varian
dewi setiawan,2026-12-31,5,181.0,12.516666666666666,87.48333333333333,varian
fajar kusuma,2026-12-31,2,107.0,4.783333333333333,95.21666666666668,origin
putri setiawan,2026-12-31,2,47.0,3.783333333333333,96.21666666666668,origin
reza sari,2026-12-31,4,145.0,5.416666666666666,94.58333333333331,varian
andi santoso,2026-12-31,3,164.0,7.233333333333333,92.76666666666668,origin
hafizhan setiawan,2026-12-31,3,162.0,5.7,94.3,varian
agus santoso,2026-12-31,2,59.0,3.983333333333333,96.01666666666668,origin
rina pratama,2026-12-31,5,95.0,6.083333333333333,93.91666666666669,varian
putri kusuma,2026-12-31,4,22.0,4.866666666666666,95.13333333333334,varian
nisa santoso,2026-12-31,2,123.0,5.05,94.95,origin
dewi wulandari,2026-12-31,3,115.0,6.416666666666667,93.58333333333331,origin
nisa sari,2026-12-31,2,144.0,5.4,94.6,origin
nisa setiawan,2026-12-31,3,69.0,5.65,94.35,origin
dewi hidayat,2026-12-31,5,177.0,7.45,92.55,varian
rizky setiawan,2026-12-31,3,39.0,2.15,97.85,varian
rina ramadhan,2026-12-31,4,126.0,5.1,94.9,varian
agus shidqi,2026-12-31,2,106.0,3.2666666666666666,96.73333333333332,varian
rina rahmawati,2026-12-31,2,36.0,3.6,96.4,origin
andi sari,2026-12-31,5,306.0,14.6,85.4,varian
dimas hidayat,2026-12-31,1,103.0,3.216666666666667,96.78333333333332,origin
reza pratama,2026-12-31,4,59.0,3.983333333333333,96.01666666666668,varian
maya aminah,2026-12-31,2,70.0,4.166666666666667,95.83333333333331,origin
hafizhan sari,2026-12-31,3,188.0,11.133333333333333,88.86666666666667,varian
ayu aminah,2026-12-31,5,441.0,16.85,83.15,varian
dewi lestari,2026-12-31,4,163.0,5.716666666666667,94.28333333333332,varian
ayu shidqi,2026-12-31,2,112.0,4.866666666666667,95.13333333333333,origin
fajar rahmawati,2026-12-31,3,144.0,3.9,96.1,varian
andi shidqi,2026-12-31,3,75.0,4.25,95.75,varian
fajar setiawan,2026-12-31,2,126.0,5.1,94.9,origin
rizky wulandari,2026-12-31,1,122.0,3.533333333333333,96.46666666666668,origin
budi rahmawati,2026-12-31,3,160.0,7.166666666666666,92.83333333333331,origin
hafizhan santoso,2026-12-31,4,190.0,11.166666666666666,88.83333333333333,varian
reza hidayat,2026-12-31,5,148.0,6.966666666666667,93.03333333333332,varian
dewi kusuma,2026-12-31,3,234.0,13.4,86.6,origin
dewi hidayat,2026-12-31,3,99.0,6.15,93.85,origin
dimas wulandari,2026-12-31,2,114.0,3.4,96.6,varian
andi saputra,2026-12-31,1,227.0,10.283333333333331,89.71666666666667,origin
reza santoso,2026-12-31,3,46.0,3.7666666666666666,96.23333333333332,varian
dewi aminah,2026-12-31,1,116.0,3.4333333333333336,96.56666666666666,origin
agus lestari,2026-12-31,3,35.0,5.083333333333333,94.91666666666669,origin
andi santoso,2026-12-31,4,226.0,11.766666666666666,88.23333333333333,varian
reza shidqi,2026-12-31,2,263.0,12.383333333333333,87.61666666666667,origin
hafizhan hidayat,2026-12-31,3,222.0,11.7,88.3,varian
budi kusuma,2026-12-31,5,205.0,12.916666666666666,87.08333333333333,varian
nisa ramadhan,2026-12-31,2,76.0,2.7666666666666666,97.23333333333332,varian
rina hidayat,2026-12-31,3,235.0,11.916666666666666,88.08333333333333,varian
andi saputra,2026-12-31,4,40.0,5.166666666666667,94.83333333333331,varian
rina hidayat,2026-12-31,5,86.0,5.933333333333334,94.06666666666666,varian
rina lestari,2026-12-31,3,38.0,3.633333333333333,96.36666666666666,varian
dimas wulandari,2026-12-31,2,118.0,3.466666666666667,96.53333333333332,varian
siti shidqi,2026-12-31,3,54.0,5.4,94.6,origin
maya rahmawati,2026-12-31,3,440.0,15.333333333333332,84.66666666666667,varian
reza rahmawati,2026-12-31,4,55.0,5.416666666666667,94.58333333333331,varian
andi santoso,2026-12-31,4,110.0,6.333333333333333,93.66666666666669,varian
rina rahmawati,2026-12-31,5,114.0,6.4,93.6,varian
dimas santoso,2026-12-31,2,94.0,4.566666666666666,95.43333333333334,origin
hafizhan wulandari,2026-12-31,1,103.0,3.216666666666667,96.78333333333332,origin
ayu rahmawati,2026-12-31,1,207.0,9.95,90.05,origin
rizky setiawan,2026-12-31,3,138.0,3.8,96.2,varian
andi ramadhan,2026-12-31,4,136.0,6.766666666666667,93.23333333333332,varian
putri rahmawati,2026-12-31,3,113.0,3.3833333333333333,96.61666666666666,varian
hafizhan hidayat,2026-12-31,5,187.0,12.616666666666667,87.38333333333333,varian
fajar rahmawati,2026-12-31,1,54.0,2.4,97.6,origin
maya setiawan,2026-12-31,3,133.0,6.716666666666667,93.28333333333332,origin
putri pratama,2026-12-31,1,94.0,3.0666666666666664,96.93333333333334,origin
reza saputra,2026-12-31,1,214.0,10.066666666666666,89.93333333333334,origin
maya setiawan,2026-12-31,4,99.0,4.65,95.35,varian
rina ramadhan,2026-12-31,5,186.0,12.6,87.4,varian
nisa saputra,2026-12-31,1,196.0,9.766666666666666,90.23333333333332,origin
hafizhan saputra,2026-12-31,2,190.0,11.166666666666666,88.83333333333333,origin
dewi hidayat,2026-12-31,2,27.0,3.45,96.55,origin
rizky setiawan,2026-12-31,3,78.0,5.8,94.2,origin
nisa saputra,2026-12-31,4,57.0,5.45,94.55,varian
agus ramadhan,2026-12-31,2,86.0,4.433333333333334,95.56666666666666,origin
dimas lestari,2026-12-31,4,216.0,13.1,86.9,varian
siti shidqi,2026-12-31,4,165.0,5.75,94.25,varian
agus sari,2026-12-31,5,86.0,5.933333333333334,94.06666666666666,varian
hafizhan aminah,2026-12-31,1,73.0,2.716666666666667,97.28333333333332,origin
hafizhan rahmawati,2026-12-31,3,140.0,6.833333333333334,93.16666666666669,origin
maya ramadhan,2026-12-31,2,43.0,3.716666666666667,96.28333333333332,origin
putri rahmawati,2026-12-31,2,327.0,11.95,88.05,varian
fajar rahmawati,2026-12-31,2,149.0,5.483333333333333,94.51666666666668,origin
nisa ramadhan,2026-12-31,4,300.0,13.0,87.0,varian
hafizhan saputra,2026-12-31,1,135.0,3.75,96.25,origin
nisa hidayat,2026-12-31,3,216.0,13.1,86.9,origin
ayu aminah,2026-12-31,1,139.0,3.816666666666667,96.18333333333334,origin
nisa wulandari,2026-12-31,4,52.0,3.8666666666666663,96.13333333333334,varian
fajar wulandari,2026-12-31,2,97.0,3.1166666666666667,96.88333333333334,varian
rizky setiawan,2026-12-31,3,207.0,11.45,88.55,varian
dimas setiawan,2026-12-31,3,179.0,7.483333333333333,92.51666666666668,origin
dewi kusuma,2026-12-31,3,133.0,6.716666666666667,93.28333333333332,origin
rina setiawan,2026-12-31,4,115.0,4.916666666666667,95.08333333333331,varian
rizky rahmawati,2026-12-31,2,71.0,2.6833333333333336,97.31666666666666,varian
putri shidqi,2026-12-31,3,105.0,3.25,96.75,varian
andi wulandari,2026-12-31,4,52.0,3.8666666666666663,96.13333333333334,varian
dimas setiawan,2026-12-31,1,173.0,4.383333333333333,95.61666666666667,origin
maya saputra,2026-12-31,3,87.0,5.95,94.05,origin
andi hidayat,2026-12-31,3,178.0,7.466666666666667,92.53333333333332,origin
maya saputra,2026-12-31,5,303.0,14.55,85.45,varian
maya kusuma,2026-12-31,2,122.0,5.033333333333333,94.96666666666668,origin
budi shidqi,2026-12-31,2,139.0,5.316666666666666,94.68333333333334,origin
budi rahmawati,2026-12-31,1,236.0,10.433333333333334,89.56666666666666,origin
dimas rahmawati,2026-12-31,3,155.0,7.083333333333334,92.91666666666669,origin
siti saputra,2026-12-31,2,178.0,4.466666666666667,95.53333333333332,varian
maya shidqi,2026-12-31,3,316.0,14.766666666666666,85.23333333333333,origin
hafizhan wulandari,2026-12-31,1,273.0,11.05,88.95,origin
fajar pratama,2026-12-31,1,163.0,4.216666666666667,95.78333333333332,origin
reza hidayat,2026-12-31,3,170.0,7.333333333333334,92.66666666666669,origin
maya pratama,2026-12-31,4,60.0,4.0,96.0,varian
fajar setiawan,2026-12-31,2,86.0,2.9333333333333336,97.06666666666666,varian
reza sari,2026-12-31,3,82.0,4.366666666666667,95.63333333333333,varian
andi lestari,2026-12-31,1,151.0,4.016666666666667,95.98333333333332,origin
fajar kusuma,2026-12-31,2,237.0,10.45,89.55,varian
agus pratama,2026-12-31,2,149.0,5.483333333333333,94.51666666666668,origin
hafizhan kusuma,2026-12-31,1,392.0,13.033333333333331,86.96666666666667,origin
maya pratama,2026-12-31,3,147.0,6.95,93.05,origin
siti sari,2026-12-31,3,134.0,6.733333333333333,93.26666666666668,origin
maya kusuma,2026-12-31,2,77.0,4.283333333333333,95.71666666666668,origin
andi saputra,2026-12-31,1,134.0,3.733333333333333,96.26666666666668,origin
fajar rahmawati,2026-12-31,4,152.0,5.533333333333333,94.46666666666668,varian
agus aminah,2026-12-31,2,189.0,9.65,90.35,varian
rina shidqi,2026-12-31,3,235.0,13.416666666666666,86.58333333333333,origin
dewi sari,2026-12-31,3,331.0,15.016666666666666,84.98333333333333,origin
rizky rahmawati,2026-12-31,4,390.0,14.5,85.5,varian
budi ramadhan,2026-12-31,3,40.0,5.166666666666667,94.83333333333331,origin
reza wulandari,2026-12-31,4,160.0,7.166666666666666,92.83333333333331,varian
agus wulandari,2026-12-31,2,49.0,3.8166666666666655,96.18333333333334,origin
siti pratama,2026-12-31,3,203.0,9.883333333333333,90.11666666666667,varian
reza wulandari,2026-12-31,1,161.0,4.183333333333334,95.81666666666666,origin
ayu pratama,2026-12-31,2,86.0,4.433333333333334,95.56666666666666,origin
siti hidayat,2026-12-31,3,125.0,6.583333333333334,93.41666666666669,origin
putri rahmawati,2026-12-31,1,187.0,9.616666666666667,90.38333333333333,origin
dimas shidqi,2026-12-31,2,171.0,5.85,94.15,origin
maya aminah,2026-12-31,3,98.0,6.133333333333333,93.86666666666667,origin
hafizhan ramadhan,2026-12-31,2,111.0,4.85,95.15,origin
rina saputra,2026-12-31,1,59.0,2.4833333333333334,97.51666666666668,origin
putri hidayat,2026-12-31,2,81.0,2.85,97.15,varian
fajar shidqi,2026-12-31,2,203.0,11.383333333333333,88.61666666666667,origin
nisa rahmawati,2026-12-31,2,225.0,11.75,88.25,origin
ayu kusuma,2026-12-31,2,52.0,3.8666666666666663,96.13333333333334,origin
budi pratama,2026-12-31,2,203.0,11.383333333333333,88.61666666666667,origin
maya kusuma,2026-12-31,2,232.0,10.366666666666667,89.63333333333333,varian
fajar wulandari,2026-12-31,1,172.0,4.366666666666667,95.63333333333333,origin
fajar sari,2026-12-31,3,411.0,13.35,86.65,varian
ayu aminah,2026-12-31,3,140.0,6.833333333333334,93.16666666666669,origin
maya aminah,2026-12-31,5,175.0,7.416666666666666,92.58333333333331,varian
reza kusuma,2026-12-31,3,139.0,5.316666666666666,94.68333333333334,varian
dewi sari,2026-12-31,2,195.0,9.75,90.25,varian
hafizhan ramadhan,2026-12-31,2,129.0,5.15,94.85,origin
dewi rahmawati,2026-12-31,4,225.0,11.75,88.25,varian
nisa rahmawati,2026-12-31,1,57.0,2.45,97.55,origin
rizky wulandari,2026-12-31,3,232.0,13.366666666666667,86.63333333333333,origin
rina shidqi,2026-12-31,3,283.0,12.716666666666669,87.28333333333333,varian
putri rahmawati,2026-12-31,1,417.0,13.45,86.55,origin
hafizhan rahmawati,2026-12-31,5,71.0,5.683333333333334,94.31666666666666,varian
reza rahmawati,2026-12-31,1,99.0,3.15,96.85,origin
maya rahmawati,2026-12-31,3,83.0,4.383333333333333,95.61666666666667,varian
rina sari,2026-12-31,1,85.0,2.916666666666667,97.08333333333331,origin
reza shidqi,2026-12-31,2,138.0,5.3,94.7,origin
dimas wulandari,2026-12-31,4,218.0,11.633333333333333,88.36666666666667,varian
andi hidayat,2026-12-31,3,234.0,13.4,86.6,origin
rizky pratama,2026-12-31,3,233.0,10.383333333333333,89.61666666666667,varian
rizky lestari,2026-12-31,4,24.0,3.4,96.6,varian
budi sari,2026-12-31,3,75.0,5.75,94.25,origin
nisa shidqi,2026-12-31,2,81.0,2.85,97.15,varian
dewi lestari,2026-12-31,2,55.0,3.9166666666666665,96.08333333333331,origin
budi lestari,2026-12-31,3,107.0,4.783333333333333,95.21666666666668,varian
siti setiawan,2026-12-31,2,304.0,13.066666666666666,86.93333333333334,origin
rizky ramadhan,2026-12-31,3,33.0,2.05,97.95,varian
dewi sari,2026-12-31,1,117.0,3.45,96.55,origin
ayu lestari,2026-12-31,2,168.0,5.8,94.2,origin
ayu santoso,2026-12-31,3,138.0,6.8,93.2,origin
dewi setiawan,2026-12-31,2,324.0,13.4,86.6,origin
putri pratama,2026-12-31,4,292.0,12.866666666666667,87.13333333333333,varian
dewi hidayat,2026-12-31,2,47.0,3.783333333333333,96.21666666666668,origin
rizky ramadhan,2026-12-31,1,159.0,4.15,95.85,origin
maya aminah,2026-12-31,2,203.0,9.883333333333333,90.11666666666667,varian
rizky santoso,2026-12-31,4,333.0,13.55,86.45,varian
rina aminah,2026-12-31,4,52.0,3.8666666666666663,96.13333333333334,varian
rina lestari,2026-12-31,3,146.0,6.933333333333334,93.06666666666666,origin
rina ramadhan,2026-12-31,3,457.0,17.116666666666667,82.88333333333333,origin
andi lestari,2026-12-31,2,316.0,13.266666666666666,86.73333333333333,origin
andi hidayat,2026-12-31,1,125.0,3.583333333333333,96.41666666666669,origin
budi rahmawati,2026-12-31,3,117.0,6.45,93.55,origin
dimas ramadhan,2026-12-31,3,158.0,7.133333333333333,92.86666666666667,origin
andi setiawan,2026-12-31,3,105.0,6.25,93.75,origin
reza pratama,2026-12-31,1,320.0,11.833333333333332,88.16666666666667,origin
hafizhan saputra,2026-12-31,2,134.0,5.233333333333333,94.76666666666668,origin
rizky rahmawati,2026-12-31,3,63.0,5.55,94.45,origin
fajar aminah,2026-12-31,3,191.0,11.183333333333334,88.81666666666666,varian
reza hidayat,2026-12-31,3,266.0,13.933333333333334,86.06666666666666,origin
maya lestari,2026-12-31,2,290.0,11.333333333333332,88.66666666666667,varian
rina pratama,2026-12-31,3,139.0,3.816666666666667,96.18333333333334,varian
putri ramadhan,2026-12-31,1,193.0,9.716666666666669,90.28333333333332,origin
maya santoso,2026-12-31,3,94.0,3.0666666666666664,96.93333333333334,varian
budi kusuma,2026-12-31,3,92.0,4.533333333333333,95.46666666666668,varian
hafizhan lestari,2026-12-31,2,449.0,15.483333333333334,84.51666666666667,origin
putri setiawan,2026-12-31,3,128.0,6.633333333333333,93.36666666666667,origin
maya aminah,2026-12-31,2,60.0,2.5,97.5,varian
hafizhan wulandari,2026-12-31,2,82.0,4.366666666666667,95.63333333333333,origin
reza setiawan,2026-12-31,4,76.0,4.266666666666667,95.73333333333332,varian
hafizhan ramadhan,2026-12-31,3,191.0,12.683333333333334,87.31666666666666,origin
budi pratama,2026-12-31,1,46.0,2.2666666666666666,97.73333333333332,origin
budi shidqi,2026-12-31,1,95.0,3.083333333333333,96.91666666666669,origin
rizky pratama,2026-12-31,1,258.0,10.8,89.2,origin
maya rahmawati,2026-12-31,4,145.0,5.416666666666666,94.58333333333331,varian
maya hidayat,2026-12-31,3,116.0,3.4333333333333336,96.56666666666666,varian
reza kusuma,2026-12-31,2,105.0,4.75,95.25,origin
rizky santoso,2026-12-31,4,164.0,7.233333333333333,92.76666666666668,varian
reza santoso,2026-12-31,1,171.0,4.35,95.65,origin
hafizhan saputra,2026-12-31,2,110.0,4.833333333333333,95.16666666666669,origin
rina aminah,2026-12-31,1,54.0,2.4,97.6,origin
rina shidqi,2026-12-31,2,210.0,10.0,90.0,varian
fajar lestari,2026-12-31,3,139.0,3.816666666666667,96.18333333333334,varian
nisa rahmawati,2026-12-31,5,170.0,7.333333333333334,92.66666666666669,varian
fajar ramadhan,2026-12-31,2,452.0,15.533333333333331,84.46666666666667,origin
budi wulandari,2026-12-31,2,144.0,5.4,94.6,origin
reza aminah,2026-12-31,4,185.0,11.083333333333334,88.91666666666667,varian
rina sari,2026-12-31,1,111.0,3.35,96.65,origin
rizky aminah,2026-12-31,3,224.0,10.233333333333334,89.76666666666667,varian
maya ramadhan,2026-12-31,2,182.0,11.033333333333331,88.96666666666667,origin
andi ramadhan,2026-12-31,2,231.0,10.35,89.65,varian
ayu kusuma,2026-12-31,1,23.0,1.8833333333333333,98.11666666666666,origin
budi setiawan,2026-12-31,3,55.0,5.416666666666667,94.58333333333331,origin
ayu pratama,2026-12-31,3,101.0,6.183333333333334,93.81666666666666,origin
rina saputra,2026-12-31,2,145.0,5.416666666666666,94.58333333333331,origin
dimas sari,2026-12-31,3,78.0,2.8,97.2,varian
putri hidayat,2026-12-31,1,112.0,3.3666666666666667,96.63333333333334,origin
rina setiawan,2026-12-31,3,172.0,5.866666666666667,94.13333333333333,varian
rizky saputra,2026-12-31,3,123.0,6.55,93.45,origin
rizky setiawan,2026-12-31,3,168.0,7.3,92.7,origin
budi rahmawati,2026-12-31,1,197.0,9.783333333333331,90.21666666666668,origin
siti rahmawati,2026-12-31,3,50.0,2.333333333333333,97.66666666666669,varian
agus lestari,2026-12-31,2,100.0,4.666666666666667,95.33333333333331,origin
andi kusuma,2026-12-31,4,155.0,7.083333333333334,92.91666666666669,varian
andi aminah,2026-12-31,5,312.0,14.7,85.3,varian
siti sari,2026-12-31,4,69.0,4.15,95.85,varian
maya kusuma,2026-12-31,4,161.0,5.683333333333334,94.31666666666666,varian
rizky lestari,2026-12-31,3,159.0,7.15,92.85,origin
dewi pratama,2026-12-31,3,116.0,6.433333333333334,93.56666666666666,origin
dewi aminah,2026-12-31,2,123.0,5.05,94.95,origin
hafizhan hidayat,2026-12-31,2,86.0,2.9333333333333336,97.06666666666666,varian
dimas rahmawati,2026-12-31,2,80.0,4.333333333333333,95.66666666666669,origin
dimas ramadhan,2026-12-31,1,194.0,9.733333333333334,90.26666666666668,origin
maya kusuma,2026-12-31,1,186.0,9.6,90.4,origin
andi ramadhan,2026-12-31,4,209.0,12.983333333333334,87.01666666666667,varian
agus lestari,2026-12-31,1,65.0,2.583333333333333,97.41666666666669,origin
putri wulandari,2026-12-31,4,150.0,5.5,94.5,varian
hafizhan setiawan,2026-12-31,3,49.0,2.3166666666666664,97.68333333333334,varian
rina hidayat,2026-12-31,1,54.0,2.4,97.6,origin
dimas rahmawati,2026-12-31,1,120.0,3.5,96.5,origin
fajar hidayat,2026-12-31,1,55.0,2.4166666666666665,97.58333333333331,origin
putri aminah,2026-12-31,4,170.0,7.333333333333334,92.66666666666669,varian
andi ramadhan,2026-12-31,1,128.0,3.633333333333333,96.36666666666666,origin
putri wulandari,2026-12-31,1,200.0,9.833333333333334,90.16666666666669,origin
agus aminah,2026-12-31,1,137.0,3.783333333333333,96.21666666666668,origin
rina shidqi,2026-12-31,3,131.0,6.683333333333334,93.31666666666666,origin
putri saputra,2026-12-31,3,147.0,3.95,96.05,varian
siti santoso,2026-12-31,4,165.0,7.25,92.75,varian
putri pratama,2026-12-31,4,80.0,4.333333333333333,95.66666666666669,varian
agus setiawan,2026-12-31,2,74.0,4.233333333333333,95.76666666666668,origin
budi santoso,2026-12-31,3,86.0,5.933333333333334,94.06666666666666,origin
maya setiawan,2026-12-31,2,88.0,4.466666666666667,95.53333333333332,origin
fajar kusuma,2026-12-31,4,160.0,5.666666666666666,94.33333333333331,varian
reza wulandari,2026-12-31,5,186.0,12.6,87.4,varian
dimas lestari,2026-12-31,2,252.0,12.2,87.8,origin
reza santoso,2026-12-31,3,178.0,7.466666666666667,92.53333333333332,origin
andi setiawan,2026-12-31,1,125.0,3.583333333333333,96.41666666666669,origin
hafizhan rahmawati,2026-12-31,3,129.0,6.65,93.35,origin
nisa saputra,2026-12-31,1,61.0,2.5166666666666666,97.48333333333332,origin
rizky rahmawati,2026-12-31,4,135.0,6.75,93.25,varian
andi sari,2026-12-31,4,204.0,11.4,88.6,varian
agus ramadhan,2026-12-31,1,162.0,4.2,95.8,origin
hafizhan wulandari,2026-12-31,1,215.0,10.083333333333334,89.91666666666667,origin
nisa kusuma,2026-12-31,2,285.0,11.25,88.75,varian
siti shidqi,2026-12-31,1,234.0,10.4,89.6,origin
nisa kusuma,2026-12-31,5,60.0,5.5,94.5,varian
rizky wulandari,2026-12-31,4,250.0,12.166666666666668,87.83333333333333,varian
andi aminah,2026-12-31,1,42.0,2.2,97.8,origin
reza sari,2026-12-31,2,35.0,3.583333333333333,96.41666666666669,origin
rizky lestari,2026-12-31,3,63.0,4.05,95.95,varian
rizky lestari,2026-12-31,3,103.0,6.216666666666667,93.78333333333332,origin
siti aminah,2026-12-31,1,197.0,9.783333333333331,90.21666666666668,origin
hafizhan setiawan,2026-12-31,2,101.0,4.683333333333334,95.31666666666666,origin
putri pratama,2026-12-31,2,139.0,3.816666666666667,96.18333333333334,varian
reza ramadhan,2026-12-31,2,140.0,5.333333333333334,94.66666666666669,origin
budi saputra,2026-12-31,4,209.0,12.983333333333334,87.01666666666667,varian
reza hidayat,2026-12-31,3,43.0,2.216666666666667,97.78333333333332,varian
agus kusuma,2026-12-31,5,170.0,7.333333333333334,92.66666666666669,varian
reza setiawan,2026-12-31,4,111.0,6.35,93.65,varian
rina sari,2026-12-31,4,74.0,5.733333333333333,94.26666666666668,varian
siti ramadhan,2026-12-31,2,91.0,4.516666666666667,95.48333333333332,origin
dimas santoso,2026-12-31,4,418.0,16.46666666666667,83.53333333333333,varian
ayu saputra,2026-12-31,4,119.0,4.983333333333333,95.01666666666668,varian
hafizhan rahmawati,2026-12-31,1,125.0,3.583333333333333,96.41666666666669,origin
rina ramadhan,2026-12-31,2,204.0,11.4,88.6,origin
maya rahmawati,2026-12-31,2,148.0,3.966666666666667,96.03333333333332,varian
maya saputra,2026-12-31,3,48.0,5.3,94.7,origin
andi sari,2026-12-31,1,112.0,3.3666666666666667,96.63333333333334,origin
maya aminah,2026-12-31,4,159.0,5.65,94.35,varian
rizky rahmawati,2026-12-31,1,121.0,3.5166666666666666,96.48333333333332,origin
dewi shidqi,2026-12-31,3,77.0,5.783333333333333,94.21666666666668,origin
budi hidayat,2026-12-31,1,207.0,9.95,90.05,origin
dimas hidayat,2026-12-31,4,305.0,13.083333333333332,86.91666666666667,varian
dimas kusuma,2026-12-31,3,432.0,16.7,83.3,origin
siti pratama,2026-12-31,5,55.0,5.416666666666667,94.58333333333331,varian
andi sari,2026-12-31,3,88.0,5.966666666666667,94.03333333333332,origin
ayu aminah,2026-12-31,4,210.0,13.0,87.0,varian
budi hidayat,2026-12-31,4,473.0,17.383333333333333,82.61666666666667,varian
hafizhan lestari,2026-12-31,2,305.0,13.083333333333332,86.91666666666667,origin
ayu sari,2026-12-31,2,110.0,4.833333333333333,95.16666666666669,origin
ayu santoso,2026-12-31,2,333.0,12.05,87.95,varian
andi ramadhan,2026-12-31,3,84.0,2.9,97.1,varian
maya shidqi,2026-12-31,3,126.0,5.1,94.9,varian
putri aminah,2026-12-31,3,224.0,13.233333333333334,86.76666666666667,origin
maya lestari,2026-12-31,2,64.0,4.066666666666666,95.93333333333334,origin
dewi lestari,2026-12-31,3,445.0,15.416666666666668,84.58333333333333,varian
agus shidqi,2026-12-31,2,60.0,4.0,96.0,origin
ayu hidayat,2026-12-31,2,71.0,4.183333333333334,95.81666666666666,origin
rizky lestari,2026-12-31,1,24.0,1.9,98.1,origin
siti lestari,2026-12-31,2,164.0,5.733333333333333,94.26666666666668,origin
rizky shidqi,2026-12-31,2,473.0,14.383333333333333,85.61666666666667,varian
rina ramadhan,2026-12-31,3,63.0,2.55,97.45,varian
dewi shidqi,2026-12-31,3,254.0,13.733333333333334,86.26666666666667,origin
ayu ramadhan,2026-12-31,4,255.0,13.75,86.25,varian
ayu shidqi,2026-12-31,3,183.0,11.05,88.95,varian
dewi setiawan,2026-12-31,2,198.0,9.8,90.2,varian
budi saputra,2026-12-31,3,24.0,1.9,98.1,varian
siti wulandari,2026-12-31,3,150.0,5.5,94.5,varian
rizky ramadhan,2026-12-31,2,196.0,11.266666666666666,88.73333333333333,origin
dewi pratama,2026-12-31,2,28.0,3.466666666666667,96.53333333333332,origin
nisa wulandari,2026-12-31,4,64.0,4.066666666666666,95.93333333333334,varian
reza lestari,2026-12-31,5,240.0,13.5,86.5,varian
nisa saputra,2026-12-31,3,186.0,12.6,87.4,origin
andi pratama,2026-12-31,3,74.0,5.733333333333333,94.26666666666668,origin
siti saputra,2026-12-31,4,49.0,3.8166666666666655,96.18333333333334,varian
budi santoso,2026-12-31,3,151.0,4.016666666666667,95.98333333333332,varian
fajar sari,2026-12-31,2,405.0,14.75,85.25,origin
siti setiawan,2026-12-31,1,235.0,10.416666666666666,89.58333333333333,origin
budi aminah,2026-12-31,3,240.0,12.0,88.0,varian
nisa setiawan,2026-12-31,4,163.0,7.216666666666667,92.78333333333332,varian
dewi shidqi,2026-12-31,3,63.0,2.55,97.45,varian
reza shidqi,2026-12-31,2,51.0,3.85,96.15,origin
putri ramadhan,2026-12-31,3,22.0,4.866666666666666,95.13333333333334,origin
rizky ramadhan,2026-12-31,3,37.0,5.116666666666667,94.88333333333333,origin
putri setiawan,2026-12-31,5,134.0,6.733333333333333,93.26666666666668,varian
budi pratama,2026-12-31,2,79.0,4.316666666666666,95.68333333333334,origin
rizky setiawan,2026-12-31,4,193.0,11.216666666666669,88.78333333333333,varian
hafizhan ramadhan,2026-12-31,3,66.0,4.1,95.9,varian
nisa kusuma,2026-12-31,1,58.0,2.466666666666667,97.53333333333332,origin
reza pratama,2026-12-31,3,154.0,7.066666666666666,92.93333333333334,origin
nisa setiawan,2026-12-31,4,198.0,12.8,87.2,varian
rizky hidayat,2026-12-31,2,144.0,5.4,94.6,origin
hafizhan sari,2026-12-31,2,185.0,11.083333333333334,88.91666666666667,origin
dewi ramadhan,2026-12-31,1,291.0,11.35,88.65,origin
rizky rahmawati,2026-12-31,5,32.0,5.033333333333333,94.96666666666668,varian
budi ramadhan,2026-12-31,5,146.0,6.933333333333334,93.06666666666666,varian
rizky pratama,2026-12-31,4,31.0,5.016666666666667,94.98333333333332,varian
andi shidqi,2026-12-31,4,115.0,6.416666666666667,93.58333333333331,varian
dimas sari,2026-12-31,3,39.0,2.15,97.85,varian
hafizhan kusuma,2026-12-31,2,49.0,3.8166666666666655,96.18333333333334,origin
putri rahmawati,2026-12-31,3,319.0,14.816666666666666,85.18333333333334,origin
andi hidayat,2026-12-31,2,291.0,12.85,87.15,origin
budi wulandari,2026-12-31,2,194.0,9.733333333333334,90.26666666666668,varian
budi rahmawati,2026-12-31,2,83.0,2.8833333333333333,97.11666666666666,varian
rizky setiawan,2026-12-31,2,158.0,5.633333333333333,94.36666666666667,origin
rina rahmawati,2026-12-31,4,116.0,6.433333333333334,93.56666666666666,varian
dimas santoso,2026-12-31,4,56.0,5.433333333333334,94.56666666666666,varian
putri rahmawati,2026-12-31,1,84.0,2.9,97.1,origin
fajar santoso,2026-12-31,2,282.0,11.2,88.8,varian
putri ramadhan,2026-12-31,2,205.0,11.416666666666666,88.58333333333333,origin
reza hidayat,2026-12-31,3,163.0,7.216666666666667,92.78333333333332,origin
reza ramadhan,2026-12-31,3,149.0,3.983333333333333,96.01666666666668,varian
ayu santoso,2026-12-31,3,110.0,6.333333333333333,93.66666666666669,origin
maya lestari,2026-12-31,3,416.0,16.433333333333334,83.56666666666666,origin
maya sari,2026-12-31,3,80.0,2.833333333333333,97.16666666666669,varian
hafizhan wulandari,2026-12-31,2,144.0,5.4,94.6,origin
budi saputra,2026-12-31,2,184.0,11.066666666666666,88.93333333333334,origin
rina aminah,2026-12-31,2,236.0,11.933333333333334,88.06666666666666,origin
dimas aminah,2026-12-31,5,121.0,6.516666666666667,93.48333333333332,varian
ayu saputra,2026-12-31,2,138.0,5.3,94.7,origin
putri shidqi,2026-12-31,2,47.0,3.783333333333333,96.21666666666668,origin
andi sari,2026-12-31,2,164.0,5.733333333333333,94.26666666666668,origin
dimas rahmawati,2026-12-31,4,92.0,6.033333333333333,93.96666666666668,varian
dimas lestari,2026-12-31,1,224.0,10.233333333333334,89.76666666666667,origin
dewi santoso,2026-12-31,1,141.0,3.85,96.15,origin
agus aminah,2026-12-31,5,55.0,5.416666666666667,94.58333333333331,varian
siti setiawan,2026-12-31,3,184.0,12.566666666666666,87.43333333333334,origin
siti aminah,2026-12-31,3,140.0,3.8333333333333335,96.16666666666669,varian
nisa santoso,2026-12-31,1,115.0,3.416666666666667,96.58333333333331,origin
reza aminah,2026-12-31,5,214.0,13.066666666666666,86.93333333333334,varian
putri ramadhan,2026-12-31,1,48.0,2.3,97.7,origin
putri shidqi,2026-12-31,3,92.0,4.533333333333333,95.46666666666668,varian
ayu shidqi,2026-12-31,4,235.0,13.416666666666666,86.58333333333333,varian
andi sari,2026-12-31,4,66.0,4.1,95.9,varian
dewi sari,2026-12-31,4,230.0,11.833333333333334,88.16666666666667,varian
andi saputra,2026-12-31,1,67.0,2.6166666666666667,97.38333333333334,origin
ayu lestari,2026-12-31,2,479.0,15.983333333333334,84.01666666666667,origin
fajar rahmawati,2026-12-31,3,75.0,4.25,95.75,varian
reza ramadhan,2026-12-31,3,74.0,2.7333333333333334,97.26666666666668,varian
andi setiawan,2026-12-31,3,49.0,5.316666666666666,94.68333333333334,origin
ayu hidayat,2026-12-31,3,446.0,16.933333333333334,83.06666666666666,origin
dewi santoso,2026-12-31,3,189.0,11.15,88.85,varian
maya lestari,2026-12-31,3,109.0,6.316666666666666,93.68333333333334,origin
rizky santoso,2026-12-31,1,217.0,10.116666666666667,89.88333333333333,origin
putri wulandari,2026-12-31,3,171.0,5.85,94.15,varian
hafizhan ramadhan,2026-12-31,5,84.0,5.9,94.1,varian
dewi ramadhan,2026-12-31,3,117.0,6.45,93.55,origin
reza shidqi,2026-12-31,4,134.0,5.233333333333333,94.76666666666668,varian
nisa rahmawati,2026-12-31,5,186.0,12.6,87.4,varian
andi aminah,2026-12-31,3,128.0,6.633333333333333,93.36666666666667,origin
andi ramadhan,2026-12-31,4,121.0,5.016666666666667,94.98333333333332,varian
dewi aminah,2026-12-31,3,78.0,5.8,94.2,origin
putri hidayat,2026-12-31,2,79.0,4.316666666666666,95.68333333333334,origin
fajar ramadhan,2026-12-31,3,83.0,5.883333333333333,94.11666666666667,origin
reza wulandari,2026-12-31,5,97.0,6.116666666666667,93.88333333333333,varian
dewi sari,2026-12-31,2,103.0,4.716666666666667,95.28333333333332,origin
andi hidayat,2026-12-31,3,304.0,13.066666666666666,86.93333333333334,varian
nisa ramadhan,2026-12-31,2,109.0,4.816666666666666,95.18333333333334,origin
agus saputra,2026-12-31,2,175.0,5.916666666666666,94.08333333333331,origin
siti saputra,2026-12-31,1,230.0,10.333333333333334,89.66666666666667,origin
budi aminah,2026-12-31,4,114.0,6.4,93.6,varian
putri saputra,2026-12-31,3,104.0,3.2333333333333334,96.76666666666668,varian
dewi saputra,2026-12-31,3,424.0,15.066666666666666,84.93333333333334,varian
ayu shidqi,2026-12-31,5,156.0,7.1,92.9,varian
reza shidqi,2026-12-31,2,46.0,3.7666666666666666,96.23333333333332,origin
rizky hidayat,2026-12-31,4,48.0,5.3,94.7,varian
nisa rahmawati,2026-12-31,2,99.0,4.65,95.35,origin
agus santoso,2026-12-31,4,146.0,5.433333333333334,94.56666666666666,varian
agus shidqi,2026-12-31,2,26.0,3.4333333333333336,96.56666666666666,origin
agus lestari,2026-12-31,3,45.0,2.25,97.75,varian
fajar lestari,2026-12-31,10,1116.0,88.6,11.400000000000006,origin
dimas santoso,2026-12-31,9,1045.0,74.41666666666667,25.58333333333333,varian
maya saputra,2026-12-31,10,974.0,81.23333333333333,18.766666666666666,origin
putri saputra,2026-12-31,10,941.0,84.18333333333334,15.816666666666665,varian
nisa rahmawati,2026-12-31,11,1240.0,97.16666666666669,2.8333333333333286,origin
ayu setiawan,2026-12-31,10,1181.0,71.68333333333334,28.316666666666663,varian
rizky shidqi,2026-12-31,12,1287.0,77.95,22.05,varian
rina sari,2026-12-31,10,1234.0,80.56666666666666,19.433333333333337,origin
rizky hidayat,2026-12-31,13,1213.0,91.71666666666668,8.283333333333331,varian
reza pratama,2026-12-31,8,972.0,83.2,16.799999999999997,origin
nisa saputra,2026-12-31,12,1240.0,92.16666666666669,7.833333333333329,varian
andi santoso,2026-12-31,9,1057.0,81.11666666666667,18.88333333333333,origin
fajar santoso,2026-12-31,10,1014.0,70.4,29.599999999999994,varian
budi rahmawati,2026-12-31,13,931.0,87.01666666666667,12.983333333333334,varian
maya saputra,2026-12-31,11,1190.0,89.83333333333333,10.166666666666671,varian
ayu sari,2026-12-31,14,1152.0,97.2,2.799999999999997,varian
ayu saputra,2026-12-31,12,1065.0,72.75,27.25,varian
nisa kusuma,2026-12-31,12,1097.0,78.28333333333333,21.71666666666667,varian
dewi rahmawati,2026-12-31,11,1187.0,79.78333333333333,20.21666666666667,varian
hafizhan shidqi,2026-12-31,12,1050.0,79.0,21.0,varian
dimas lestari,2026-12-31,9,1151.0,92.68333333333334,7.316666666666663,origin
siti shidqi,2026-12-31,9,1088.0,80.13333333333333,19.866666666666674,varian
andi hidayat,2026-12-31,12,1261.0,94.01666666666668,5.983333333333334,origin
agus kusuma,2026-12-31,8,1011.0,73.85,26.15000000000001,origin
maya rahmawati,2026-12-31,9,1160.0,87.83333333333333,12.166666666666671,origin
agus hidayat,2026-12-31,11,1052.0,84.03333333333333,15.966666666666669,origin
hafizhan lestari,2026-12-31,10,989.0,76.48333333333333,23.516666666666666,origin
rina wulandari,2026-12-31,10,949.0,75.81666666666666,24.183333333333337,origin
dimas kusuma,2026-12-31,9,1076.0,84.93333333333334,15.066666666666665,varian
ayu kusuma,2026-12-31,13,1221.0,81.85,18.15000000000001,varian
dimas rahmawati,2026-12-31,10,977.0,74.78333333333333,25.21666666666667,varian
dimas lestari,2026-12-31,12,1286.0,99.43333333333334,0.5666666666666629,origin
dimas saputra,2026-12-31,11,981.0,87.85,12.150000000000006,origin
ayu kusuma,2026-12-31,10,1169.0,76.48333333333333,23.516666666666666,varian
reza saputra,2026-12-31,12,898.0,87.96666666666667,12.033333333333331,origin
rizky shidqi,2026-12-31,11,1207.0,86.61666666666667,13.383333333333326,origin
siti setiawan,2026-12-31,11,1131.0,82.35,17.650000000000006,varian
hafizhan kusuma,2026-12-31,11,1193.0,94.88333333333333,5.116666666666674,varian
andi pratama,2026-12-31,14,1216.0,88.26666666666667,11.733333333333334,varian
ayu shidqi,2026-12-31,11,1065.0,89.25,10.75,origin
ayu aminah,2026-12-31,9,999.0,85.15,14.849999999999994,origin
nisa hidayat,2026-12-31,11,1170.0,79.5,20.5,varian
reza wulandari,2026-12-31,12,1253.0,95.88333333333333,4.116666666666674,varian
fajar setiawan,2026-12-31,12,1035.0,80.25,19.75,origin
ayu hidayat,2026-12-31,10,918.0,73.8,26.200000000000003,varian
dewi pratama,2026-12-31,11,1003.0,86.71666666666667,13.283333333333331,varian
putri santoso,2026-12-31,12,1065.0,79.25,20.75,varian
siti setiawan,2026-12-31,11,920.0,78.83333333333334,21.166666666666657,varian
ayu rahmawati,2026-12-31,10,898.0,88.46666666666667,11.533333333333331,varian
budi wulandari,2026-12-31,10,902.0,75.03333333333333,24.96666666666667,origin
ayu wulandari,2026-12-31,8,968.0,73.13333333333333,26.866666666666674,origin
fajar hidayat,2026-12-31,14,1114.0,81.56666666666666,18.433333333333337,varian
siti santoso,2026-12-31,10,1010.0,76.83333333333333,23.16666666666667,origin
reza rahmawati,2026-12-31,9,1182.0,93.2,6.799999999999997,origin
rizky kusuma,2026-12-31,9,1096.0,70.26666666666667,29.73333333333333,varian
reza ramadhan,2026-12-31,10,1044.0,77.4,22.599999999999994,origin
ayu lestari,2026-12-31,13,955.0,83.91666666666666,16.083333333333343,varian
dewi aminah,2026-12-31,12,1172.0,82.53333333333333,17.46666666666667,origin
dimas santoso,2026-12-31,13,926.0,83.43333333333334,16.566666666666663,varian
ayu ramadhan,2026-12-31,13,1057.0,94.11666666666667,5.883333333333326,varian
rizky kusuma,2026-12-31,12,1294.0,83.06666666666666,16.933333333333337,varian
hafizhan wulandari,2026-12-31,13,986.0,89.43333333333334,10.566666666666665,varian
fajar kusuma,2026-12-31,10,1165.0,92.91666666666669,7.083333333333329,varian
nisa ramadhan,2026-12-31,11,1058.0,76.13333333333333,23.866666666666674,varian
maya pratama,2026-12-31,11,1193.0,81.38333333333333,18.616666666666674,origin
rina rahmawati,2026-12-31,14,1195.0,97.91666666666669,2.0833333333333286,varian
andi lestari,2026-12-31,12,991.0,78.01666666666667,21.98333333333333,varian
maya ramadhan,2026-12-31,9,1213.0,77.21666666666667,22.78333333333333,varian
ayu pratama,2026-12-31,10,950.0,75.83333333333334,24.166666666666657,origin
maya aminah,2026-12-31,9,972.0,78.2,21.8,varian
dimas wulandari,2026-12-31,10,1265.0,91.08333333333331,8.916666666666671,origin
rina wulandari,2026-12-31,11,998.0,81.63333333333333,18.366666666666674,varian
budi kusuma,2026-12-31,12,992.0,88.03333333333333,11.966666666666669,varian
dimas aminah,2026-12-31,12,1015.0,89.91666666666667,10.083333333333329,origin
maya rahmawati,2026-12-31,13,1103.0,81.38333333333333,18.616666666666674,varian
budi kusuma,2026-12-31,11,947.0,75.78333333333333,24.21666666666667,varian
budi ramadhan,2026-12-31,13,1247.0,92.28333333333332,7.716666666666669,varian
siti santoso,2026-12-31,10,1271.0,91.18333333333334,8.816666666666663,origin
nisa wulandari,2026-12-31,12,890.0,91.33333333333334,8.666666666666657,varian
agus setiawan,2026-12-31,13,974.0,87.73333333333333,12.266666666666666,varian
reza ramadhan,2026-12-31,14,974.0,89.23333333333333,10.766666666666666,varian
maya saputra,2026-12-31,12,886.0,86.26666666666667,13.733333333333334,varian
maya sari,2026-12-31,14,1030.0,90.16666666666669,9.833333333333329,varian
rizky kusuma,2026-12-31,8,1066.0,74.76666666666667,25.23333333333333,origin
dewi wulandari,2026-12-31,12,1078.0,95.96666666666668,4.033333333333331,origin
ayu kusuma,2026-12-31,11,1277.0,77.78333333333333,22.21666666666667,origin
dewi rahmawati,2026-12-31,11,1246.0,77.26666666666667,22.73333333333333,origin
putri shidqi,2026-12-31,14,963.0,84.05,15.950000000000005,varian
rina santoso,2026-12-31,10,976.0,81.26666666666667,18.73333333333333,origin
rina ramadhan,2026-12-31,8,1079.0,69.98333333333333,30.016666666666666,origin
rizky aminah,2026-12-31,10,1144.0,84.06666666666666,15.933333333333335,origin
budi wulandari,2026-12-31,11,1146.0,80.6,19.40000000000001,origin
fajar kusuma,2026-12-31,14,1024.0,90.06666666666666,9.933333333333335,varian
nisa sari,2026-12-31,12,1003.0,79.71666666666667,20.28333333333333,origin
ayu setiawan,2026-12-31,9,983.0,88.38333333333333,11.616666666666674,varian
rina kusuma,2026-12-31,10,1016.0,71.93333333333334,28.066666666666663,origin
reza setiawan,2026-12-31,11,1238.0,80.63333333333333,19.366666666666674,varian
siti saputra,2026-12-31,11,1294.0,98.06666666666666,1.933333333333337,origin
ayu rahmawati,2026-12-31,9,1159.0,76.31666666666666,23.683333333333337,varian
siti hidayat,2026-12-31,12,1170.0,92.5,7.5,origin
putri hidayat,2026-12-31,11,1196.0,84.93333333333334,15.066666666666665,varian
agus shidqi,2026-12-31,13,1251.0,77.35,22.65000000000001,varian
andi wulandari,2026-12-31,14,1150.0,87.16666666666667,12.833333333333329,varian
ayu hidayat,2026-12-31,11,1043.0,88.88333333333333,11.116666666666674,origin
nisa sari,2026-12-31,13,1238.0,93.63333333333333,6.366666666666674,varian
ayu wulandari,2026-12-31,9,897.0,88.45,11.549999999999995,origin
andi rahmawati,2026-12-31,12,1244.0,92.23333333333332,7.766666666666666,varian
agus hidayat,2026-12-31,14,1052.0,85.53333333333333,14.466666666666669,varian
andi hidayat,2026-12-31,10,949.0,89.31666666666666,10.683333333333335,varian
reza aminah,2026-12-31,14,960.0,84.0,16.0,varian
dimas saputra,2026-12-31,13,1114.0,75.06666666666666,24.933333333333337,varian
putri shidqi,2026-12-31,10,1130.0,90.83333333333331,9.166666666666671,varian
fajar lestari,2026-12-31,12,1139.0,76.98333333333333,23.016666666666666,origin
reza sari,2026-12-31,10,895.0,74.91666666666666,25.083333333333343,origin
dimas setiawan,2026-12-31,8,1035.0,84.25,15.75,origin
siti lestari,2026-12-31,11,1111.0,85.01666666666667,14.983333333333334,origin
reza wulandari,2026-12-31,9,993.0,78.55,21.450000000000003,varian
siti santoso,2026-12-31,14,1192.0,82.86666666666667,17.133333333333326,varian
hafizhan saputra,2026-12-31,12,1294.0,89.56666666666666,10.433333333333335,origin
fajar kusuma,2026-12-31,9,1055.0,74.58333333333333,25.41666666666667,varian
agus lestari,2026-12-31,9,905.0,73.58333333333334,26.416666666666657,origin
agus sari,2026-12-31,11,1187.0,88.28333333333333,11.716666666666669,varian
putri ramadhan,2026-12-31,10,1051.0,86.01666666666667,13.983333333333334,varian
ayu kusuma,2026-12-31,10,905.0,83.58333333333334,16.416666666666657,varian
nisa wulandari,2026-12-31,14,928.0,73.46666666666667,26.53333333333333,varian
andi sari,2026-12-31,11,1197.0,86.45,13.549999999999995,origin
putri setiawan,2026-12-31,12,1024.0,88.56666666666666,11.433333333333335,varian
dimas rahmawati,2026-12-31,10,1158.0,82.8,17.200000000000003,varian
siti ramadhan,2026-12-31,8,902.0,72.03333333333333,27.96666666666667,origin
maya aminah,2026-12-31,10,1192.0,86.86666666666667,13.133333333333326,varian
budi saputra,2026-12-31,14,895.0,92.91666666666666,7.083333333333343,varian
hafizhan ramadhan,2026-12-31,12,1159.0,97.31666666666666,2.683333333333337,origin
fajar santoso,2026-12-31,11,1007.0,80.28333333333333,19.71666666666667,varian
andi saputra,2026-12-31,11,1295.0,76.58333333333333,23.41666666666667,varian
rina setiawan,2026-12-31,12,1004.0,78.23333333333333,21.766666666666666,varian
rizky saputra,2026-12-31,12,1005.0,86.75,13.25,varian
putri sari,2026-12-31,12,1049.0,90.48333333333332,9.516666666666666,origin
fajar hidayat,2026-12-31,10,1231.0,95.51666666666668,4.483333333333334,origin
rina hidayat,2026-12-31,12,1225.0,91.91666666666669,8.083333333333329,varian
maya hidayat,2026-12-31,10,924.0,90.4,9.599999999999994,origin
dimas wulandari,2026-12-31,10,1100.0,85.33333333333333,14.666666666666671,varian
ayu setiawan,2026-12-31,11,987.0,87.95,12.049999999999995,origin
siti saputra,2026-12-31,10,1259.0,75.98333333333333,24.016666666666666,origin
budi santoso,2026-12-31,14,1190.0,82.83333333333333,17.16666666666667,varian
budi hidayat,2026-12-31,10,1239.0,82.65,17.349999999999994,varian
reza shidqi,2026-12-31,8,909.0,82.15,17.849999999999994,origin
dimas aminah,2026-12-31,12,1095.0,81.25,18.75,origin
maya setiawan,2026-12-31,9,1146.0,92.6,7.400000000000006,origin
dewi lestari,2026-12-31,14,1090.0,86.16666666666667,13.833333333333329,varian
nisa wulandari,2026-12-31,12,1295.0,94.58333333333331,5.416666666666671,origin
rizky wulandari,2026-12-31,10,1257.0,72.95,27.05,varian
fajar rahmawati,2026-12-31,9,1179.0,88.15,11.849999999999994,origin
putri wulandari,2026-12-31,11,954.0,72.4,27.599999999999994,origin
reza santoso,2026-12-31,11,1021.0,72.01666666666667,27.98333333333333,varian
dewi hidayat,2026-12-31,11,888.0,79.8,20.200000000000003,varian
budi pratama,2026-12-31,11,928.0,80.46666666666667,19.53333333333333,varian
dimas lestari,2026-12-31,13,1070.0,90.83333333333331,9.166666666666671,varian
hafizhan aminah,2026-12-31,10,1258.0,79.46666666666667,20.53333333333333,varian
dewi wulandari,2026-12-31,13,1267.0,82.61666666666667,17.383333333333326,varian
hafizhan sari,2026-12-31,13,1057.0,84.11666666666667,15.883333333333326,varian
siti setiawan,2026-12-31,10,1300.0,96.66666666666669,3.3333333333333286,origin
ayu lestari,2026-12-31,14,1137.0,76.95,23.05,varian
putri setiawan,2026-12-31,11,1069.0,82.81666666666666,17.183333333333337,varian
putri wulandari,2026-12-31,13,1214.0,83.23333333333333,16.766666666666666,varian
siti hidayat,2026-12-31,11,1102.0,93.36666666666667,6.633333333333326,varian
putri wulandari,2026-12-31,12,1257.0,88.95,11.049999999999995,origin
putri pratama,2026-12-31,10,1229.0,75.48333333333333,24.516666666666666,origin
dewi rahmawati,2026-12-31,9,1071.0,76.35,23.65000000000001,origin
agus kusuma,2026-12-31,14,1011.0,89.85,10.150000000000006,varian
maya santoso,2026-12-31,14,1066.0,85.76666666666667,14.233333333333334,varian
nisa ramadhan,2026-12-31,9,1013.0,85.38333333333333,14.616666666666674,origin
fajar shidqi,2026-12-31,8,1062.0,79.7,20.3,origin
dimas ramadhan,2026-12-31,11,1247.0,97.28333333333332,2.716666666666669,origin
siti shidqi,2026-12-31,12,1061.0,79.18333333333334,20.816666666666663,varian
reza kusuma,2026-12-31,11,1291.0,86.51666666666667,13.483333333333334,varian
putri ramadhan,2026-12-31,12,960.0,86.0,14.0,varian
reza shidqi,2026-12-31,10,1163.0,89.38333333333333,10.616666666666674,origin
agus santoso,2026-12-31,10,1110.0,82.0,18.0,varian
rizky lestari,2026-12-31,12,900.0,83.0,17.0,origin
ayu wulandari,2026-12-31,10,1245.0,80.75,19.25,origin
rina sari,2026-12-31,12,916.0,81.76666666666667,18.23333333333333,varian
maya sari,2026-12-31,8,1206.0,87.1,12.900000000000006,origin
dewi lestari,2026-12-31,12,1239.0,75.65,24.349999999999994,varian
dimas shidqi,2026-12-31,9,1168.0,91.46666666666668,8.533333333333331,varian
reza lestari,2026-12-31,14,998.0,89.63333333333333,10.366666666666674,varian
putri aminah,2026-12-31,12,1230.0,93.5,6.5,origin
maya kusuma,2026-12-31,13,1232.0,83.53333333333333,16.46666666666667,varian
fajar santoso,2026-12-31,10,1174.0,91.56666666666666,8.433333333333337,varian
hafizhan saputra,2026-12-31,12,1267.0,87.61666666666667,12.383333333333326,varian
dewi lestari,2026-12-31,12,1115.0,95.08333333333331,4.916666666666671,varian
budi lestari,2026-12-31,9,1105.0,81.91666666666667,18.08333333333333,origin
dimas kusuma,2026-12-31,11,986.0,87.93333333333334,12.066666666666665,origin
hafizhan hidayat,2026-12-31,10,1013.0,81.88333333333333,18.116666666666674,origin
ayu shidqi,2026-12-31,10,1072.0,86.36666666666667,13.633333333333326,varian
nisa setiawan,2026-12-31,8,1028.0,74.13333333333333,25.866666666666674,origin
andi hidayat,2026-12-31,13,998.0,83.13333333333333,16.866666666666674,varian
rina rahmawati,2026-12-31,13,989.0,77.98333333333333,22.016666666666666,varian
reza santoso,2026-12-31,13,1111.0,80.01666666666667,19.98333333333333,varian
reza hidayat,2026-12-31,12,1062.0,80.7,19.3,origin
reza shidqi,2026-12-31,11,1114.0,77.06666666666666,22.933333333333337,varian
dewi setiawan,2026-12-31,10,920.0,73.83333333333334,26.166666666666657,varian
agus rahmawati,2026-12-31,12,1127.0,75.28333333333333,24.71666666666667,varian
siti kusuma,2026-12-31,9,1253.0,79.38333333333333,20.616666666666674,origin
dimas shidqi,2026-12-31,13,1087.0,81.11666666666667,18.88333333333333,varian
andi saputra,2026-12-31,11,1284.0,86.4,13.599999999999994,varian
rizky wulandari,2026-12-31,10,1132.0,88.86666666666667,11.133333333333326,origin
putri rahmawati,2026-12-31,9,1085.0,81.58333333333333,18.41666666666667,origin
maya kusuma,2026-12-31,10,1170.0,93.0,7.0,varian
rizky kusuma,2026-12-31,10,1283.0,83.38333333333333,16.616666666666674,varian
agus setiawan,2026-12-31,9,1248.0,84.3,15.700000000000005,origin
hafizhan santoso,2026-12-31,12,1089.0,89.65,10.349999999999994,varian
siti rahmawati,2026-12-31,11,1017.0,80.45,19.55,varian
andi wulandari,2026-12-31,9,1109.0,76.98333333333333,23.016666666666666,origin
maya hidayat,2026-12-31,9,1080.0,76.5,23.5,origin
rizky shidqi,2026-12-31,8,1071.0,69.85,30.15000000000001,origin
maya setiawan,2026-12-31,10,1092.0,83.2,16.799999999999997,origin
reza sari,2026-12-31,11,1286.0,82.93333333333334,17.066666666666663,origin
fajar hidayat,2026-12-31,11,1129.0,72.31666666666666,27.683333333333337,varian
putri shidqi,2026-12-31,9,1207.0,87.11666666666667,12.883333333333326,varian
fajar rahmawati,2026-12-31,13,921.0,88.35,11.650000000000006,varian
agus sari,2026-12-31,13,1214.0,78.23333333333333,21.766666666666666,varian
maya kusuma,2026-12-31,12,1273.0,82.71666666666667,17.28333333333333,varian
agus wulandari,2026-12-31,9,987.0,79.95,20.05,origin
fajar lestari,2026-12-31,12,899.0,87.98333333333333,12.016666666666666,origin
fajar lestari,2026-12-31,11,1273.0,79.71666666666667,20.28333333333333,varian
agus sari,2026-12-31,13,1024.0,83.56666666666666,16.433333333333337,varian
dimas sari,2026-12-31,14,1098.0,96.3,3.700000000000003,varian
nisa wulandari,2026-12-31,10,993.0,76.55,23.450000000000003,origin
andi lestari,2026-12-31,13,1040.0,83.83333333333333,16.16666666666667,varian
budi setiawan,2026-12-31,14,1144.0,87.06666666666666,12.933333333333335,varian
andi pratama,2026-12-31,14,1162.0,92.36666666666667,7.633333333333326,varian
rina sari,2026-12-31,12,1022.0,87.03333333333333,12.966666666666669,varian
andi kusuma,2026-12-31,9,1290.0,88.5,11.5,varian
dewi lestari,2026-12-31,12,1162.0,90.86666666666667,9.133333333333326,varian
rizky aminah,2026-12-31,8,996.0,73.6,26.40000000000001,origin
dimas rahmawati,2026-12-31,12,1195.0,94.91666666666669,5.083333333333329,varian
ayu kusuma,2026-12-31,11,1269.0,79.65,20.349999999999994,varian
fajar ramadhan,2026-12-31,11,1117.0,90.11666666666667,9.883333333333326,origin
fajar sari,2026-12-31,9,1246.0,94.26666666666668,5.733333333333334,origin
dewi ramadhan,2026-12-31,14,1258.0,93.96666666666668,6.033333333333331,varian
maya wulandari,2026-12-31,13,1098.0,76.3,23.700000000000003,varian
agus saputra,2026-12-31,9,998.0,85.13333333333333,14.866666666666674,origin
hafizhan wulandari,2026-12-31,9,1025.0,85.58333333333333,14.416666666666671,origin
reza pratama,2026-12-31,13,939.0,77.15,22.849999999999994,varian
putri pratama,2026-12-31,10,935.0,70.58333333333334,29.416666666666657,origin
siti wulandari,2026-12-31,9,1235.0,94.08333333333331,5.916666666666671,origin
rina shidqi,2026-12-31,8,928.0,82.46666666666667,17.53333333333333,origin
budi shidqi,2026-12-31,10,1266.0,96.1,3.9000000000000057,origin
budi lestari,2026-12-31,10,1203.0,75.05,24.950000000000003,origin
dewi rahmawati,2026-12-31,8,1262.0,93.03333333333332,6.966666666666669,origin
fajar santoso,2026-12-31,13,994.0,79.56666666666666,20.433333333333337,varian
putri setiawan,2026-12-31,12,1273.0,77.71666666666667,22.28333333333333,varian
agus aminah,2026-12-31,14,915.0,93.25,6.75,varian
maya santoso,2026-12-31,11,1201.0,96.51666666666668,3.4833333333333343,origin
dewi lestari,2026-12-31,11,1185.0,84.75,15.25,varian
hafizhan saputra,2026-12-31,12,1225.0,90.41666666666669,9.583333333333329,varian
rizky saputra,2026-12-31,11,950.0,74.33333333333334,25.666666666666657,varian
budi rahmawati,2026-12-31,10,1229.0,80.48333333333333,19.516666666666666,origin
nisa pratama,2026-12-31,9,1069.0,76.31666666666666,23.683333333333337,origin
ayu santoso,2026-12-31,8,922.0,72.36666666666667,27.63333333333333,origin
andi saputra,2026-12-31,9,966.0,84.6,15.400000000000006,origin
reza setiawan,2026-12-31,12,1250.0,78.83333333333333,21.16666666666667,origin
maya rahmawati,2026-12-31,10,894.0,89.9,10.099999999999994,origin
reza shidqi,2026-12-31,11,906.0,85.1,14.900000000000006,varian
fajar pratama,2026-12-31,9,976.0,73.26666666666667,26.73333333333333,varian
rizky saputra,2026-12-31,10,1175.0,76.58333333333333,23.41666666666667,varian
nisa setiawan,2026-12-31,10,1099.0,76.81666666666666,23.183333333333337,varian
fajar rahmawati,2026-12-31,12,1157.0,74.28333333333333,25.71666666666667,varian
fajar wulandari,2026-12-31,9,910.0,68.66666666666666,31.333333333333343,origin
fajar ramadhan,2026-12-31,11,933.0,90.55,9.450000000000005,varian
rizky ramadhan,2026-12-31,10,1083.0,90.05,9.950000000000005,varian
rizky santoso,2026-12-31,8,891.0,66.85,33.150000000000006,origin
siti shidqi,2026-12-31,9,1272.0,88.2,11.799999999999995,varian
rizky shidqi,2026-12-31,9,1277.0,83.28333333333333,16.71666666666667,varian
putri sari,2026-12-31,11,1272.0,81.2,18.8,varian
dewi aminah,2026-12-31,8,1135.0,85.91666666666667,14.083333333333329,origin
nisa lestari,2026-12-31,10,1279.0,81.31666666666666,18.683333333333337,origin
putri setiawan,2026-12-31,12,1192.0,77.86666666666667,22.13333333333333,origin
siti aminah,2026-12-31,12,1149.0,92.15,7.849999999999994,origin
andi lestari,2026-12-31,10,1188.0,89.8,10.200000000000005,origin
fajar pratama,2026-12-31,8,967.0,68.11666666666667,31.88333333333333,origin
ayu setiawan,2026-12-31,8,967.0,83.11666666666667,16.883333333333326,origin
rina saputra,2026-12-31,11,1135.0,95.41666666666669,4.583333333333329,origin
nisa sari,2026-12-31,11,982.0,82.86666666666667,17.133333333333326,origin
ayu setiawan,2026-12-31,13,1076.0,79.43333333333334,20.566666666666663,varian
fajar saputra,2026-12-31,11,1082.0,93.03333333333332,6.966666666666669,varian
hafizhan aminah,2026-12-31,14,1177.0,92.61666666666667,7.383333333333326,varian
hafizhan kusuma,2026-12-31,11,1143.0,85.55,14.450000000000005,origin
reza sari,2026-12-31,8,1030.0,74.16666666666667,25.83333333333333,origin
nisa hidayat,2026-12-31,10,929.0,73.98333333333333,26.016666666666666,varian
putri pratama,2026-12-31,9,1245.0,89.25,10.75,origin
rizky saputra,2026-12-31,13,1188.0,86.3,13.700000000000005,varian
ayu hidayat,2026-12-31,13,1296.0,78.1,21.90000000000001,varian
budi kusuma,2026-12-31,8,1189.0,81.81666666666666,18.183333333333337,origin
maya lestari,2026-12-31,10,978.0,84.8,15.200000000000005,varian
maya santoso,2026-12-31,11,1184.0,78.23333333333333,21.766666666666666,varian
hafizhan wulandari,2026-12-31,13,1038.0,93.8,6.200000000000003,varian
ayu shidqi,2026-12-31,12,1127.0,88.78333333333333,11.216666666666669,varian
fajar ramadhan,2026-12-31,11,1035.0,78.75,21.25,origin
dimas saputra,2026-12-31,12,1169.0,77.48333333333333,22.516666666666666,origin
rizky ramadhan,2026-12-31,10,1230.0,84.0,16.0,varian
siti kusuma,2026-12-31,8,1035.0,74.25,25.75,origin
andi sari,2026-12-31,10,977.0,91.28333333333332,8.716666666666669,origin
agus saputra,2026-12-31,11,988.0,79.96666666666667,20.03333333333333,varian
siti kusuma,2026-12-31,13,987.0,82.95,17.049999999999997,varian
andi hidayat,2026-12-31,8,989.0,78.48333333333333,21.516666666666666,origin
dimas santoso,2026-12-31,8,1028.0,84.13333333333333,15.866666666666674,origin
rizky lestari,2026-12-31,8,1270.0,78.16666666666667,21.83333333333333,origin
andi shidqi,2026-12-31,12,1105.0,91.41666666666669,8.583333333333329,origin
nisa setiawan,2026-12-31,13,1141.0,82.01666666666667,17.983333333333334,varian
dimas hidayat,2026-12-31,10,1250.0,79.33333333333333,20.66666666666667,varian
nisa santoso,2026-12-31,10,970.0,86.16666666666667,13.833333333333329,origin
ayu pratama,2026-12-31,12,1106.0,96.43333333333334,3.566666666666663,origin
rizky pratama,2026-12-31,12,1202.0,88.03333333333333,11.966666666666669,origin
maya saputra,2026-12-31,8,1026.0,74.1,25.90000000000001,origin
budi ramadhan,2026-12-31,9,1251.0,89.35,10.650000000000006,origin
budi pratama,2026-12-31,11,1114.0,95.06666666666666,4.933333333333337,origin
reza lestari,2026-12-31,13,1106.0,84.93333333333334,15.066666666666665,varian
hafizhan ramadhan,2026-12-31,10,1220.0,90.33333333333331,9.666666666666671,origin
hafizhan sari,2026-12-31,10,1177.0,73.11666666666667,26.88333333333333,varian
budi shidqi,2026-12-31,9,932.0,84.03333333333333,15.966666666666669,origin
rizky pratama,2026-12-31,11,1054.0,72.56666666666666,27.433333333333337,varian
rizky ramadhan,2026-12-31,11,916.0,83.76666666666667,16.233333333333334,varian
rizky sari,2026-12-31,13,1009.0,88.31666666666666,11.683333333333335,varian
dimas kusuma,2026-12-31,9,1150.0,76.16666666666667,23.83333333333333,varian
dewi santoso,2026-12-31,12,1155.0,97.25,2.75,origin
andi rahmawati,2026-12-31,10,1243.0,90.71666666666668,9.283333333333331,origin
dimas lestari,2026-12-31,13,886.0,86.26666666666667,13.733333333333334,varian
ayu hidayat,2026-12-31,12,1019.0,89.98333333333333,10.016666666666666,origin
rina shidqi,2026-12-31,10,993.0,86.55,13.450000000000005,origin
andi pratama,2026-12-31,9,967.0,84.61666666666667,15.383333333333326,origin
rizky kusuma,2026-12-31,9,1065.0,79.75,20.25,varian
maya wulandari,2026-12-31,9,1083.0,76.55,23.450000000000003,origin
agus shidqi,2026-12-31,12,1112.0,91.53333333333332,8.466666666666669,origin
dewi aminah,2026-12-31,11,1187.0,78.28333333333333,21.71666666666667,varian
nisa ramadhan,2026-12-31,10,1257.0,85.95,14.049999999999995,origin
ayu hidayat,2026-12-31,9,1282.0,84.86666666666667,15.133333333333326,origin
hafizhan lestari,2026-12-31,10,1060.0,87.66666666666667,12.333333333333329,origin
andi rahmawati,2026-12-31,10,1252.0,80.86666666666667,19.13333333333333,origin
andi saputra,2026-12-31,8,1132.0,80.86666666666667,19.13333333333333,origin
hafizhan setiawan,2026-12-31,9,1282.0,79.86666666666667,20.13333333333333,origin
fajar wulandari,2026-12-31,12,1227.0,85.45,14.549999999999995,varian
siti aminah,2026-12-31,11,1277.0,77.78333333333333,22.21666666666667,origin
rizky saputra,2026-12-31,11,968.0,74.63333333333333,25.366666666666674,varian
ayu ramadhan,2026-12-31,12,1166.0,79.43333333333334,20.566666666666663,varian
agus pratama,2026-12-31,12,1075.0,85.91666666666667,14.083333333333329,origin
hafizhan kusuma,2026-12-31,12,1279.0,92.81666666666666,7.183333333333337,varian
fajar santoso,2026-12-31,10,945.0,75.75,24.25,origin
dewi aminah,2026-12-31,13,1111.0,90.01666666666667,9.983333333333334,varian
rizky wulandari,2026-12-31,10,1281.0,89.85,10.150000000000006,varian
rina sari,2026-12-31,8,1188.0,86.8,13.200000000000005,origin
agus ramadhan,2026-12-31,10,890.0,78.33333333333334,21.666666666666657,varian
reza shidqi,2026-12-31,11,1189.0,86.31666666666666,13.683333333333335,origin
reza aminah,2026-12-31,10,1283.0,81.38333333333333,18.616666666666674,origin
fajar rahmawati,2026-12-31,9,914.0,83.73333333333333,16.266666666666666,origin
fajar pratama,2026-12-31,12,1264.0,99.06666666666666,0.9333333333333372,origin
reza kusuma,2026-12-31,13,1130.0,80.33333333333333,19.66666666666667,varian
rizky rahmawati,2026-12-31,10,1016.0,81.93333333333334,18.066666666666663,origin
rina ramadhan,2026-12-31,11,1068.0,81.3,18.700000000000003,varian
budi hidayat,2026-12-31,12,1103.0,74.88333333333333,25.116666666666674,varian
nisa saputra,2026-12-31,8,1139.0,75.98333333333333,24.016666666666666,origin
nisa lestari,2026-12-31,9,963.0,74.55,25.450000000000003,origin
agus hidayat,2026-12-31,10,928.0,82.46666666666667,17.53333333333333,varian
rina lestari,2026-12-31,10,995.0,71.58333333333333,28.41666666666667,origin
rizky sari,2026-12-31,12,1199.0,87.98333333333333,12.016666666666666,origin
hafizhan santoso,2026-12-31,10,1164.0,84.4,15.599999999999994,origin
agus rahmawati,2026-12-31,11,976.0,82.76666666666667,17.233333333333334,origin
nisa rahmawati,2026-12-31,10,1300.0,86.66666666666667,13.333333333333329,origin
ayu hidayat,2026-12-31,13,1074.0,79.4,20.599999999999994,varian
budi santoso,2026-12-31,10,1260.0,79.5,20.5,varian
hafizhan wulandari,2026-12-31,11,1078.0,89.46666666666667,10.533333333333331,origin
fajar santoso,2026-12-31,11,1011.0,91.85,8.150000000000006,varian
rizky santoso,2026-12-31,11,921.0,91.85,8.150000000000006,origin
dewi setiawan,2026-12-31,11,1157.0,79.28333333333333,20.71666666666667,varian
ayu kusuma,2026-12-31,8,1130.0,90.83333333333331,9.166666666666671,origin
hafizhan shidqi,2026-12-31,9,944.0,74.23333333333333,25.766666666666666,origin
siti hidayat,2026-12-31,11,1209.0,91.65,8.349999999999994,origin
reza sari,2026-12-31,12,1011.0,84.85,15.150000000000006,origin
dewi santoso,2026-12-31,13,930.0,93.5,6.5,varian
dimas saputra,2026-12-31,10,923.0,80.38333333333333,19.616666666666674,origin
agus wulandari,2026-12-31,9,998.0,78.63333333333333,21.366666666666674,varian
maya saputra,2026-12-31,14,1199.0,77.98333333333333,22.016666666666666,varian
andi sari,2026-12-31,10,1210.0,75.16666666666667,24.83333333333333,origin
putri setiawan,2026-12-31,13,1040.0,93.83333333333331,6.166666666666671,varian
putri santoso,2026-12-31,11,1202.0,80.03333333333333,19.96666666666667,varian
dewi pratama,2026-12-31,8,908.0,67.13333333333333,32.866666666666674,origin
rina sari,2026-12-31,11,1159.0,92.81666666666666,7.183333333333337,varian
andi shidqi,2026-12-31,10,1032.0,72.2,27.8,origin
rizky sari,2026-12-31,11,1050.0,79.0,21.0,origin
hafizhan lestari,2026-12-31,9,960.0,68.0,32.0,varian
reza wulandari,2026-12-31,8,1296.0,78.6,21.40000000000001,origin
hafizhan setiawan,2026-12-31,11,1202.0,85.03333333333333,14.966666666666669,varian
rizky aminah,2026-12-31,11,902.0,91.53333333333332,8.466666666666669,origin
hafizhan ramadhan,2026-12-31,13,1127.0,75.28333333333333,24.71666666666667,varian
putri aminah,2026-12-31,13,1120.0,90.16666666666669,9.833333333333329,varian
hafizhan rahmawati,2026-12-31,14,966.0,84.1,15.900000000000006,varian
ayu santoso,2026-12-31,14,1153.0,97.21666666666668,2.7833333333333314,varian
agus rahmawati,2026-12-31,10,1270.0,89.66666666666667,10.333333333333329,varian
andi shidqi,2026-12-31,9,1044.0,75.9,24.099999999999994,origin
agus setiawan,2026-12-31,9,1028.0,80.63333333333333,19.366666666666674,origin
fajar aminah,2026-12-31,11,1045.0,75.91666666666667,24.08333333333333,varian
rina kusuma,2026-12-31,11,1268.0,94.63333333333333,5.366666666666674,varian
rizky pratama,2026-12-31,13,945.0,82.25,17.75,varian
siti setiawan,2026-12-31,11,1105.0,84.91666666666667,15.083333333333329,origin
rizky hidayat,2026-12-31,12,1097.0,88.28333333333333,11.716666666666669,varian
fajar shidqi,2026-12-31,10,893.0,73.38333333333333,26.616666666666674,varian
rina lestari,2026-12-31,11,1162.0,90.86666666666667,9.133333333333326,origin
agus rahmawati,2026-12-31,14,1199.0,92.98333333333332,7.016666666666666,varian
hafizhan ramadhan,2026-12-31,11,1201.0,83.51666666666667,16.483333333333334,varian
dimas lestari,2026-12-31,8,1212.0,77.2,22.8,origin
rina kusuma,2026-12-31,11,1175.0,78.08333333333333,21.91666666666667,varian
dewi pratama,2026-12-31,9,1157.0,86.28333333333333,13.716666666666669,varian
nisa sari,2026-12-31,10,1188.0,89.8,10.200000000000005,origin
rizky sari,2026-12-31,10,1002.0,73.7,26.3,varian
rizky kusuma,2026-12-31,13,1033.0,80.21666666666667,19.78333333333333,varian
hafizhan santoso,2026-12-31,10,1253.0,80.88333333333333,19.116666666666674,origin
agus saputra,2026-12-31,14,894.0,77.9,22.099999999999994,varian
putri ramadhan,2026-12-31,13,924.0,78.4,21.599999999999994,varian
maya setiawan,2026-12-31,8,936.0,77.6,22.40000000000001,origin
dimas hidayat,2026-12-31,13,1142.0,80.53333333333333,19.46666666666667,varian
ayu sari,2026-12-31,12,917.0,73.28333333333333,26.71666666666667,origin
putri wulandari,2026-12-31,14,1099.0,81.31666666666666,18.683333333333337,varian
ayu rahmawati,2026-12-31,9,978.0,88.3,11.700000000000005,varian
putri lestari,2026-12-31,10,1239.0,82.65,17.349999999999994,varian
andi pratama,2026-12-31,9,1263.0,88.05,11.950000000000005,varian
rizky shidqi,2026-12-31,10,914.0,83.73333333333333,16.266666666666666,varian
siti sari,2026-12-31,11,1291.0,93.01666666666668,6.983333333333334,origin
andi kusuma,2026-12-31,11,1064.0,94.23333333333332,5.766666666666666,origin
rizky lestari,2026-12-31,10,1142.0,89.03333333333333,10.966666666666669,origin
rizky pratama,2026-12-31,10,966.0,78.1,21.90000000000001,varian
siti shidqi,2026-12-31,11,892.0,81.36666666666667,18.63333333333333,origin
fajar wulandari,2026-12-31,11,1152.0,87.7,12.299999999999995,varian
dimas setiawan,2026-12-31,8,967.0,73.11666666666667,26.88333333333333,origin
dimas rahmawati,2026-12-31,13,1167.0,85.95,14.049999999999995,varian
putri aminah,2026-12-31,11,1091.0,81.68333333333334,18.316666666666663,varian
ayu rahmawati,2026-12-31,12,1027.0,80.11666666666667,19.88333333333333,origin
dewi ramadhan,2026-12-31,10,1264.0,88.06666666666666,11.933333333333335,varian
nisa lestari,2026-12-31,10,1014.0,75.4,24.599999999999994,varian
nisa kusuma,2026-12-31,8,1264.0,88.06666666666666,11.933333333333335,origin
ayu hidayat,2026-12-31,12,1016.0,88.43333333333334,11.566666666666665,varian
maya kusuma,2026-12-31,12,1037.0,82.28333333333333,17.71666666666667,varian
rina shidqi,2026-12-31,14,1057.0,85.61666666666667,14.383333333333326,varian
andi hidayat,2026-12-31,11,918.0,86.8,13.200000000000005,origin
nisa santoso,2026-12-31,11,932.0,87.03333333333333,12.966666666666669,origin
hafizhan shidqi,2026-12-31,9,1017.0,78.95,21.05,varian
rina lestari,2026-12-31,14,950.0,83.83333333333334,16.166666666666657,varian
rizky lestari,2026-12-31,10,1064.0,77.73333333333333,22.266666666666666,origin
ayu hidayat,2026-12-31,10,986.0,78.43333333333334,21.566666666666663,varian
siti aminah,2026-12-31,12,1035.0,78.75,21.25,varian
ayu shidqi,2026-12-31,14,1011.0,79.85,20.15000000000001,varian
maya shidqi,2026-12-31,11,1112.0,85.03333333333333,14.966666666666669,origin
fajar rahmawati,2026-12-31,9,1209.0,77.15,22.849999999999994,varian
maya aminah,2026-12-31,12,1060.0,85.66666666666667,14.333333333333329,origin
fajar setiawan,2026-12-31,9,908.0,73.63333333333333,26.366666666666674,origin
dewi wulandari,2026-12-31,8,1239.0,92.65,7.349999999999994,origin
dimas rahmawati,2026-12-31,8,1032.0,84.2,15.799999999999995,origin
andi setiawan,2026-12-31,13,1045.0,85.41666666666667,14.583333333333329,varian
ayu pratama,2026-12-31,9,1028.0,80.63333333333333,19.366666666666674,origin
dewi rahmawati,2026-12-31,8,1084.0,80.06666666666666,19.933333333333337,origin
rina kusuma,2026-12-31,11,1258.0,75.96666666666667,24.03333333333333,varian
putri setiawan,2026-12-31,11,1031.0,72.18333333333334,27.816666666666663,varian
nisa saputra,2026-12-31,11,1263.0,81.05,18.950000000000003,varian
dewi saputra,2026-12-31,9,1092.0,70.2,29.8,varian
rina setiawan,2026-12-31,8,912.0,67.2,32.8,origin
agus rahmawati,2026-12-31,11,891.0,76.35,23.65000000000001,origin
dimas sari,2026-12-31,12,1068.0,85.8,14.200000000000005,origin
rina wulandari,2026-12-31,8,1125.0,90.75,9.25,origin
nisa setiawan,2026-12-31,11,1006.0,93.26666666666668,6.733333333333334,origin
hafizhan setiawan,2026-12-31,10,1149.0,89.15,10.849999999999994,origin
dimas saputra,2026-12-31,8,1300.0,88.66666666666667,11.333333333333329,origin
fajar hidayat,2026-12-31,10,992.0,86.53333333333333,13.466666666666669,origin
agus setiawan,2026-12-31,11,1073.0,77.88333333333333,22.116666666666674,varian
maya hidayat,2026-12-31,10,1048.0,84.46666666666667,15.533333333333331,varian
ayu kusuma,2026-12-31,10,945.0,87.75,12.25,varian
budi aminah,2026-12-31,10,965.0,81.08333333333333,18.91666666666667,origin
budi lestari,2026-12-31,12,1060.0,84.16666666666667,15.833333333333329,varian
reza saputra,2026-12-31,10,1109.0,75.48333333333333,24.516666666666666,varian
putri setiawan,2026-12-31,12,1282.0,89.36666666666667,10.633333333333326,origin
reza rahmawati,2026-12-31,14,951.0,88.85,11.150000000000006,varian
fajar santoso,2026-12-31,11,1082.0,79.53333333333333,20.46666666666667,origin
maya aminah,2026-12-31,8,1238.0,77.63333333333333,22.366666666666674,origin
nisa hidayat,2026-12-31,9,1113.0,82.05,17.950000000000003,origin
reza shidqi,2026-12-31,8,977.0,78.28333333333333,21.71666666666667,origin
nisa rahmawati,2026-12-31,10,953.0,70.88333333333333,29.116666666666674,origin
budi shidqi,2026-12-31,8,932.0,87.53333333333333,12.466666666666669,origin
agus pratama,2026-12-31,11,1219.0,91.81666666666666,8.183333333333337,origin
budi sari,2026-12-31,12,1232.0,87.03333333333333,12.966666666666669,varian
fajar saputra,2026-12-31,11,1176.0,89.6,10.400000000000006,varian
fajar setiawan,2026-12-31,11,1286.0,79.93333333333334,20.066666666666663,varian
rina kusuma,2026-12-31,10,1295.0,85.08333333333333,14.916666666666671,varian
dewi saputra,2026-12-31,12,1140.0,90.5,9.5,varian
budi kusuma,2026-12-31,12,1150.0,87.16666666666667,12.833333333333329,origin
dimas saputra,2026-12-31,11,1190.0,73.33333333333333,26.66666666666667,varian
reza santoso,2026-12-31,10,1277.0,86.28333333333333,13.716666666666669,origin
putri rahmawati,2026-12-31,9,1133.0,75.88333333333333,24.116666666666674,varian
ayu ramadhan,2026-12-31,11,1157.0,94.28333333333332,5.716666666666669,varian
agus kusuma,2026-12-31,12,999.0,94.65,5.349999999999994,origin
putri santoso,2026-12-31,12,1278.0,91.3,8.700000000000003,varian
reza pratama,2026-12-31,12,985.0,76.41666666666667,23.58333333333333,varian
fajar saputra,2026-12-31,10,1064.0,87.73333333333333,12.266666666666666,origin
dimas setiawan,2026-12-31,11,1279.0,89.81666666666666,10.183333333333335,varian
ayu wulandari,2026-12-31,9,1244.0,84.23333333333333,15.766666666666666,origin
nisa santoso,2026-12-31,9,1171.0,73.01666666666667,26.98333333333333,origin
agus rahmawati,2026-12-31,9,916.0,83.76666666666667,16.233333333333334,origin
rizky ramadhan,2026-12-31,8,1224.0,77.4,22.599999999999994,origin
hafizhan rahmawati,2026-12-31,13,1135.0,91.91666666666669,8.083333333333329,varian
maya wulandari,2026-12-31,9,1105.0,70.41666666666667,29.58333333333333,varian
reza setiawan,2026-12-31,9,1286.0,88.43333333333334,11.566666666666665,varian
nisa shidqi,2026-12-31,10,1286.0,89.93333333333334,10.066666666666665,varian
rina wulandari,2026-12-31,9,1183.0,78.21666666666667,21.78333333333333,origin
siti aminah,2026-12-31,11,1117.0,78.61666666666667,21.38333333333333,varian
agus santoso,2026-12-31,10,1239.0,82.65,17.349999999999994,varian
reza saputra,2026-12-31,14,937.0,83.61666666666667,16.383333333333326,varian
reza sari,2026-12-31,10,1174.0,83.06666666666666,16.933333333333337,varian
andi kusuma,2026-12-31,11,1113.0,80.05,19.950000000000003,origin
rina setiawan,2026-12-31,10,1199.0,84.98333333333333,15.016666666666666,origin
reza santoso,2026-12-31,12,1082.0,76.03333333333333,23.96666666666667,origin
ayu shidqi,2026-12-31,10,1138.0,73.96666666666667,26.03333333333333,origin
dimas hidayat,2026-12-31,10,1029.0,84.15,15.849999999999994,varian
siti wulandari,2026-12-31,9,949.0,89.31666666666666,10.683333333333335,origin
budi sari,2026-12-31,10,916.0,78.76666666666667,21.23333333333333,varian
dewi hidayat,2026-12-31,13,901.0,86.51666666666667,13.483333333333334,varian
fajar lestari,2026-12-31,14,975.0,79.25,20.75,varian
dewi shidqi,2026-12-31,10,1146.0,82.6,17.400000000000006,varian
reza sari,2026-12-31,13,1230.0,92.0,8.0,varian
putri shidqi,2026-12-31,10,1237.0,90.61666666666667,9.383333333333326,origin
agus ramadhan,2026-12-31,8,1283.0,83.38333333333333,16.616666666666674,origin
hafizhan ramadhan,2026-12-31,11,1272.0,82.7,17.299999999999997,origin
nisa lestari,2026-12-31,10,1093.0,83.21666666666667,16.78333333333333,origin
dimas santoso,2026-12-31,10,912.0,82.2,17.799999999999997,varian
dewi santoso,2026-12-31,8,1169.0,81.48333333333333,18.516666666666666,origin
ayu kusuma,2026-12-31,10,935.0,77.58333333333334,22.416666666666657,varian
rizky sari,2026-12-31,9,889.0,78.31666666666666,21.683333333333337,origin
dimas shidqi,2026-12-31,8,936.0,77.6,22.40000000000001,origin
andi kusuma,2026-12-31,11,1150.0,87.66666666666667,12.333333333333329,varian
putri kusuma,2026-12-31,11,1091.0,93.18333333333334,6.816666666666663,varian
siti shidqi,2026-12-31,11,1038.0,78.8,21.200000000000003,origin
dewi santoso,2026-12-31,12,1214.0,85.23333333333333,14.766666666666666,varian
reza shidqi,2026-12-31,13,1058.0,89.13333333333333,10.866666666666674,varian
maya setiawan,2026-12-31,11,1147.0,89.11666666666667,10.883333333333326,varian
maya rahmawati,2026-12-31,10,984.0,86.4,13.599999999999994,origin
agus pratama,2026-12-31,11,1088.0,79.63333333333333,20.366666666666674,origin
ayu ramadhan,2026-12-31,11,1128.0,90.3,9.700000000000005,origin
budi santoso,2026-12-31,14,1163.0,87.38333333333333,12.616666666666674,varian
ayu aminah,2026-12-31,12,923.0,85.38333333333333,14.616666666666674,varian
reza lestari,2026-12-31,10,1232.0,82.53333333333333,17.46666666666667,varian
fajar lestari,2026-12-31,12,1125.0,86.75,13.25,origin
maya ramadhan,2026-12-31,11,1102.0,71.86666666666667,28.13333333333333,varian
agus saputra,2026-12-31,11,1166.0,84.43333333333334,15.566666666666665,varian
rizky wulandari,2026-12-31,10,1237.0,90.61666666666667,9.383333333333326,origin
ayu sari,2026-12-31,8,895.0,81.91666666666666,18.083333333333343,origin
reza hidayat,2026-12-31,11,1078.0,84.46666666666667,15.533333333333331,origin
putri santoso,2026-12-31,11,1084.0,84.56666666666666,15.433333333333335,origin
ayu saputra,2026-12-31,12,1224.0,83.4,16.599999999999994,origin
dewi pratama,2026-12-31,10,1053.0,82.55,17.450000000000003,origin
andi ramadhan,2026-12-31,12,898.0,87.96666666666667,12.033333333333331,origin
nisa saputra,2026-12-31,11,976.0,72.76666666666667,27.23333333333333,origin
siti hidayat,2026-12-31,14,956.0,78.93333333333334,21.066666666666663,varian
nisa santoso,2026-12-31,11,1124.0,75.23333333333333,24.766666666666666,origin
rizky wulandari,2026-12-31,9,983.0,74.88333333333333,25.116666666666674,origin
budi setiawan,2026-12-31,11,1212.0,86.7,13.299999999999995,origin
rina setiawan,2026-12-31,12,964.0,87.56666666666666,12.433333333333335,varian
maya setiawan,2026-12-31,11,1281.0,97.85,2.1500000000000057,origin
nisa kusuma,2026-12-31,12,1040.0,95.33333333333331,4.666666666666671,origin
budi wulandari,2026-12-31,9,1052.0,71.03333333333333,28.96666666666667,origin
andi hidayat,2026-12-31,14,986.0,79.43333333333334,20.566666666666663,varian
nisa pratama,2026-12-31,11,1067.0,84.28333333333333,15.716666666666669,origin
dewi setiawan,2026-12-31,11,1279.0,94.81666666666666,5.183333333333337,varian
budi setiawan,2026-12-31,12,1293.0,91.55,8.450000000000003,varian
siti pratama,2026-12-31,12,1286.0,84.43333333333334,15.566666666666665,origin
fajar lestari,2026-12-31,11,1042.0,75.86666666666667,24.13333333333333,varian
siti hidayat,2026-12-31,9,1159.0,86.31666666666666,13.683333333333335,varian
agus santoso,2026-12-31,12,1271.0,94.18333333333334,5.816666666666663,origin
maya pratama,2026-12-31,11,1179.0,83.15,16.849999999999994,varian
dewi setiawan,2026-12-31,11,1097.0,78.28333333333333,21.71666666666667,varian
rizky shidqi,2026-12-31,10,1030.0,87.16666666666667,12.833333333333329,origin
reza shidqi,2026-12-31,11,1259.0,97.48333333333332,2.5166666666666657,origin
fajar aminah,2026-12-31,10,1098.0,86.8,13.200000000000005,varian
putri shidqi,2026-12-31,9,1065.0,81.25,18.75,origin
agus santoso,2026-12-31,13,1116.0,80.1,19.90000000000001,varian
agus ramadhan,2026-12-31,11,1120.0,78.66666666666667,21.33333333333333,varian
ayu lestari,2026-12-31,11,1124.0,87.23333333333333,12.766666666666666,varian
rina rahmawati,2026-12-31,8,957.0,82.95,17.049999999999997,origin
rizky hidayat,2026-12-31,11,906.0,80.1,19.90000000000001,varian
maya ramadhan,2026-12-31,11,1065.0,77.75,22.25,varian
ayu santoso,2026-12-31,13,1151.0,82.18333333333334,17.816666666666663,varian
reza saputra,2026-12-31,10,1223.0,80.38333333333333,19.616666666666674,origin
rina hidayat,2026-12-31,12,1244.0,90.73333333333332,9.266666666666666,varian
dewi sari,2026-12-31,11,1183.0,88.21666666666667,11.783333333333331,varian
reza lestari,2026-12-31,9,1120.0,82.16666666666667,17.83333333333333,origin
agus santoso,2026-12-31,10,1028.0,89.13333333333333,10.866666666666674,varian
maya wulandari,2026-12-31,13,1267.0,92.61666666666667,7.383333333333326,varian
fajar lestari,2026-12-31,10,913.0,80.21666666666667,19.78333333333333,origin
nisa saputra,2026-12-31,10,914.0,75.23333333333333,24.766666666666666,origin
hafizhan ramadhan,2026-12-31,12,985.0,94.41666666666669,5.583333333333329,origin
dimas wulandari,2026-12-31,10,1174.0,86.56666666666666,13.433333333333335,varian
reza wulandari,2026-12-31,8,1069.0,74.81666666666666,25.183333333333337,origin
maya setiawan,2026-12-31,13,985.0,92.91666666666669,7.083333333333329,varian
reza ramadhan,2026-12-31,8,1121.0,80.68333333333334,19.316666666666663,origin
hafizhan aminah,2026-12-31,10,1179.0,84.65,15.349999999999994,origin
nisa lestari,2026-12-31,10,1243.0,85.71666666666667,14.283333333333331,origin
rizky aminah,2026-12-31,11,940.0,89.16666666666666,10.833333333333345,varian
putri shidqi,2026-12-31,11,895.0,81.41666666666666,18.583333333333343,origin
fajar wulandari,2026-12-31,12,1167.0,85.95,14.049999999999995,varian
ayu pratama,2026-12-31,9,1076.0,79.93333333333334,20.066666666666663,varian
ayu wulandari,2026-12-31,9,1246.0,72.76666666666667,27.23333333333333,varian
maya lestari,2026-12-31,11,1255.0,87.41666666666667,12.583333333333329,origin
putri saputra,2026-12-31,12,893.0,77.88333333333333,22.116666666666674,origin
andi lestari,2026-12-31,12,1287.0,76.45,23.55,varian
fajar pratama,2026-12-31,11,1289.0,92.98333333333332,7.016666666666666,origin
dimas sari,2026-12-31,9,1256.0,84.43333333333334,15.566666666666665,origin
siti shidqi,2026-12-31,10,1220.0,72.33333333333333,27.66666666666667,varian
hafizhan ramadhan,2026-12-31,9,1111.0,92.01666666666668,7.983333333333334,origin
ayu hidayat,2026-12-31,10,914.0,85.23333333333333,14.766666666666666,origin
rizky hidayat,2026-12-31,13,937.0,82.11666666666667,17.883333333333326,varian
siti hidayat,2026-12-31,12,1269.0,86.15,13.849999999999994,varian
rizky saputra,2026-12-31,14,1173.0,92.55,7.450000000000003,varian
dimas rahmawati,2026-12-31,12,1156.0,79.26666666666667,20.73333333333333,varian
agus hidayat,2026-12-31,11,925.0,86.91666666666666,13.083333333333345,origin
budi lestari,2026-12-31,10,1009.0,86.81666666666666,13.183333333333335,origin
rina sari,2026-12-31,10,964.0,81.06666666666666,18.933333333333337,origin
andi setiawan,2026-12-31,10,1052.0,86.03333333333333,13.966666666666669,varian
budi pratama,2026-12-31,8,967.0,73.11666666666667,26.88333333333333,origin
hafizhan sari,2026-12-31,11,1162.0,85.86666666666667,14.133333333333326,origin
dimas aminah,2026-12-31,12,1223.0,90.38333333333333,9.616666666666674,varian
dimas hidayat,2026-12-31,10,1217.0,77.28333333333333,22.71666666666667,varian
dimas sari,2026-12-31,11,930.0,72.0,28.0,origin
hafizhan hidayat,2026-12-31,8,1177.0,76.61666666666667,23.38333333333333,origin
agus setiawan,2026-12-31,12,1286.0,91.43333333333334,8.566666666666663,varian
andi santoso,2026-12-31,9,903.0,77.05,22.950000000000003,varian
rina ramadhan,2026-12-31,10,1036.0,82.26666666666667,17.733333333333334,origin
budi rahmawati,2026-12-31,12,1113.0,90.05,9.950000000000005,varian
rizky saputra,2026-12-31,11,1251.0,89.35,10.650000000000006,varian
agus sari,2026-12-31,8,939.0,82.65,17.349999999999994,origin
fajar ramadhan,2026-12-31,11,1212.0,86.7,13.299999999999995,origin
ayu santoso,2026-12-31,11,970.0,77.66666666666667,22.33333333333333,origin
dewi sari,2026-12-31,13,1251.0,98.85,1.1500000000000057,varian
ayu shidqi,2026-12-31,12,1290.0,89.5,10.5,origin
reza kusuma,2026-12-31,11,941.0,82.18333333333334,17.816666666666663,origin
nisa santoso,2026-12-31,11,1290.0,76.5,23.5,varian
budi wulandari,2026-12-31,10,990.0,71.5,28.5,origin
rina aminah,2026-12-31,13,1036.0,80.26666666666667,19.73333333333333,varian
fajar shidqi,2026-12-31,9,1210.0,78.66666666666667,21.33333333333333,origin
ayu pratama,2026-12-31,12,1141.0,82.01666666666667,17.983333333333334,origin
andi aminah,2026-12-31,12,1053.0,87.55,12.450000000000005,varian
hafizhan shidqi,2026-12-31,12,1110.0,88.5,11.5,varian
siti lestari,2026-12-31,11,1093.0,84.71666666666667,15.283333333333331,origin
rizky saputra,2026-12-31,11,1170.0,86.0,14.0,origin
ayu shidqi,2026-12-31,8,1160.0,86.33333333333333,13.666666666666671,origin
hafizhan sari,2026-12-31,11,1289.0,92.98333333333332,7.016666666666666,origin
rina lestari,2026-12-31,13,1254.0,98.9,1.0999999999999943,varian
budi setiawan,2026-12-31,11,1042.0,87.36666666666667,12.633333333333326,varian
putri hidayat,2026-12-31,12,1258.0,85.96666666666667,14.033333333333331,varian
dimas wulandari,2026-12-31,10,1016.0,81.93333333333334,18.066666666666663,origin
putri saputra,2026-12-31,10,1071.0,84.85,15.150000000000006,varian
siti shidqi,2026-12-31,9,1021.0,70.51666666666667,29.48333333333333,origin
rina santoso,2026-12-31,11,1289.0,82.98333333333333,17.016666666666666,origin
putri wulandari,2026-12-31,14,1134.0,96.9,3.0999999999999943,varian
nisa saputra,2026-12-31,10,1109.0,91.98333333333332,8.016666666666666,varian
dimas lestari,2026-12-31,13,1145.0,77.08333333333333,22.91666666666667,varian
siti ramadhan,2026-12-31,11,1184.0,86.23333333333333,13.766666666666666,origin
putri hidayat,2026-12-31,12,1069.0,84.31666666666666,15.683333333333335,varian
siti hidayat,2026-12-31,12,1167.0,84.45,15.549999999999995,varian
rizky lestari,2026-12-31,11,1025.0,77.08333333333333,22.91666666666667,varian
rizky wulandari,2026-12-31,8,1269.0,83.15,16.849999999999994,origin
rizky sari,2026-12-31,9,1103.0,71.88333333333333,28.116666666666674,origin
siti pratama,2026-12-31,8,937.0,72.61666666666667,27.38333333333333,origin
ayu saputra,2026-12-31,13,1210.0,91.66666666666669,8.333333333333329,varian
budi shidqi,2026-12-31,10,1267.0,86.11666666666667,13.883333333333326,origin
putri wulandari,2026-12-31,11,1256.0,82.43333333333334,17.566666666666663,origin
nisa santoso,2026-12-31,10,1107.0,80.45,19.55,varian
siti lestari,2026-12-31,10,909.0,82.15,17.849999999999994,varian
dimas shidqi,2026-12-31,8,1284.0,73.4,26.599999999999994,origin
andi hidayat,2026-12-31,10,1257.0,84.45,15.549999999999995,varian
agus rahmawati,2026-12-31,9,1155.0,87.75,12.25,origin
ayu saputra,2026-12-31,11,1089.0,88.15,11.849999999999994,varian
fajar ramadhan,2026-12-31,13,1259.0,88.98333333333333,11.016666666666666,varian
dimas setiawan,2026-12-31,9,902.0,68.53333333333333,31.46666666666667,origin
rina rahmawati,2026-12-31,11,1184.0,81.23333333333333,18.766666666666666,origin
maya setiawan,2026-12-31,12,900.0,78.0,22.0,origin
rizky saputra,2026-12-31,8,909.0,82.15,17.849999999999994,origin
fajar shidqi,2026-12-31,12,1280.0,89.33333333333333,10.666666666666671,origin
siti santoso,2026-12-31,9,1201.0,92.01666666666668,7.983333333333334,varian
dewi kusuma,2026-12-31,13,1034.0,85.23333333333333,14.766666666666666,varian
hafizhan shidqi,2026-12-31,11,1040.0,85.83333333333333,14.166666666666671,varian
rina sari,2026-12-31,13,1220.0,96.83333333333331,3.1666666666666714,varian
nisa sari,2026-12-31,10,1139.0,77.48333333333333,22.516666666666666,varian
agus santoso,2026-12-31,10,928.0,72.46666666666667,27.53333333333333,varian
putri setiawan,2026-12-31,10,1078.0,81.46666666666667,18.53333333333333,varian
rina saputra,2026-12-31,8,1246.0,87.76666666666667,12.233333333333334,origin
maya rahmawati,2026-12-31,12,949.0,70.81666666666666,29.183333333333337,varian
budi kusuma,2026-12-31,11,1271.0,87.68333333333334,12.316666666666665,origin
hafizhan setiawan,2026-12-31,9,1281.0,78.35,21.65000000000001,varian
budi kusuma,2026-12-31,10,899.0,79.98333333333333,20.016666666666666,origin
budi shidqi,2026-12-31,8,1242.0,87.7,12.299999999999995,origin
andi ramadhan,2026-12-31,12,936.0,83.6,16.400000000000006,origin
hafizhan kusuma,2026-12-31,10,1072.0,82.86666666666667,17.133333333333326,origin
dimas sari,2026-12-31,10,1202.0,73.53333333333333,26.46666666666667,varian
budi sari,2026-12-31,12,1173.0,86.05,13.950000000000005,varian
putri pratama,2026-12-31,13,1109.0,89.98333333333333,10.016666666666666,varian
dimas hidayat,2026-12-31,10,1248.0,85.8,14.200000000000005,origin
fajar wulandari,2026-12-31,12,1108.0,96.46666666666668,3.5333333333333314,origin
andi santoso,2026-12-31,8,964.0,78.06666666666666,21.933333333333337,origin
andi setiawan,2026-12-31,12,1208.0,88.13333333333333,11.866666666666674,origin
ayu kusuma,2026-12-31,14,950.0,78.83333333333334,21.166666666666657,varian
ayu shidqi,2026-12-31,9,975.0,74.75,25.25,origin
budi rahmawati,2026-12-31,9,1288.0,88.46666666666667,11.533333333333331,varian
andi ramadhan,2026-12-31,13,997.0,88.11666666666667,11.883333333333326,varian
siti saputra,2026-12-31,8,1115.0,90.58333333333331,9.416666666666671,origin
hafizhan saputra,2026-12-31,12,1249.0,78.81666666666666,21.183333333333337,origin
ayu sari,2026-12-31,10,1070.0,77.83333333333333,22.16666666666667,origin
rizky shidqi,2026-12-31,10,987.0,91.45,8.549999999999997,origin
fajar kusuma,2026-12-31,9,1046.0,80.93333333333334,19.066666666666663,origin
dewi shidqi,2026-12-31,10,928.0,73.96666666666667,26.03333333333333,varian
budi lestari,2026-12-31,13,1145.0,95.58333333333331,4.416666666666671,varian
dewi pratama,2026-12-31,10,910.0,72.16666666666666,27.833333333333343,varian
siti lestari,2026-12-31,11,1249.0,95.81666666666666,4.183333333333337,varian
agus rahmawati,2026-12-31,10,1082.0,75.03333333333333,24.96666666666667,varian
andi santoso,2026-12-31,11,963.0,74.55,25.450000000000003,varian
maya ramadhan,2026-12-31,12,965.0,94.08333333333331,5.916666666666671,origin
maya pratama,2026-12-31,8,1298.0,83.63333333333333,16.366666666666674,origin
putri sari,2026-12-31,10,1084.0,80.06666666666666,19.933333333333337,varian
ayu pratama,2026-12-31,10,943.0,77.71666666666667,22.28333333333333,varian
putri santoso,2026-12-31,10,1174.0,86.56666666666666,13.433333333333335,varian
fajar shidqi,2026-12-31,9,1136.0,82.43333333333334,17.566666666666663,origin
putri ramadhan,2026-12-31,9,908.0,83.63333333333333,16.366666666666674,origin
agus saputra,2026-12-31,11,1078.0,86.46666666666667,13.533333333333331,varian
rizky wulandari,2026-12-31,10,1147.0,87.61666666666667,12.383333333333326,varian
andi kusuma,2026-12-31,8,1174.0,86.56666666666666,13.433333333333335,origin
putri sari,2026-12-31,8,1198.0,71.96666666666667,28.03333333333333,origin
rina kusuma,2026-12-31,8,1262.0,78.03333333333333,21.96666666666667,origin
dimas setiawan,2026-12-31,10,1004.0,91.73333333333332,8.266666666666666,origin
dewi kusuma,2026-12-31,11,899.0,81.48333333333333,18.516666666666666,origin
maya ramadhan,2026-12-31,11,1159.0,75.81666666666666,24.183333333333337,origin
dewi aminah,2026-12-31,11,1176.0,86.1,13.900000000000006,origin
agus wulandari,2026-12-31,9,929.0,82.48333333333333,17.516666666666666,varian
siti lestari,2026-12-31,14,1130.0,81.83333333333333,18.16666666666667,varian
rizky wulandari,2026-12-31,11,904.0,71.56666666666666,28.433333333333337,origin
dewi santoso,2026-12-31,11,1202.0,76.53333333333333,23.46666666666667,origin
reza shidqi,2026-12-31,12,1102.0,73.36666666666667,26.63333333333333,varian
budi pratama,2026-12-31,12,1065.0,85.75,14.25,origin
dewi sari,2026-12-31,12,900.0,73.0,27.0,origin
ayu pratama,2026-12-31,9,1025.0,70.58333333333333,29.41666666666667,origin
ayu rahmawati,2026-12-31,8,1107.0,75.45,24.55,origin
rina wulandari,2026-12-31,10,1258.0,90.96666666666668,9.033333333333331,origin
agus hidayat,2026-12-31,14,1196.0,87.93333333333334,12.066666666666665,varian
rizky hidayat,2026-12-31,9,1242.0,84.2,15.799999999999995,origin
maya ramadhan,2026-12-31,11,1234.0,90.56666666666666,9.433333333333335,varian
agus santoso,2026-12-31,9,1063.0,91.21666666666668,8.783333333333331,origin
rizky shidqi,2026-12-31,10,1222.0,85.36666666666667,14.633333333333326,origin
rizky hidayat,2026-12-31,10,1114.0,83.56666666666666,16.433333333333337,origin
reza pratama,2026-12-31,10,1194.0,79.9,20.099999999999994,origin
dewi setiawan,2026-12-31,10,1158.0,71.3,28.700000000000003,varian
siti wulandari,2026-12-31,10,893.0,83.38333333333333,16.616666666666674,varian
rina santoso,2026-12-31,11,1059.0,76.15,23.849999999999994,varian
siti lestari,2026-12-31,9,1194.0,91.9,8.099999999999994,varian
budi wulandari,2026-12-31,12,969.0,76.15,23.849999999999994,varian
dimas kusuma,2026-12-31,11,968.0,92.63333333333333,7.366666666666674,origin
ayu wulandari,2026-12-31,10,1077.0,69.95,30.05,varian
andi setiawan,2026-12-31,12,1135.0,90.41666666666669,9.583333333333329,varian
agus lestari,2026-12-31,9,1102.0,81.86666666666667,18.13333333333333,origin
budi rahmawati,2026-12-31,11,1121.0,95.18333333333334,4.816666666666663,origin
agus ramadhan,2026-12-31,12,1084.0,94.56666666666666,5.433333333333337,varian
maya santoso,2026-12-31,12,930.0,78.5,21.5,origin
ayu wulandari,2026-12-31,11,1278.0,87.8,12.200000000000005,origin
siti sari,2026-12-31,10,989.0,76.48333333333333,23.516666666666666,origin
dimas shidqi,2026-12-31,11,1087.0,78.11666666666667,21.88333333333333,varian
hafizhan setiawan,2026-12-31,10,1041.0,70.85,29.15000000000001,varian
reza setiawan,2026-12-31,10,904.0,77.06666666666666,22.933333333333337,varian
dimas kusuma,2026-12-31,9,1190.0,83.33333333333333,16.66666666666667,origin
ayu aminah,2026-12-31,14,1084.0,96.06666666666666,3.933333333333337,varian
reza setiawan,2026-12-31,10,1206.0,77.1,22.90000000000001,varian
hafizhan pratama,2026-12-31,9,1033.0,85.71666666666667,14.283333333333331,origin
andi setiawan,2026-12-31,9,1060.0,81.16666666666667,18.83333333333333,origin
maya kusuma,2026-12-31,12,1194.0,87.9,12.099999999999994,origin
dimas setiawan,2026-12-31,9,1045.0,74.41666666666667,25.58333333333333,varian
rina saputra,2026-12-31,8,1245.0,82.75,17.25,origin
rizky kusuma,2026-12-31,12,1067.0,89.28333333333333,10.716666666666669,varian
rina setiawan,2026-12-31,9,1273.0,83.21666666666667,16.78333333333333,varian
rina shidqi,2026-12-31,12,1013.0,79.88333333333333,20.116666666666674,origin
agus kusuma,2026-12-31,11,1211.0,85.18333333333334,14.816666666666665,varian
dewi wulandari,2026-12-31,14,1000.0,84.66666666666667,15.333333333333329,varian
hafizhan aminah,2026-12-31,11,1169.0,85.98333333333333,14.016666666666666,origin
putri setiawan,2026-12-31,12,1015.0,78.41666666666667,21.58333333333333,varian
fajar wulandari,2026-12-31,11,887.0,88.28333333333333,11.716666666666669,varian
rizky saputra,2026-12-31,8,1277.0,88.28333333333333,11.716666666666669,origin
hafizhan pratama,2026-12-31,12,1139.0,90.48333333333332,9.516666666666666,varian
hafizhan kusuma,2026-12-31,9,1170.0,71.5,28.5,varian
reza saputra,2026-12-31,12,1129.0,76.81666666666666,23.183333333333337,origin
siti hidayat,2026-12-31,9,1259.0,87.98333333333333,12.016666666666666,varian
putri santoso,2026-12-31,10,1122.0,82.2,17.799999999999997,varian
budi wulandari,2026-12-31,11,1168.0,75.96666666666667,24.03333333333333,origin
andi setiawan,2026-12-31,9,956.0,79.43333333333334,20.566666666666663,origin
hafizhan pratama,2026-12-31,10,1093.0,73.21666666666667,26.78333333333333,origin
reza kusuma,2026-12-31,11,942.0,84.2,15.799999999999995,varian
dimas wulandari,2026-12-31,12,975.0,74.25,25.75,origin
dewi santoso,2026-12-31,12,1256.0,77.43333333333334,22.566666666666663,varian
fajar lestari,2026-12-31,10,1257.0,72.95,27.05,varian
andi aminah,2026-12-31,10,1226.0,83.93333333333334,16.066666666666663,varian
dimas setiawan,2026-12-31,13,1226.0,88.43333333333334,11.566666666666665,varian
agus saputra,2026-12-31,12,1049.0,77.48333333333333,22.516666666666666,varian
hafizhan setiawan,2026-12-31,8,913.0,87.21666666666667,12.783333333333331,origin
budi pratama,2026-12-31,11,1245.0,77.25,22.75,origin
siti aminah,2026-12-31,9,888.0,83.3,16.700000000000003,origin
andi rahmawati,2026-12-31,11,1252.0,75.86666666666667,24.13333333333333,varian
dimas saputra,2026-12-31,9,1001.0,80.18333333333334,19.816666666666663,origin
reza setiawan,2026-12-31,8,1133.0,80.88333333333333,19.116666666666674,origin
siti wulandari,2026-12-31,12,1131.0,78.85,21.15000000000001,varian
fajar wulandari,2026-12-31,12,1143.0,85.55,14.450000000000005,varian
dewi kusuma,2026-12-31,11,1250.0,90.83333333333331,9.166666666666671,varian
putri setiawan,2026-12-31,11,887.0,81.28333333333333,18.71666666666667,origin
siti kusuma,2026-12-31,9,1164.0,82.9,17.099999999999994,origin
dimas hidayat,2026-12-31,9,1034.0,74.23333333333333,25.766666666666666,varian
fajar kusuma,2026-12-31,11,1225.0,76.91666666666667,23.08333333333333,origin
nisa santoso,2026-12-31,11,1035.0,73.75,26.25,origin
ayu lestari,2026-12-31,10,1283.0,88.38333333333333,11.616666666666674,varian
agus wulandari,2026-12-31,12,1252.0,83.86666666666667,16.133333333333326,origin
rina wulandari,2026-12-31,13,1103.0,76.38333333333333,23.616666666666674,varian
andi pratama,2026-12-31,9,1224.0,93.9,6.099999999999994,origin
dewi setiawan,2026-12-31,9,888.0,78.3,21.700000000000003,origin
fajar setiawan,2026-12-31,9,1018.0,80.46666666666667,19.53333333333333,origin
maya wulandari,2026-12-31,10,1002.0,91.7,8.299999999999997,origin
budi shidqi,2026-12-31,10,1178.0,79.63333333333333,20.366666666666674,origin
hafizhan saputra,2026-12-31,13,1174.0,82.56666666666666,17.433333333333337,varian
agus wulandari,2026-12-31,10,1148.0,79.13333333333333,20.866666666666674,origin
ayu pratama,2026-12-31,14,1121.0,91.68333333333334,8.316666666666663,varian
maya lestari,2026-12-31,11,1182.0,91.2,8.799999999999997,origin
hafizhan aminah,2026-12-31,11,1173.0,83.05,16.950000000000003,varian
siti setiawan,2026-12-31,10,1299.0,78.65,21.349999999999994,varian
nisa saputra,2026-12-31,10,1095.0,71.75,28.25,varian
dewi rahmawati,2026-12-31,14,898.0,72.96666666666667,27.03333333333333,varian
rizky wulandari,2026-12-31,14,1283.0,99.38333333333333,0.6166666666666742,varian
budi rahmawati,2026-12-31,11,926.0,68.93333333333334,31.066666666666663,varian
rina pratama,2026-12-31,11,1119.0,88.65,11.349999999999994,varian
reza lestari,2026-12-31,8,1232.0,92.53333333333332,7.466666666666669,origin
putri lestari,2026-12-31,8,1267.0,73.11666666666667,26.88333333333333,origin
hafizhan ramadhan,2026-12-31,12,990.0,79.5,20.5,origin
andi shidqi,2026-12-31,13,948.0,88.8,11.200000000000005,varian
ayu setiawan,2026-12-31,12,1188.0,76.3,23.700000000000003,varian
nisa setiawan,2026-12-31,12,1131.0,86.85,13.150000000000006,origin
andi santoso,2026-12-31,8,1057.0,79.61666666666667,20.38333333333333,origin
siti wulandari,2026-12-31,13,1151.0,87.18333333333334,12.816666666666665,varian
putri wulandari,2026-12-31,13,1194.0,82.9,17.099999999999994,varian
reza saputra,2026-12-31,12,1180.0,92.66666666666669,7.333333333333329,origin
dimas santoso,2026-12-31,12,1032.0,80.2,19.8,origin
nisa wulandari,2026-12-31,9,1296.0,88.6,11.400000000000006,varian
andi rahmawati,2026-12-31,9,1205.0,92.08333333333331,7.916666666666671,varian
agus wulandari,2026-12-31,9,1148.0,91.13333333333333,8.866666666666674,varian
fajar aminah,2026-12-31,10,1149.0,84.15,15.849999999999994,origin
fajar sari,2026-12-31,10,1171.0,76.51666666666667,23.48333333333333,varian
hafizhan setiawan,2026-12-31,10,1195.0,86.91666666666667,13.083333333333329,varian
putri rahmawati,2026-12-31,9,1108.0,76.96666666666667,23.03333333333333,origin
fajar wulandari,2026-12-31,10,1259.0,90.98333333333332,9.016666666666666,origin
ayu setiawan,2026-12-31,12,1244.0,82.23333333333333,17.766666666666666,varian
dimas kusuma,2026-12-31,11,1214.0,83.73333333333333,16.266666666666666,varian
dewi sari,2026-12-31,11,1263.0,79.55,20.450000000000003,varian
maya pratama,2026-12-31,13,1090.0,94.66666666666669,5.333333333333329,varian
fajar pratama,2026-12-31,10,946.0,82.76666666666667,17.233333333333334,varian
fajar lestari,2026-12-31,11,1086.0,79.6,20.40000000000001,origin
maya shidqi,2026-12-31,13,1174.0,97.56666666666666,2.433333333333337,varian
agus ramadhan,2026-12-31,10,995.0,68.58333333333333,31.41666666666667,varian
agus kusuma,2026-12-31,14,1155.0,97.25,2.75,varian
rina aminah,2026-12-31,9,932.0,77.53333333333333,22.46666666666667,varian
reza saputra,2026-12-31,13,1163.0,95.88333333333333,4.116666666666674,varian
hafizhan kusuma,2026-12-31,11,1036.0,78.76666666666667,21.23333333333333,origin
rizky setiawan,2026-12-31,9,1115.0,72.08333333333333,27.91666666666667,origin
ayu hidayat,2026-12-31,12,1286.0,87.93333333333334,12.066666666666665,varian
rizky lestari,2026-12-31,12,1161.0,82.35,17.650000000000006,origin
andi ramadhan,2026-12-31,9,1283.0,83.38333333333333,16.616666666666674,varian
andi wulandari,2026-12-31,12,1070.0,79.33333333333333,20.66666666666667,varian
reza pratama,2026-12-31,11,1199.0,86.48333333333333,13.516666666666666,origin
rizky shidqi,2026-12-31,12,1296.0,94.6,5.400000000000006,origin
hafizhan ramadhan,2026-12-31,14,1056.0,95.6,4.400000000000006,varian
nisa saputra,2026-12-31,10,1197.0,86.95,13.049999999999995,varian
hafizhan lestari,2026-12-31,12,968.0,89.13333333333333,10.866666666666674,origin
rina wulandari,2026-12-31,11,1004.0,78.23333333333333,21.766666666666666,origin
fajar pratama,2026-12-31,10,1268.0,91.13333333333333,8.866666666666674,origin
putri sari,2026-12-31,12,984.0,79.4,20.599999999999994,origin
nisa kusuma,2026-12-31,10,1214.0,85.23333333333333,14.766666666666666,origin
dimas kusuma,2026-12-31,13,1072.0,75.86666666666667,24.13333333333333,varian
dewi shidqi,2026-12-31,11,1055.0,82.58333333333333,17.41666666666667,varian
ayu ramadhan,2026-12-31,11,896.0,84.93333333333334,15.066666666666665,varian
rina kusuma,2026-12-31,14,1137.0,76.95,23.05,varian
rizky lestari,2026-12-31,11,1079.0,71.48333333333333,28.516666666666666,varian
siti hidayat,2026-12-31,8,1188.0,71.8,28.200000000000003,origin
nisa sari,2026-12-31,11,948.0,75.8,24.200000000000003,varian
ayu saputra,2026-12-31,12,984.0,89.4,10.599999999999994,origin
maya lestari,2026-12-31,12,1003.0,78.21666666666667,21.78333333333333,varian
dimas sari,2026-12-31,9,1237.0,89.11666666666667,10.883333333333326,origin
reza shidqi,2026-12-31,12,1113.0,85.05,14.950000000000005,varian
budi kusuma,2026-12-31,11,1177.0,91.11666666666667,8.883333333333326,origin
ayu kusuma,2026-12-31,12,1209.0,75.15,24.849999999999994,varian
budi shidqi,2026-12-31,12,1082.0,76.03333333333333,23.96666666666667,origin
nisa pratama,2026-12-31,10,966.0,79.6,20.40000000000001,varian
fajar ramadhan,2026-12-31,10,971.0,81.18333333333334,18.816666666666663,origin
rizky santoso,2026-12-31,10,1101.0,73.35,26.65000000000001,origin
budi saputra,2026-12-31,11,1145.0,77.58333333333333,22.41666666666667,varian
rina sari,2026-12-31,10,1106.0,83.43333333333334,16.566666666666663,origin
dewi rahmawati,2026-12-31,12,1277.0,84.28333333333333,15.716666666666669,origin
reza kusuma,2026-12-31,10,912.0,75.2,24.8,origin
agus saputra,2026-12-31,9,1148.0,86.13333333333333,13.866666666666674,varian
hafizhan lestari,2026-12-31,9,983.0,73.38333333333333,26.616666666666674,varian
ayu pratama,2026-12-31,12,907.0,78.11666666666667,21.88333333333333,origin
siti ramadhan,2026-12-31,10,1226.0,90.43333333333334,9.566666666666665,origin
reza rahmawati,2026-12-31,11,1075.0,94.41666666666669,5.583333333333329,origin
hafizhan ramadhan,2026-12-31,14,1094.0,81.23333333333333,18.766666666666666,varian
dimas shidqi,2026-12-31,12,1190.0,74.83333333333333,25.16666666666667,varian
andi hidayat,2026-12-31,10,1173.0,89.55,10.450000000000005,origin
agus ramadhan,2026-12-31,11,1124.0,95.23333333333332,4.766666666666666,origin
budi aminah,2026-12-31,11,1098.0,94.8,5.200000000000003,origin
dimas ramadhan,2026-12-31,13,1199.0,87.98333333333333,12.016666666666666,varian
budi saputra,2026-12-31,12,1072.0,87.86666666666667,12.133333333333326,varian
fajar hidayat,2026-12-31,9,1227.0,83.95,16.049999999999997,origin
nisa ramadhan,2026-12-31,12,1288.0,94.46666666666668,5.533333333333331,origin
rizky hidayat,2026-12-31,11,960.0,76.0,24.0,varian
fajar aminah,2026-12-31,11,1068.0,84.3,15.700000000000005,origin
dewi aminah,2026-12-31,9,1149.0,82.65,17.349999999999994,origin
rina pratama,2026-12-31,10,1272.0,76.2,23.8,origin
ayu lestari,2026-12-31,9,970.0,84.66666666666667,15.333333333333329,origin
rina sari,2026-12-31,14,1295.0,94.58333333333331,5.416666666666671,varian
dewi pratama,2026-12-31,12,1181.0,89.68333333333334,10.316666666666665,varian
nisa santoso,2026-12-31,12,1044.0,87.4,12.599999999999994,varian
dimas saputra,2026-12-31,12,1155.0,87.25,12.75,origin
budi saputra,2026-12-31,12,1036.0,83.76666666666667,16.233333333333334,varian
maya lestari,2026-12-31,8,925.0,82.41666666666666,17.583333333333343,origin
rina santoso,2026-12-31,8,1228.0,77.46666666666667,22.53333333333333,origin
dimas santoso,2026-12-31,10,1027.0,87.11666666666667,12.883333333333326,origin
rina shidqi,2026-12-31,12,1284.0,77.9,22.099999999999994,varian
reza shidqi,2026-12-31,10,1041.0,92.35,7.650000000000006,origin
andi wulandari,2026-12-31,12,935.0,78.58333333333334,21.416666666666657,origin
nisa wulandari,2026-12-31,8,939.0,82.65,17.349999999999994,origin
ayu shidqi,2026-12-31,10,1084.0,80.06666666666666,19.933333333333337,varian
andi aminah,2026-12-31,9,1117.0,77.11666666666667,22.88333333333333,origin
andi lestari,2026-12-31,11,892.0,73.36666666666667,26.63333333333333,varian
maya pratama,2026-12-31,12,960.0,77.5,22.5,varian
andi pratama,2026-12-31,11,1214.0,86.73333333333333,13.266666666666666,origin
siti rahmawati,2026-12-31,13,1126.0,90.26666666666668,9.733333333333334,varian
fajar shidqi,2026-12-31,12,1142.0,75.53333333333333,24.46666666666667,varian
dimas sari,2026-12-31,14,1271.0,94.18333333333334,5.816666666666663,varian
rina rahmawati,2026-12-31,8,980.0,68.33333333333333,31.66666666666667,origin
fajar wulandari,2026-12-31,10,959.0,75.98333333333333,24.016666666666666,origin
fajar sari,2026-12-31,12,1158.0,85.8,14.200000000000005,varian
putri rahmawati,2026-12-31,8,1196.0,71.93333333333334,28.066666666666663,origin
budi santoso,2026-12-31,10,1291.0,91.51666666666668,8.483333333333334,origin
siti ramadhan,2026-12-31,8,1119.0,75.65,24.349999999999994,origin
budi saputra,2026-12-31,14,1233.0,98.55,1.4500000000000028,varian
rizky sari,2026-12-31,9,1055.0,76.08333333333333,23.91666666666667,origin
maya kusuma,2026-12-31,12,1114.0,91.56666666666666,8.433333333333337,origin
budi kusuma,2026-12-31,12,1097.0,94.78333333333332,5.216666666666669,varian
dewi rahmawati,2026-12-31,13,928.0,71.96666666666667,28.03333333333333,varian
nisa ramadhan,2026-12-31,11,973.0,77.71666666666667,22.28333333333333,origin
dimas saputra,2026-12-31,14,1061.0,85.68333333333334,14.316666666666665,varian
hafizhan lestari,2026-12-31,14,1193.0,82.88333333333333,17.116666666666674,varian
siti aminah,2026-12-31,12,1044.0,90.4,9.599999999999994,origin
maya setiawan,2026-12-31,10,1280.0,91.33333333333331,8.666666666666671,origin
dimas saputra,2026-12-31,12,1005.0,79.75,20.25,origin
rizky hidayat,2026-12-31,12,1073.0,85.88333333333333,14.116666666666674,origin
siti wulandari,2026-12-31,8,923.0,82.38333333333333,17.616666666666674,origin
rizky rahmawati,2026-12-31,10,1224.0,80.4,19.599999999999994,origin
maya setiawan,2026-12-31,11,986.0,82.93333333333334,17.066666666666663,origin
hafizhan saputra,2026-12-31,12,1196.0,84.93333333333334,15.066666666666665,varian
budi kusuma,2026-12-31,13,928.0,86.96666666666667,13.033333333333331,varian
rizky kusuma,2026-12-31,10,1052.0,92.53333333333332,7.466666666666669,origin
hafizhan pratama,2026-12-31,11,1056.0,84.1,15.900000000000006,origin
rizky pratama,2026-12-31,12,1165.0,94.41666666666669,5.583333333333329,varian
hafizhan lestari,2026-12-31,10,1188.0,79.8,20.200000000000003,origin
putri hidayat,2026-12-31,12,911.0,83.18333333333334,16.816666666666663,origin
dimas ramadhan,2026-12-31,12,1297.0,89.61666666666667,10.383333333333326,origin
nisa sari,2026-12-31,12,1111.0,73.51666666666667,26.48333333333333,varian
maya hidayat,2026-12-31,10,890.0,76.83333333333334,23.166666666666657,varian
agus aminah,2026-12-31,10,1041.0,70.85,29.15000000000001,varian
fajar ramadhan,2026-12-31,9,1126.0,90.76666666666668,9.233333333333334,varian
dewi wulandari,2026-12-31,10,887.0,68.28333333333333,31.71666666666667,varian
reza lestari,2026-12-31,9,1058.0,69.63333333333333,30.366666666666674,varian
andi setiawan,2026-12-31,13,1144.0,90.56666666666666,9.433333333333335,varian
ayu aminah,2026-12-31,9,1261.0,89.51666666666667,10.483333333333334,origin
agus hidayat,2026-12-31,12,994.0,91.56666666666666,8.433333333333337,varian
dewi setiawan,2026-12-31,12,1102.0,79.86666666666667,20.13333333333333,varian
agus setiawan,2026-12-31,11,896.0,91.43333333333334,8.566666666666663,origin
nisa santoso,2026-12-31,8,1223.0,87.38333333333333,12.616666666666674,origin
reza wulandari,2026-12-31,13,889.0,77.81666666666666,22.183333333333337,varian
reza rahmawati,2026-12-31,10,1156.0,94.26666666666668,5.733333333333334,origin
andi kusuma,2026-12-31,8,963.0,83.05,16.950000000000003,origin
dewi shidqi,2026-12-31,11,968.0,77.63333333333333,22.366666666666674,origin
reza lestari,2026-12-31,13,1211.0,83.18333333333334,16.816666666666663,varian
agus saputra,2026-12-31,12,906.0,81.6,18.40000000000001,varian
andi rahmawati,2026-12-31,12,1214.0,96.73333333333332,3.2666666666666657,varian
dimas pratama,2026-12-31,9,1288.0,79.96666666666667,20.03333333333333,origin
budi ramadhan,2026-12-31,10,1229.0,88.98333333333333,11.016666666666666,varian
ayu santoso,2026-12-31,11,1260.0,87.5,12.5,origin
rina shidqi,2026-12-31,8,1152.0,81.2,18.8,origin
hafizhan ramadhan,2026-12-31,12,1090.0,96.16666666666669,3.8333333333333286,origin
ayu aminah,2026-12-31,12,1189.0,89.81666666666666,10.183333333333335,varian
rina saputra,2026-12-31,12,1054.0,92.56666666666666,7.433333333333337,varian
siti kusuma,2026-12-31,14,1081.0,81.01666666666667,18.98333333333333,varian
siti rahmawati,2026-12-31,10,1198.0,89.96666666666667,10.033333333333331,origin
dewi wulandari,2026-12-31,9,1140.0,92.5,7.5,origin
rizky ramadhan,2026-12-31,12,921.0,76.85,23.15000000000001,varian
dewi hidayat,2026-12-31,10,913.0,85.21666666666667,14.783333333333331,origin
rina setiawan,2026-12-31,11,1111.0,85.01666666666667,14.983333333333334,origin
fajar ramadhan,2026-12-31,10,1157.0,89.28333333333333,10.716666666666669,origin
andi saputra,2026-12-31,12,1170.0,81.0,19.0,varian
dimas setiawan,2026-12-31,10,992.0,68.53333333333333,31.46666666666667,varian
nisa rahmawati,2026-12-31,11,1191.0,78.35,21.65000000000001,varian
hafizhan aminah,2026-12-31,12,1226.0,96.93333333333334,3.066666666666663,varian
siti aminah,2026-12-31,10,1126.0,82.26666666666667,17.733333333333334,varian
siti ramadhan,2026-12-31,13,1054.0,89.06666666666666,10.933333333333335,varian
reza pratama,2026-12-31,12,1040.0,90.33333333333331,9.666666666666671,origin
siti ramadhan,2026-12-31,10,1221.0,90.35,9.650000000000006,origin
hafizhan lestari,2026-12-31,11,1230.0,94.0,6.0,varian
andi sari,2026-12-31,10,1054.0,84.56666666666666,15.433333333333335,varian
putri setiawan,2026-12-31,13,985.0,82.91666666666667,17.08333333333333,varian
fajar setiawan,2026-12-31,12,1216.0,96.76666666666668,3.2333333333333343,varian
hafizhan wulandari,2026-12-31,12,1233.0,88.55,11.450000000000005,origin
hafizhan wulandari,2026-12-31,13,1037.0,95.28333333333332,4.716666666666669,varian
fajar shidqi,2026-12-31,9,1076.0,71.43333333333334,28.566666666666663,origin
hafizhan aminah,2026-12-31,8,1269.0,73.15,26.849999999999994,origin
fajar hidayat,2026-12-31,11,1271.0,81.18333333333334,18.816666666666663,varian
putri saputra,2026-12-31,11,921.0,75.35,24.65000000000001,varian
nisa aminah,2026-12-31,9,1229.0,78.98333333333333,21.016666666666666,origin
agus setiawan,2026-12-31,10,1212.0,88.7,11.299999999999995,varian
nisa sari,2026-12-31,13,1049.0,73.98333333333333,26.016666666666666,varian
andi kusuma,2026-12-31,10,975.0,71.25,28.75,origin
siti aminah,2026-12-31,13,1286.0,89.43333333333334,10.566666666666665,varian
ayu lestari,2026-12-31,13,982.0,77.86666666666667,22.13333333333333,varian
hafizhan ramadhan,2026-12-31,13,991.0,79.51666666666667,20.48333333333333,varian
rina pratama,2026-12-31,8,938.0,87.63333333333333,12.366666666666674,origin
agus hidayat,2026-12-31,13,1072.0,80.86666666666667,19.13333333333333,varian
dimas rahmawati,2026-12-31,11,944.0,85.73333333333333,14.266666666666666,varian
putri aminah,2026-12-31,13,892.0,87.86666666666667,12.133333333333326,varian
hafizhan setiawan,2026-12-31,9,1042.0,74.36666666666667,25.63333333333333,varian
andi saputra,2026-12-31,12,1198.0,82.96666666666667,17.03333333333333,origin
andi rahmawati,2026-12-31,9,1027.0,80.61666666666667,19.38333333333333,origin
siti shidqi,2026-12-31,13,914.0,73.23333333333333,26.766666666666666,varian
dewi saputra,2026-12-31,12,928.0,86.96666666666667,13.033333333333331,varian
siti setiawan,2026-12-31,10,1160.0,94.33333333333331,5.666666666666671,origin
reza kusuma,2026-12-31,8,1286.0,83.43333333333334,16.566666666666663,origin
fajar hidayat,2026-12-31,13,1160.0,87.33333333333333,12.666666666666671,varian
maya santoso,2026-12-31,13,1214.0,96.73333333333332,3.2666666666666657,varian
rina setiawan,2026-12-31,10,1153.0,84.21666666666667,15.783333333333331,origin
fajar saputra,2026-12-31,12,1283.0,79.38333333333333,20.616666666666674,origin
hafizhan lestari,2026-12-31,9,1058.0,76.13333333333333,23.866666666666674,origin
hafizhan shidqi,2026-12-31,9,1280.0,74.83333333333333,25.16666666666667,origin
agus rahmawati,2026-12-31,11,1015.0,88.41666666666667,11.583333333333329,origin
siti hidayat,2026-12-31,13,1277.0,94.28333333333332,5.716666666666669,varian
siti saputra,2026-12-31,12,898.0,86.46666666666667,13.533333333333331,varian
dimas wulandari,2026-12-31,9,1188.0,88.3,11.700000000000005,origin
siti lestari,2026-12-31,8,1201.0,72.01666666666667,27.98333333333333,origin
nisa shidqi,2026-12-31,10,1283.0,93.38333333333333,6.616666666666674,varian
budi hidayat,2026-12-31,13,1271.0,82.68333333333334,17.316666666666663,varian
ayu saputra,2026-12-31,8,1192.0,71.86666666666667,28.13333333333333,origin
budi ramadhan,2026-12-31,8,1008.0,78.8,21.200000000000003,origin
putri shidqi,2026-12-31,13,1279.0,97.81666666666666,2.183333333333337,varian
dewi aminah,2026-12-31,10,907.0,83.61666666666667,16.383333333333326,varian
dimas ramadhan,2026-12-31,12,921.0,83.35,16.650000000000006,origin
reza saputra,2026-12-31,10,1063.0,82.71666666666667,17.28333333333333,origin
budi sari,2026-12-31,10,955.0,82.91666666666666,17.083333333333343,varian
siti sari,2026-12-31,13,972.0,82.7,17.299999999999997,varian
rina rahmawati,2026-12-31,12,1257.0,80.95,19.05,varian
fajar rahmawati,2026-12-31,12,942.0,90.7,9.299999999999995,varian
budi kusuma,2026-12-31,13,1197.0,97.95,2.049999999999997,varian
nisa aminah,2026-12-31,14,1214.0,98.23333333333332,1.7666666666666655,varian
maya setiawan,2026-12-31,10,1103.0,83.38333333333333,16.616666666666674,origin
rina saputra,2026-12-31,12,1037.0,75.28333333333333,24.71666666666667,origin
rina saputra,2026-12-31,11,1242.0,87.2,12.799999999999995,origin
reza wulandari,2026-12-31,13,1015.0,83.41666666666667,16.58333333333333,varian
dimas setiawan,2026-12-31,10,1243.0,89.21666666666667,10.783333333333331,varian
reza hidayat,2026-12-31,12,1030.0,90.16666666666669,9.833333333333329,origin
maya sari,2026-12-31,8,1144.0,76.06666666666666,23.933333333333337,origin
dimas aminah,2026-12-31,10,1271.0,86.18333333333334,13.816666666666665,origin
reza sari,2026-12-31,14,1004.0,84.73333333333333,15.266666666666666,varian
rizky ramadhan,2026-12-31,8,1201.0,87.01666666666667,12.983333333333334,origin
hafizhan aminah,2026-12-31,10,888.0,68.3,31.700000000000003,varian
agus pratama,2026-12-31,10,1202.0,72.03333333333333,27.96666666666667,varian
hafizhan shidqi,2026-12-31,10,896.0,73.43333333333334,26.566666666666663,varian
putri santoso,2026-12-31,10,1259.0,79.48333333333333,20.516666666666666,varian
dewi lestari,2026-12-31,10,921.0,75.35,24.65000000000001,origin
siti rahmawati,2026-12-31,10,1272.0,76.2,23.8,origin
dimas pratama,2026-12-31,11,1128.0,90.3,9.700000000000005,origin
siti pratama,2026-12-31,13,974.0,92.73333333333332,7.266666666666666,varian
agus lestari,2026-12-31,8,1263.0,78.05,21.950000000000003,origin
andi santoso,2026-12-31,9,1253.0,79.38333333333333,20.616666666666674,origin
rina wulandari,2026-12-31,12,1179.0,76.15,23.849999999999994,varian
maya ramadhan,2026-12-31,12,1173.0,81.05,18.950000000000003,varian
siti aminah,2026-12-31,8,895.0,81.91666666666666,18.083333333333343,origin
fajar setiawan,2026-12-31,10,1020.0,85.5,14.5,varian
maya santoso,2026-12-31,11,990.0,83.0,17.0,origin
dewi kusuma,2026-12-31,8,932.0,72.53333333333333,27.46666666666667,origin
siti hidayat,2026-12-31,12,1021.0,82.01666666666667,17.983333333333334,varian
hafizhan sari,2026-12-31,13,888.0,87.8,12.200000000000005,varian
budi pratama,2026-12-31,10,1139.0,75.98333333333333,24.016666666666666,varian
andi hidayat,2026-12-31,11,1002.0,78.2,21.8,origin
maya wulandari,2026-12-31,11,974.0,91.23333333333332,8.766666666666666,varian
ayu saputra,2026-12-31,12,1123.0,80.21666666666667,19.78333333333333,varian
andi saputra,2026-12-31,11,1078.0,84.46666666666667,15.533333333333331,origin
rina santoso,2026-12-31,8,941.0,87.68333333333334,12.316666666666665,origin
andi sari,2026-12-31,9,971.0,73.18333333333334,26.816666666666663,varian
agus saputra,2026-12-31,12,1254.0,88.9,11.099999999999994,origin
budi lestari,2026-12-31,10,1173.0,93.05,6.950000000000003,varian
dimas aminah,2026-12-31,13,1195.0,96.41666666666669,3.5833333333333286,varian
dimas rahmawati,2026-12-31,14,1151.0,97.18333333333334,2.816666666666663,varian
dimas lestari,2026-12-31,8,915.0,82.25,17.75,origin
fajar santoso,2026-12-31,12,961.0,84.01666666666667,15.983333333333334,origin
maya rahmawati,2026-12-31,8,914.0,77.23333333333333,22.766666666666666,origin
rizky lestari,2026-12-31,12,1119.0,76.65,23.349999999999994,origin
agus rahmawati,2026-12-31,9,1288.0,79.96666666666667,20.03333333333333,origin
rina pratama,2026-12-31,12,1051.0,74.01666666666667,25.98333333333333,varian
maya pratama,2026-12-31,10,1036.0,77.26666666666667,22.73333333333333,origin
putri setiawan,2026-12-31,11,910.0,83.66666666666666,16.333333333333343,varian
rina setiawan,2026-12-31,9,905.0,72.08333333333334,27.916666666666657,varian
andi saputra,2026-12-31,8,1161.0,91.35,8.650000000000006,origin
putri setiawan,2026-12-31,12,890.0,82.83333333333334,17.166666666666657,origin
hafizhan kusuma,2026-12-31,9,1278.0,79.8,20.200000000000003,origin
agus rahmawati,2026-12-31,13,946.0,78.76666666666667,21.23333333333333,varian
dimas santoso,2026-12-31,8,1014.0,68.9,31.099999999999994,origin
putri shidqi,2026-12-31,12,1248.0,93.8,6.200000000000003,origin
siti setiawan,2026-12-31,13,1168.0,77.46666666666667,22.53333333333333,varian
nisa pratama,2026-12-31,11,1126.0,75.26666666666667,24.73333333333333,origin
ayu sari,2026-12-31,13,981.0,89.35,10.650000000000006,varian
rina aminah,2026-12-31,10,953.0,87.88333333333333,12.116666666666674,varian
andi lestari,2026-12-31,10,998.0,83.63333333333333,16.366666666666674,varian
putri sari,2026-12-31,10,925.0,90.41666666666666,9.583333333333345,origin
nisa santoso,2026-12-31,11,1147.0,84.11666666666667,15.883333333333326,varian
reza pratama,2026-12-31,12,1201.0,78.01666666666667,21.98333333333333,origin
siti shidqi,2026-12-31,10,1229.0,82.48333333333333,17.516666666666666,varian
fajar saputra,2026-12-31,9,1016.0,90.43333333333334,9.566666666666665,origin
reza pratama,2026-12-31,10,888.0,83.3,16.700000000000003,varian
fajar rahmawati,2026-12-31,11,1059.0,74.15,25.849999999999994,origin
ayu aminah,2026-12-31,12,1241.0,90.68333333333334,9.316666666666665,varian
budi santoso,2026-12-31,8,917.0,72.28333333333333,27.71666666666667,origin
budi santoso,2026-12-31,9,889.0,83.31666666666666,16.683333333333337,origin
dewi sari,2026-12-31,10,1296.0,86.6,13.400000000000006,origin
siti setiawan,2026-12-31,10,1013.0,81.88333333333333,18.116666666666674,origin
budi lestari,2026-12-31,10,964.0,84.56666666666666,15.433333333333335,varian
rina shidqi,2026-12-31,11,1169.0,85.98333333333333,14.016666666666666,origin
hafizhan ramadhan,2026-12-31,13,1177.0,82.61666666666667,17.383333333333326,varian
andi santoso,2026-12-31,11,1170.0,89.5,10.5,varian
dimas wulandari,2026-12-31,10,1276.0,83.26666666666667,16.733333333333334,varian
fajar setiawan,2026-12-31,13,1035.0,85.25,14.75,varian
maya sari,2026-12-31,9,1157.0,72.78333333333333,27.21666666666667,origin
hafizhan rahmawati,2026-12-31,14,1259.0,83.98333333333333,16.016666666666666,varian
agus wulandari,2026-12-31,11,1137.0,77.45,22.55,varian
ayu lestari,2026-12-31,12,1168.0,92.46666666666668,7.533333333333331,origin
maya setiawan,2026-12-31,12,1101.0,91.35,8.650000000000006,origin
nisa lestari,2026-12-31,11,1014.0,83.4,16.599999999999994,origin
agus ramadhan,2026-12-31,12,1082.0,84.53333333333333,15.466666666666669,varian
nisa aminah,2026-12-31,11,904.0,81.56666666666666,18.433333333333337,origin
hafizhan pratama,2026-12-31,8,1112.0,80.53333333333333,19.46666666666667,origin
putri aminah,2026-12-31,12,1147.0,74.11666666666667,25.88333333333333,varian
dewi pratama,2026-12-31,12,1084.0,78.06666666666666,21.933333333333337,varian
fajar saputra,2026-12-31,8,973.0,68.21666666666667,31.78333333333333,origin
ayu ramadhan,2026-12-31,10,985.0,76.41666666666667,23.58333333333333,origin
dimas sari,2026-12-31,12,1197.0,87.95,12.049999999999995,origin
andi kusuma,2026-12-31,12,894.0,76.4,23.599999999999994,varian
rina setiawan,2026-12-31,13,1152.0,97.2,2.799999999999997,varian
hafizhan shidqi,2026-12-31,10,1296.0,81.6,18.40000000000001,origin
hafizhan setiawan,2026-12-31,10,950.0,67.83333333333334,32.16666666666666,varian
agus sari,2026-12-31,9,1064.0,71.23333333333333,28.766666666666666,origin
dewi lestari,2026-12-31,11,1151.0,77.68333333333334,22.316666666666663,varian
budi lestari,2026-12-31,10,926.0,77.43333333333334,22.566666666666663,varian
budi santoso,2026-12-31,14,992.0,84.53333333333333,15.466666666666669,varian
agus sari,2026-12-31,8,997.0,78.61666666666667,21.38333333333333,origin
siti kusuma,2026-12-31,12,1146.0,87.1,12.900000000000006,origin
dewi sari,2026-12-31,9,1268.0,79.63333333333333,20.366666666666674,origin
dimas sari,2026-12-31,12,915.0,81.75,18.25,varian
maya ramadhan,2026-12-31,10,1077.0,79.95,20.05,varian
budi wulandari,2026-12-31,11,1210.0,88.66666666666667,11.333333333333329,varian
nisa rahmawati,2026-12-31,11,966.0,82.6,17.400000000000006,origin
ayu saputra,2026-12-31,12,1259.0,93.98333333333332,6.016666666666666,origin
rizky saputra,2026-12-31,13,1103.0,79.88333333333333,20.116666666666674,varian
dewi saputra,2026-12-31,9,1234.0,72.56666666666666,27.433333333333337,varian
ayu saputra,2026-12-31,12,915.0,83.25,16.75,origin
rizky aminah,2026-12-31,10,956.0,77.93333333333334,22.066666666666663,varian
rizky hidayat,2026-12-31,12,1009.0,94.81666666666666,5.183333333333337,origin
dimas saputra,2026-12-31,8,888.0,71.8,28.200000000000003,origin
reza kusuma,2026-12-31,9,914.0,82.23333333333333,17.766666666666666,varian
rizky saputra,2026-12-31,10,1011.0,78.85,21.15000000000001,varian
budi saputra,2026-12-31,10,1186.0,78.26666666666667,21.73333333333333,varian
putri saputra,2026-12-31,8,1058.0,89.63333333333333,10.366666666666674,origin
rizky wulandari,2026-12-31,11,1300.0,95.16666666666669,4.833333333333329,varian
rina rahmawati,2026-12-31,13,1031.0,78.68333333333334,21.316666666666663,varian
dimas sari,2026-12-31,10,988.0,91.46666666666668,8.533333333333331,origin
maya wulandari,2026-12-31,13,1210.0,76.66666666666667,23.33333333333333,varian
agus sari,2026-12-31,12,930.0,83.5,16.5,origin
rina kusuma,2026-12-31,11,950.0,84.33333333333334,15.666666666666655,varian
ayu ramadhan,2026-12-31,10,1174.0,83.06666666666666,16.933333333333337,varian
budi kusuma,2026-12-31,9,1013.0,73.88333333333333,26.116666666666674,varian
maya saputra,2026-12-31,9,1157.0,86.28333333333333,13.716666666666669,varian
ayu pratama,2026-12-31,11,893.0,86.38333333333333,13.616666666666674,origin
siti aminah,2026-12-31,12,998.0,88.13333333333333,11.866666666666674,varian
budi ramadhan,2026-12-31,12,1083.0,89.55,10.450000000000005,varian
rina lestari,2026-12-31,9,1127.0,92.28333333333332,7.716666666666669,origin
agus sari,2026-12-31,13,1210.0,88.16666666666667,11.833333333333329,varian
hafizhan pratama,2026-12-31,13,1020.0,90.0,10.0,varian
agus shidqi,2026-12-31,9,1265.0,73.08333333333333,26.91666666666667,varian
hafizhan santoso,2026-12-31,10,996.0,71.6,28.40000000000001,origin
ayu kusuma,2026-12-31,11,956.0,82.43333333333334,17.566666666666663,origin
dewi sari,2026-12-31,9,1253.0,89.38333333333333,10.616666666666674,origin
dewi saputra,2026-12-31,13,1157.0,75.78333333333333,24.21666666666667,varian
andi ramadhan,2026-12-31,11,1148.0,85.63333333333333,14.366666666666674,origin
hafizhan ramadhan,2026-12-31,9,1029.0,75.65,24.349999999999994,origin
nisa sari,2026-12-31,10,1051.0,84.51666666666667,15.483333333333334,varian
rina kusuma,2026-12-31,10,1132.0,93.86666666666667,6.133333333333326,origin
putri aminah,2026-12-31,12,1002.0,74.7,25.3,origin
nisa hidayat,2026-12-31,11,1294.0,85.06666666666666,14.933333333333335,varian
rizky kusuma,2026-12-31,9,1093.0,75.21666666666667,24.78333333333333,varian
rina shidqi,2026-12-31,8,932.0,82.53333333333333,17.46666666666667,origin
hafizhan rahmawati,2026-12-31,11,1239.0,89.15,10.849999999999994,varian
andi setiawan,2026-12-31,8,886.0,71.76666666666667,28.23333333333333,origin
ayu lestari,2026-12-31,11,921.0,81.85,18.15000000000001,origin
ayu ramadhan,2026-12-31,8,1259.0,72.98333333333333,27.016666666666666,origin
rina kusuma,2026-12-31,8,1193.0,81.88333333333333,18.116666666666674,origin
dewi setiawan,2026-12-31,10,1267.0,84.61666666666667,15.383333333333326,varian
dewi pratama,2026-12-31,10,914.0,85.23333333333333,14.766666666666666,origin
rizky santoso,2026-12-31,8,885.0,71.75,28.25,origin
putri wulandari,2026-12-31,9,966.0,73.1,26.90000000000001,varian
budi kusuma,2026-12-31,11,1280.0,92.83333333333331,7.166666666666671,origin
maya kusuma,2026-12-31,10,1263.0,91.05,8.950000000000003,origin
putri kusuma,2026-12-31,13,1248.0,98.8,1.2000000000000028,varian
andi pratama,2026-12-31,9,1294.0,75.06666666666666,24.933333333333337,origin
reza saputra,2026-12-31,10,1217.0,93.78333333333332,6.216666666666669,varian
hafizhan hidayat,2026-12-31,8,1032.0,84.2,15.799999999999995,origin
maya aminah,2026-12-31,9,1010.0,70.33333333333333,29.66666666666667,origin
reza hidayat,2026-12-31,12,1045.0,92.41666666666669,7.583333333333329,varian
nisa rahmawati,2026-12-31,14,925.0,83.41666666666666,16.583333333333343,varian
ayu rahmawati,2026-12-31,11,956.0,77.43333333333334,22.566666666666663,origin
dewi rahmawati,2026-12-31,11,1089.0,93.15,6.849999999999994,varian
rizky sari,2026-12-31,12,1134.0,81.9,18.099999999999994,origin
siti hidayat,2026-12-31,12,1027.0,95.11666666666667,4.883333333333326,origin
hafizhan saputra,2026-12-31,10,1253.0,87.88333333333333,12.116666666666674,varian
rina setiawan,2026-12-31,11,1066.0,77.76666666666667,22.23333333333333,varian
hafizhan hidayat,2026-12-31,10,1237.0,82.61666666666667,17.383333333333326,varian
rizky sari,2026-12-31,11,918.0,81.8,18.200000000000003,origin
nisa kusuma,2026-12-31,10,1286.0,94.93333333333334,5.066666666666663,varian
agus santoso,2026-12-31,10,1002.0,81.7,18.3,origin
rizky santoso,2026-12-31,13,1026.0,80.1,19.90000000000001,varian
maya shidqi,2026-12-31,11,1140.0,75.5,24.5,origin
budi kusuma,2026-12-31,12,1132.0,75.36666666666667,24.63333333333333,varian
agus hidayat,2026-12-31,13,918.0,93.3,6.700000000000003,varian
dewi ramadhan,2026-12-31,12,1190.0,94.83333333333331,5.166666666666671,varian
rina wulandari,2026-12-31,10,1004.0,81.73333333333333,18.266666666666666,origin
budi ramadhan,2026-12-31,8,1036.0,84.26666666666667,15.733333333333334,origin
nisa aminah,2026-12-31,12,912.0,85.2,14.799999999999995,varian
fajar sari,2026-12-31,14,1191.0,82.85,17.150000000000006,varian
dimas wulandari,2026-12-31,12,1222.0,95.36666666666667,4.633333333333326,varian
dewi hidayat,2026-12-31,8,1099.0,70.31666666666666,29.683333333333337,origin
dimas pratama,2026-12-31,11,892.0,73.36666666666667,26.63333333333333,varian
putri shidqi,2026-12-31,9,1033.0,85.71666666666667,14.283333333333331,origin
rina santoso,2026-12-31,9,898.0,83.46666666666667,16.53333333333333,origin
ayu rahmawati,2026-12-31,14,968.0,84.13333333333333,15.866666666666674,varian
ayu saputra,2026-12-31,11,1295.0,80.08333333333333,19.91666666666667,varian
siti rahmawati,2026-12-31,10,949.0,80.81666666666666,19.183333333333337,origin
dewi sari,2026-12-31,13,1267.0,94.11666666666667,5.883333333333326,varian
rizky saputra,2026-12-31,9,948.0,77.8,22.200000000000003,varian
reza lestari,2026-12-31,14,1007.0,79.78333333333333,20.21666666666667,varian
siti pratama,2026-12-31,12,903.0,81.55,18.450000000000003,varian
putri wulandari,2026-12-31,14,1184.0,97.73333333333332,2.2666666666666657,varian
hafizhan ramadhan,2026-12-31,13,1178.0,87.63333333333333,12.366666666666674,varian
ayu santoso,2026-12-31,10,1168.0,81.46666666666667,18.53333333333333,varian
rizky setiawan,2026-12-31,13,888.0,87.8,12.200000000000005,varian
budi saputra,2026-12-31,10,1167.0,92.95,7.049999999999997,varian
rina rahmawati,2026-12-31,9,1133.0,92.38333333333333,7.616666666666674,origin
reza setiawan,2026-12-31,14,953.0,93.88333333333333,6.116666666666674,varian
budi pratama,2026-12-31,12,1174.0,77.56666666666666,22.433333333333337,origin
hafizhan wulandari,2026-12-31,10,1167.0,86.45,13.549999999999995,varian
fajar pratama,2026-12-31,11,988.0,82.96666666666667,17.03333333333333,origin
rina hidayat,2026-12-31,12,1057.0,82.61666666666667,17.383333333333326,varian
reza sari,2026-12-31,12,1159.0,87.31666666666666,12.683333333333335,origin
ayu aminah,2026-12-31,12,887.0,77.78333333333333,22.21666666666667,origin
budi wulandari,2026-12-31,10,1108.0,93.46666666666668,6.533333333333331,origin
siti ramadhan,2026-12-31,10,976.0,83.26666666666667,16.733333333333334,varian
nisa aminah,2026-12-31,10,1060.0,77.66666666666667,22.33333333333333,origin
rizky rahmawati,2026-12-31,12,1248.0,77.3,22.700000000000003,varian
maya hidayat,2026-12-31,9,1055.0,84.58333333333333,15.416666666666671,varian
fajar santoso,2026-12-31,13,891.0,81.35,18.65000000000001,varian
agus kusuma,2026-12-31,8,1048.0,69.46666666666667,30.53333333333333,origin
rina kusuma,2026-12-31,11,1048.0,88.96666666666667,11.033333333333331,origin
fajar hidayat,2026-12-31,8,933.0,77.55,22.450000000000003,origin
reza pratama,2026-12-31,13,1235.0,92.08333333333331,7.916666666666671,varian
maya aminah,2026-12-31,14,890.0,87.83333333333334,12.166666666666655,varian
rizky aminah,2026-12-31,8,938.0,77.63333333333333,22.366666666666674,origin
rizky lestari,2026-12-31,9,1020.0,70.5,29.5,origin
rina wulandari,2026-12-31,11,1233.0,92.05,7.950000000000003,origin
siti kusuma,2026-12-31,10,1218.0,87.3,12.700000000000005,varian
agus pratama,2026-12-31,10,1093.0,83.21666666666667,16.78333333333333,origin
andi shidqi,2026-12-31,11,1012.0,76.86666666666667,23.13333333333333,varian
maya shidqi,2026-12-31,9,1261.0,89.51666666666667,10.483333333333334,origin
nisa lestari,2026-12-31,12,1188.0,89.8,10.200000000000005,varian
dimas lestari,2026-12-31,14,1126.0,91.76666666666668,8.233333333333334,varian
budi saputra,2026-12-31,12,1137.0,78.95,21.05,varian
rina setiawan,2026-12-31,13,1041.0,93.85,6.150000000000006,varian
dimas aminah,2026-12-31,13,929.0,86.98333333333333,13.016666666666666,varian
reza aminah,2026-12-31,11,988.0,84.96666666666667,15.033333333333331,varian
rina wulandari,2026-12-31,12,1114.0,91.56666666666666,8.433333333333337,origin
nisa lestari,2026-12-31,10,1141.0,81.01666666666667,18.98333333333333,varian
rizky rahmawati,2026-12-31,11,924.0,80.4,19.599999999999994,varian
siti wulandari,2026-12-31,13,968.0,74.13333333333333,25.866666666666674,varian
ayu saputra,2026-12-31,12,1177.0,87.61666666666667,12.383333333333326,origin
reza hidayat,2026-12-31,13,1066.0,95.76666666666668,4.233333333333334,varian
fajar saputra,2026-12-31,12,1258.0,77.46666666666667,22.53333333333333,varian
rina sari,2026-12-31,11,1117.0,72.11666666666667,27.88333333333333,varian
putri setiawan,2026-12-31,10,1241.0,90.68333333333334,9.316666666666665,origin
dimas hidayat,2026-12-31,9,961.0,74.51666666666667,25.48333333333333,origin
rina sari,2026-12-31,11,1268.0,76.13333333333333,23.866666666666674,varian
nisa wulandari,2026-12-31,12,1019.0,78.48333333333333,21.516666666666666,varian
agus shidqi,2026-12-31,10,954.0,79.4,20.599999999999994,varian
nisa rahmawati,2026-12-31,12,1190.0,97.83333333333331,2.1666666666666714,origin
rizky hidayat,2026-12-31,9,1297.0,90.11666666666667,9.883333333333326,origin
siti setiawan,2026-12-31,11,1220.0,85.33333333333333,14.666666666666671,varian
fajar ramadhan,2026-12-31,12,1070.0,75.83333333333333,24.16666666666667,origin
rina saputra,2026-12-31,8,1111.0,90.51666666666668,9.483333333333334,origin
nisa wulandari,2026-12-31,10,1289.0,83.48333333333333,16.516666666666666,varian
nisa hidayat,2026-12-31,12,890.0,82.83333333333334,17.166666666666657,origin
dimas shidqi,2026-12-31,14,1243.0,93.71666666666668,6.283333333333331,varian
agus saputra,2026-12-31,11,1090.0,74.66666666666667,25.33333333333333,origin
reza rahmawati,2026-12-31,11,923.0,76.88333333333333,23.116666666666674,origin
hafizhan shidqi,2026-12-31,12,1048.0,85.46666666666667,14.533333333333331,origin
nisa saputra,2026-12-31,13,1266.0,92.6,7.400000000000006,varian
hafizhan pratama,2026-12-31,10,1004.0,75.23333333333333,24.766666666666666,varian
siti kusuma,2026-12-31,14,1047.0,90.45,9.549999999999995,varian
budi lestari,2026-12-31,10,1221.0,90.35,9.650000000000006,origin
rizky rahmawati,2026-12-31,12,1110.0,90.0,10.0,varian
fajar lestari,2026-12-31,10,1075.0,92.91666666666669,7.083333333333329,origin
fajar shidqi,2026-12-31,9,972.0,84.7,15.299999999999995,origin
dimas shidqi,2026-12-31,13,1189.0,76.31666666666666,23.683333333333337,varian
dewi sari,2026-12-31,13,1142.0,75.53333333333333,24.46666666666667,varian
rina lestari,2026-12-31,12,1007.0,83.28333333333333,16.71666666666667,varian
nisa ramadhan,2026-12-31,11,1212.0,81.7,18.3,origin
putri lestari,2026-12-31,10,939.0,75.65,24.349999999999994,origin
siti kusuma,2026-12-31,11,948.0,80.8,19.200000000000003,varian
rizky wulandari,2026-12-31,12,1213.0,80.21666666666667,19.78333333333333,varian
nisa pratama,2026-12-31,9,1254.0,74.4,25.599999999999994,origin
rizky pratama,2026-12-31,10,1277.0,79.78333333333333,20.21666666666667,varian
maya kusuma,2026-12-31,10,1131.0,83.85,16.150000000000006,origin
dimas aminah,2026-12-31,13,983.0,77.88333333333333,22.116666666666674,varian
maya saputra,2026-12-31,11,895.0,79.91666666666666,20.083333333333343,varian
rina rahmawati,2026-12-31,12,1079.0,85.98333333333333,14.016666666666666,origin
maya pratama,2026-12-31,10,899.0,79.98333333333333,20.016666666666666,origin
dimas saputra,2026-12-31,12,976.0,81.26666666666667,18.73333333333333,varian
budi ramadhan,2026-12-31,13,1029.0,90.15,9.849999999999994,varian
budi shidqi,2026-12-31,14,1089.0,91.15,8.849999999999994,varian
agus hidayat,2026-12-31,9,1145.0,72.58333333333333,27.41666666666667,origin
dewi aminah,2026-12-31,10,943.0,80.71666666666667,19.28333333333333,origin
budi setiawan,2026-12-31,14,1240.0,83.66666666666667,16.33333333333333,varian
rizky shidqi,2026-12-31,8,1034.0,79.23333333333333,20.766666666666666,origin
rizky pratama,2026-12-31,9,1255.0,79.41666666666667,20.58333333333333,origin
siti pratama,2026-12-31,12,1242.0,93.7,6.299999999999997,origin
fajar setiawan,2026-12-31,14,981.0,79.35,20.65000000000001,varian
ayu aminah,2026-12-31,11,995.0,86.58333333333333,13.416666666666671,varian
andi ramadhan,2026-12-31,10,917.0,78.78333333333333,21.21666666666667,varian
dimas santoso,2026-12-31,8,930.0,72.5,27.5,origin
maya saputra,2026-12-31,13,1216.0,88.26666666666667,11.733333333333334,varian
dewi kusuma,2026-12-31,13,1260.0,79.0,21.0,varian
fajar rahmawati,2026-12-31,11,957.0,82.45,17.549999999999997,origin
dimas pratama,2026-12-31,9,1028.0,85.63333333333333,14.366666666666674,origin
maya wulandari,2026-12-31,11,944.0,82.23333333333333,17.766666666666666,origin
agus santoso,2026-12-31,11,987.0,87.95,12.049999999999995,origin
putri shidqi,2026-12-31,10,1041.0,80.85,19.15000000000001,varian
rina lestari,2026-12-31,12,1023.0,95.05,4.950000000000003,origin
maya sari,2026-12-31,12,1134.0,85.4,14.599999999999994,varian
andi kusuma,2026-12-31,9,1226.0,82.43333333333334,17.566666666666663,varian
maya hidayat,2026-12-31,12,892.0,82.86666666666667,17.133333333333326,origin
andi wulandari,2026-12-31,8,1197.0,71.95,28.05,origin
dewi setiawan,2026-12-31,12,1254.0,88.9,11.099999999999994,origin
maya ramadhan,2026-12-31,8,1084.0,80.06666666666666,19.933333333333337,origin
putri rahmawati,2026-12-31,8,1261.0,93.01666666666668,6.983333333333334,origin
reza shidqi,2026-12-31,11,987.0,69.95,30.05,varian
reza wulandari,2026-12-31,12,1043.0,80.38333333333333,19.616666666666674,origin
fajar rahmawati,2026-12-31,10,1082.0,90.03333333333333,9.966666666666669,varian
maya hidayat,2026-12-31,12,1242.0,80.7,19.3,varian
fajar setiawan,2026-12-31,10,1137.0,93.95,6.049999999999997,origin
siti ramadhan,2026-12-31,8,1095.0,75.25,24.75,origin
andi kusuma,2026-12-31,13,1042.0,83.86666666666667,16.133333333333326,varian
dewi rahmawati,2026-12-31,10,911.0,73.68333333333334,26.316666666666663,varian
fajar sari,2026-12-31,14,1281.0,94.35,5.650000000000006,varian
ayu rahmawati,2026-12-31,13,954.0,88.9,11.099999999999994,varian
rizky aminah,2026-12-31,9,1242.0,82.7,17.299999999999997,varian
siti santoso,2026-12-31,11,1189.0,84.81666666666666,15.183333333333335,varian
ayu santoso,2026-12-31,14,1020.0,85.0,15.0,varian
siti kusuma,2026-12-31,10,1069.0,92.81666666666666,7.183333333333337,origin
dimas wulandari,2026-12-31,9,905.0,68.58333333333334,31.416666666666657,origin
dewi setiawan,2026-12-31,9,946.0,79.26666666666667,20.73333333333333,origin
agus wulandari,2026-12-31,12,1187.0,87.78333333333333,12.216666666666669,origin
maya sari,2026-12-31,11,887.0,84.78333333333333,15.216666666666669,varian
rina lestari,2026-12-31,10,927.0,75.45,24.55,origin
maya aminah,2026-12-31,12,947.0,85.78333333333333,14.216666666666669,varian
ayu pratama,2026-12-31,11,1107.0,79.95,20.05,origin
andi ramadhan,2026-12-31,11,1262.0,89.53333333333333,10.466666666666669,varian
dewi pratama,2026-12-31,11,1053.0,79.05,20.950000000000003,origin
agus sari,2026-12-31,10,1080.0,78.0,22.0,origin
hafizhan kusuma,2026-12-31,9,885.0,68.25,31.75,origin
budi kusuma,2026-12-31,11,1172.0,96.03333333333332,3.966666666666669,origin
maya santoso,2026-12-31,8,944.0,77.73333333333333,22.266666666666666,origin
nisa wulandari,2026-12-31,9,1146.0,87.6,12.400000000000006,origin
agus kusuma,2026-12-31,10,1028.0,69.13333333333333,30.866666666666674,varian
fajar shidqi,2026-12-31,8,1228.0,82.46666666666667,17.53333333333333,origin
nisa sari,2026-12-31,8,925.0,82.41666666666666,17.583333333333343,origin
hafizhan kusuma,2026-12-31,10,1207.0,82.11666666666667,17.883333333333326,varian
nisa pratama,2026-12-31,12,1092.0,74.7,25.3,varian
nisa santoso,2026-12-31,12,1106.0,79.93333333333334,20.066666666666663,varian
ayu hidayat,2026-12-31,10,1199.0,79.98333333333333,20.016666666666666,origin
dewi santoso,2026-12-31,10,1223.0,75.38333333333333,24.616666666666674,origin
reza ramadhan,2026-12-31,13,1232.0,98.53333333333332,1.4666666666666686,varian
siti hidayat,2026-12-31,9,985.0,89.91666666666667,10.083333333333329,origin
nisa saputra,2026-12-31,12,981.0,84.35,15.650000000000006,origin
putri kusuma,2026-12-31,10,904.0,88.56666666666666,11.433333333333335,varian
hafizhan ramadhan,2026-12-31,12,1068.0,87.8,12.200000000000005,varian
putri saputra,2026-12-31,12,1241.0,85.68333333333334,14.316666666666665,varian
budi sari,2026-12-31,8,1036.0,79.26666666666667,20.73333333333333,origin
rina santoso,2026-12-31,10,1175.0,78.08333333333333,21.91666666666667,varian
nisa setiawan,2026-12-31,11,1089.0,89.65,10.349999999999994,origin
putri lestari,2026-12-31,12,888.0,77.8,22.200000000000003,origin
rina wulandari,2026-12-31,13,1128.0,86.8,13.200000000000005,varian
rina rahmawati,2026-12-31,10,1260.0,88.0,12.0,varian
budi wulandari,2026-12-31,11,1087.0,89.61666666666667,10.383333333333326,origin
hafizhan santoso,2026-12-31,11,1235.0,82.08333333333333,17.91666666666667,origin
dewi saputra,2026-12-31,11,1184.0,91.23333333333332,8.766666666666666,origin
ayu santoso,2026-12-31,13,1054.0,84.06666666666666,15.933333333333335,varian
ayu wulandari,2026-12-31,10,1196.0,84.93333333333334,15.066666666666665,origin
maya shidqi,2026-12-31,11,1084.0,84.56666666666666,15.433333333333335,origin
dewi saputra,2026-12-31,12,1085.0,81.08333333333333,18.91666666666667,origin
hafizhan santoso,2026-12-31,12,1001.0,89.68333333333334,10.316666666666665,origin
budi wulandari,2026-12-31,10,989.0,74.98333333333333,25.016666666666666,varian
maya setiawan,2026-12-31,10,1182.0,81.7,18.3,varian
siti ramadhan,2026-12-31,11,964.0,77.56666666666666,22.433333333333337,origin
hafizhan rahmawati,2026-12-31,11,999.0,85.15,14.849999999999994,varian
hafizhan aminah,2026-12-31,14,1077.0,95.95,4.049999999999997,varian
dewi wulandari,2026-12-31,14,1081.0,96.01666666666668,3.9833333333333343,varian
dewi kusuma,2026-12-31,8,1249.0,87.81666666666666,12.183333333333335,origin
reza ramadhan,2026-12-31,12,1220.0,98.33333333333331,1.6666666666666714,origin
agus setiawan,2026-12-31,10,1080.0,86.5,13.5,varian
ayu pratama,2026-12-31,8,1233.0,82.55,17.450000000000003,origin
agus wulandari,2026-12-31,8,1209.0,82.15,17.849999999999994,origin
rizky ramadhan,2026-12-31,13,945.0,77.25,22.75,varian
rizky kusuma,2026-12-31,11,921.0,81.85,18.15000000000001,origin
agus wulandari,2026-12-31,9,918.0,73.8,26.200000000000003,origin
reza shidqi,2026-12-31,14,1089.0,91.15,8.849999999999994,varian
dimas aminah,2026-12-31,10,1146.0,82.6,17.400000000000006,varian
ayu lestari,2026-12-31,8,1187.0,76.78333333333333,23.21666666666667,origin
dimas santoso,2026-12-31,8,948.0,82.8,17.200000000000003,origin
hafizhan rahmawati,2026-12-31,12,1277.0,79.28333333333333,20.71666666666667,origin
maya rahmawati,2026-12-31,8,1001.0,83.68333333333334,16.316666666666663,origin
nisa saputra,2026-12-31,11,1155.0,79.25,20.75,varian
andi setiawan,2026-12-31,9,910.0,78.66666666666666,21.333333333333343,origin
agus aminah,2026-12-31,13,1075.0,80.91666666666667,19.08333333333333,varian
rina hidayat,2026-12-31,10,1149.0,87.65,12.349999999999994,varian
nisa setiawan,2026-12-31,12,1227.0,95.45,4.549999999999997,varian
ayu hidayat,2026-12-31,11,962.0,81.03333333333333,18.96666666666667,varian
siti setiawan,2026-12-31,12,984.0,81.4,18.599999999999994,varian
dimas aminah,2026-12-31,13,1016.0,79.93333333333334,20.066666666666663,varian
dewi sari,2026-12-31,12,1124.0,86.73333333333333,13.266666666666666,origin
nisa sari,2026-12-31,11,1177.0,74.61666666666667,25.38333333333333,varian
dimas sari,2026-12-31,12,1158.0,79.3,20.700000000000003,varian
maya ramadhan,2026-12-31,13,1203.0,91.55,8.450000000000003,varian
reza aminah,2026-12-31,14,1108.0,81.46666666666667,18.53333333333333,varian
siti rahmawati,2026-12-31,10,1050.0,72.5,27.5,origin
rizky kusuma,2026-12-31,14,1122.0,91.7,8.299999999999997,varian
reza wulandari,2026-12-31,12,1126.0,96.76666666666668,3.2333333333333343,origin
fajar saputra,2026-12-31,10,1290.0,91.5,8.5,origin
dewi kusuma,2026-12-31,10,1221.0,85.35,14.650000000000006,origin
hafizhan rahmawati,2026-12-31,8,1236.0,87.6,12.400000000000006,origin
siti setiawan,2026-12-31,9,1183.0,73.21666666666667,26.78333333333333,origin
ayu setiawan,2026-12-31,12,1227.0,83.45,16.549999999999997,origin
dimas wulandari,2026-12-31,12,1061.0,80.68333333333334,19.316666666666663,origin
reza rahmawati,2026-12-31,10,1176.0,86.6,13.400000000000006,varian
agus ramadhan,2026-12-31,9,932.0,84.03333333333333,15.966666666666669,origin
rizky shidqi,2026-12-31,13,967.0,89.11666666666667,10.883333333333326,varian
dimas kusuma,2026-12-31,8,1044.0,74.4,25.599999999999994,origin
reza rahmawati,2026-12-31,10,1002.0,73.7,26.3,varian
hafizhan kusuma,2026-12-31,11,969.0,81.15,18.849999999999994,varian
nisa hidayat,2026-12-31,14,1087.0,86.11666666666667,13.883333333333326,varian
agus saputra,2026-12-31,9,1076.0,74.93333333333334,25.066666666666663,varian
dewi santoso,2026-12-31,10,1214.0,80.23333333333333,19.766666666666666,origin
reza wulandari,2026-12-31,11,983.0,82.88333333333333,17.116666666666674,origin
maya lestari,2026-12-31,12,1115.0,81.58333333333333,18.41666666666667,origin
siti santoso,2026-12-31,8,1212.0,77.2,22.8,origin
andi ramadhan,2026-12-31,11,1237.0,95.61666666666667,4.383333333333326,varian
hafizhan wulandari,2026-12-31,14,919.0,83.31666666666666,16.683333333333337,varian
rizky rahmawati,2026-12-31,8,1125.0,70.75,29.25,origin
rizky wulandari,2026-12-31,11,966.0,91.1,8.900000000000006,varian
agus aminah,2026-12-31,10,972.0,78.2,21.8,varian
dimas santoso,2026-12-31,8,1230.0,82.5,17.5,origin
andi sari,2026-12-31,10,891.0,79.85,20.15000000000001,origin
dewi rahmawati,2026-12-31,10,1225.0,78.91666666666667,21.08333333333333,varian
hafizhan rahmawati,2026-12-31,12,1091.0,88.18333333333334,11.816666666666665,varian
budi santoso,2026-12-31,10,1076.0,72.93333333333334,27.066666666666663,origin
rina saputra,2026-12-31,11,1279.0,76.31666666666666,23.683333333333337,varian
agus ramadhan,2026-12-31,11,890.0,89.83333333333334,10.166666666666655,varian
dimas saputra,2026-12-31,11,1269.0,81.15,18.849999999999994,varian
rina saputra,2026-12-31,9,1071.0,84.85,15.150000000000006,varian
hafizhan saputra,2026-12-31,10,1143.0,89.05,10.950000000000005,origin
siti pratama,2026-12-31,12,925.0,73.41666666666666,26.583333333333343,origin
siti lestari,2026-12-31,9,946.0,79.26666666666667,20.73333333333333,origin
nisa rahmawati,2026-12-31,11,978.0,77.8,22.200000000000003,origin
agus rahmawati,2026-12-31,9,1260.0,78.0,22.0,varian
rizky saputra,2026-12-31,9,1205.0,82.08333333333333,17.91666666666667,varian
nisa saputra,2026-12-31,11,1016.0,86.93333333333334,13.066666666666665,varian
dewi ramadhan,2026-12-31,9,922.0,77.36666666666667,22.63333333333333,varian
dewi rahmawati,2026-12-31,8,1282.0,88.36666666666667,11.633333333333326,origin
siti saputra,2026-12-31,11,945.0,92.25,7.75,origin
dewi kusuma,2026-12-31,12,1242.0,95.7,4.299999999999997,varian
dewi kusuma,2026-12-31,11,1085.0,84.58333333333333,15.416666666666671,origin
nisa pratama,2026-12-31,9,1168.0,77.96666666666667,22.03333333333333,origin
dewi saputra,2026-12-31,13,941.0,87.18333333333334,12.816666666666665,varian
rizky pratama,2026-12-31,8,970.0,78.16666666666667,21.83333333333333,origin
nisa saputra,2026-12-31,11,902.0,81.53333333333333,18.46666666666667,origin
nisa santoso,2026-12-31,8,1148.0,86.13333333333333,13.866666666666674,origin
andi lestari,2026-12-31,10,898.0,81.96666666666667,18.03333333333333,varian
agus santoso,2026-12-31,8,1173.0,76.55,23.450000000000003,origin
reza sari,2026-12-31,13,1000.0,89.66666666666667,10.333333333333329,varian
agus wulandari,2026-12-31,12,885.0,76.25,23.75,varian
dewi kusuma,2026-12-31,11,1214.0,81.73333333333333,18.266666666666666,origin
ayu wulandari,2026-12-31,11,965.0,86.08333333333333,13.916666666666671,varian
maya lestari,2026-12-31,14,1137.0,91.95,8.049999999999997,varian
rizky setiawan,2026-12-31,12,983.0,72.88333333333333,27.116666666666674,varian
andi setiawan,2026-12-31,11,1063.0,81.21666666666667,18.78333333333333,varian
nisa sari,2026-12-31,12,1160.0,89.33333333333333,10.666666666666671,varian
ayu lestari,2026-12-31,9,1174.0,73.06666666666666,26.933333333333337,origin
reza saputra,2026-12-31,10,1028.0,87.13333333333333,12.866666666666674,origin
hafizhan shidqi,2026-12-31,11,1062.0,89.2,10.799999999999995,origin
maya saputra,2026-12-31,13,907.0,86.61666666666667,13.383333333333326,varian
rizky aminah,2026-12-31,12,1055.0,77.58333333333333,22.41666666666667,varian
budi santoso,2026-12-31,12,1175.0,77.58333333333333,22.41666666666667,origin
hafizhan kusuma,2026-12-31,12,1208.0,93.13333333333333,6.866666666666674,origin
dewi saputra,2026-12-31,12,1051.0,79.01666666666667,20.98333333333333,varian
maya lestari,2026-12-31,13,905.0,76.58333333333334,23.416666666666657,varian
putri aminah,2026-12-31,10,1121.0,87.18333333333334,12.816666666666665,varian
siti shidqi,2026-12-31,11,1269.0,82.65,17.349999999999994,origin
andi setiawan,2026-12-31,12,928.0,90.46666666666668,9.533333333333331,varian
siti santoso,2026-12-31,11,1148.0,80.63333333333333,19.366666666666674,origin
ayu sari,2026-12-31,9,954.0,72.9,27.099999999999994,varian
dewi setiawan,2026-12-31,13,912.0,88.2,11.799999999999995,varian
maya ramadhan,2026-12-31,11,1294.0,88.06666666666666,11.933333333333335,origin
fajar kusuma,2026-12-31,12,1020.0,85.0,15.0,origin
nisa kusuma,2026-12-31,10,1140.0,91.0,9.0,varian
hafizhan lestari,2026-12-31,11,1252.0,87.36666666666667,12.633333333333326,origin
hafizhan sari,2026-12-31,10,1083.0,83.05,16.950000000000003,origin
agus hidayat,2026-12-31,11,1023.0,73.55,26.450000000000003,origin
rizky setiawan,2026-12-31,12,1256.0,83.93333333333334,16.066666666666663,origin
siti shidqi,2026-12-31,12,1109.0,76.48333333333333,23.516666666666666,origin
dimas hidayat,2026-12-31,10,991.0,78.51666666666667,21.48333333333333,varian
fajar wulandari,2026-12-31,11,1203.0,91.55,8.450000000000003,origin
rizky saputra,2026-12-31,10,1159.0,81.31666666666666,18.683333333333337,varian
putri rahmawati,2026-12-31,12,971.0,81.18333333333334,18.816666666666663,varian
dewi saputra,2026-12-31,10,1066.0,92.76666666666668,7.233333333333334,origin
dimas hidayat,2026-12-31,8,985.0,83.41666666666667,16.58333333333333,origin
ayu hidayat,2026-12-31,10,886.0,89.76666666666667,10.233333333333334,origin
nisa lestari,2026-12-31,13,1175.0,76.08333333333333,23.91666666666667,varian
nisa shidqi,2026-12-31,9,1160.0,82.83333333333333,17.16666666666667,origin
reza saputra,2026-12-31,10,986.0,81.43333333333334,18.566666666666663,origin
putri aminah,2026-12-31,11,1105.0,84.91666666666667,15.083333333333329,origin
reza lestari,2026-12-31,12,1267.0,84.11666666666667,15.883333333333326,origin
rina pratama,2026-12-31,8,1125.0,75.75,24.25,origin
dimas sari,2026-12-31,9,1151.0,82.68333333333334,17.316666666666663,origin
budi santoso,2026-12-31,9,1014.0,70.4,29.599999999999994,origin
andi ramadhan,2026-12-31,12,1208.0,88.13333333333333,11.866666666666674,origin
rizky sari,2026-12-31,11,1187.0,93.28333333333332,6.716666666666669,varian
hafizhan santoso,2026-12-31,9,1142.0,87.53333333333333,12.466666666666669,origin
agus kusuma,2026-12-31,12,1272.0,91.2,8.799999999999997,varian
nisa wulandari,2026-12-31,9,1295.0,93.58333333333331,6.416666666666671,varian
dimas pratama,2026-12-31,11,1188.0,91.3,8.700000000000003,origin
budi sari,2026-12-31,8,1230.0,72.5,27.5,origin
andi aminah,2026-12-31,11,1182.0,96.2,3.799999999999997,origin
rizky shidqi,2026-12-31,9,1011.0,88.85,11.150000000000006,varian
rina aminah,2026-12-31,8,1173.0,81.55,18.450000000000003,origin
maya shidqi,2026-12-31,10,1192.0,71.86666666666667,28.13333333333333,varian
agus hidayat,2026-12-31,12,1218.0,88.3,11.700000000000005,origin
dimas setiawan,2026-12-31,10,1161.0,79.35,20.65000000000001,origin
andi rahmawati,2026-12-31,12,1276.0,99.26666666666668,0.7333333333333343,origin
hafizhan lestari,2026-12-31,11,1142.0,87.53333333333333,12.466666666666669,varian
maya aminah,2026-12-31,11,1224.0,76.9,23.099999999999994,origin
reza santoso,2026-12-31,9,1271.0,89.68333333333334,10.316666666666665,origin
rina sari,2026-12-31,11,1043.0,88.88333333333333,11.116666666666674,origin
putri santoso,2026-12-31,12,899.0,76.48333333333333,23.516666666666666,varian
andi santoso,2026-12-31,9,1029.0,85.65,14.349999999999994,origin
siti aminah,2026-12-31,13,1028.0,83.63333333333333,16.366666666666674,varian
rina santoso,2026-12-31,10,1172.0,83.03333333333333,16.96666666666667,varian
hafizhan pratama,2026-12-31,9,1033.0,90.71666666666668,9.283333333333331,origin
andi hidayat,2026-12-31,12,1092.0,76.2,23.8,origin
putri pratama,2026-12-31,8,1157.0,91.28333333333332,8.716666666666669,origin
dewi setiawan,2026-12-31,12,1051.0,77.51666666666667,22.48333333333333,varian
nisa shidqi,2026-12-31,14,1163.0,92.38333333333333,7.616666666666674,varian
putri saputra,2026-12-31,10,1061.0,74.68333333333334,25.316666666666663,varian
siti santoso,2026-12-31,10,1067.0,84.78333333333333,15.216666666666669,varian
ayu santoso,2026-12-31,12,1004.0,74.73333333333333,25.266666666666666,origin
rizky rahmawati,2026-12-31,10,988.0,83.46666666666667,16.53333333333333,varian
nisa rahmawati,2026-12-31,12,1080.0,91.0,9.0,origin
putri sari,2026-12-31,9,1001.0,68.68333333333334,31.316666666666663,varian
ayu ramadhan,2026-12-31,13,1168.0,80.96666666666667,19.03333333333333,varian
siti rahmawati,2026-12-31,9,1052.0,79.53333333333333,20.46666666666667,varian
agus sari,2026-12-31,10,1011.0,76.85,23.15000000000001,origin
dewi ramadhan,2026-12-31,12,1185.0,89.75,10.25,varian
siti aminah,2026-12-31,11,974.0,76.23333333333333,23.766666666666666,varian
siti kusuma,2026-12-31,11,952.0,85.86666666666667,14.133333333333326,varian
rizky sari,2026-12-31,9,1212.0,93.7,6.299999999999997,origin
andi sari,2026-12-31,13,1187.0,77.78333333333333,22.21666666666667,varian
dimas pratama,2026-12-31,13,1100.0,81.33333333333333,18.66666666666667,varian
andi saputra,2026-12-31,12,1021.0,90.01666666666667,9.983333333333334,origin
reza saputra,2026-12-31,13,1104.0,94.9,5.099999999999994,varian
dimas shidqi,2026-12-31,10,1208.0,88.63333333333333,11.366666666666674,varian
budi lestari,2026-12-31,11,932.0,82.03333333333333,17.96666666666667,origin
rina saputra,2026-12-31,12,947.0,88.78333333333333,11.216666666666669,origin
budi pratama,2026-12-31,10,1199.0,84.98333333333333,15.016666666666666,origin
budi shidqi,2026-12-31,10,1131.0,83.85,16.150000000000006,origin
rina rahmawati,2026-12-31,11,1185.0,88.25,11.75,varian
putri saputra,2026-12-31,12,906.0,91.6,8.400000000000006,varian
siti saputra,2026-12-31,12,971.0,84.18333333333334,15.816666666666665,origin
nisa ramadhan,2026-12-31,11,964.0,77.56666666666666,22.433333333333337,origin
dimas lestari,2026-12-31,9,1139.0,90.98333333333332,9.016666666666666,varian
andi lestari,2026-12-31,10,1016.0,80.43333333333334,19.566666666666663,varian
rina setiawan,2026-12-31,14,1081.0,91.01666666666668,8.983333333333334,varian
nisa setiawan,2026-12-31,10,1195.0,88.41666666666667,11.583333333333329,varian
budi ramadhan,2026-12-31,13,982.0,87.86666666666667,12.133333333333326,varian
agus ramadhan,2026-12-31,9,996.0,83.6,16.400000000000006,varian
agus ramadhan,2026-12-31,11,1132.0,85.36666666666667,14.633333333333326,origin
dewi setiawan,2026-12-31,12,1001.0,89.68333333333334,10.316666666666665,origin
agus sari,2026-12-31,8,1013.0,83.88333333333333,16.116666666666674,origin
hafizhan shidqi,2026-12-31,9,1175.0,88.08333333333333,11.916666666666671,origin
rina ramadhan,2026-12-31,10,908.0,80.13333333333333,19.866666666666674,origin
reza sari,2026-12-31,9,1211.0,78.68333333333334,21.316666666666663,origin
rizky santoso,2026-12-31,12,1065.0,72.75,27.25,varian
ayu sari,2026-12-31,10,1289.0,83.48333333333333,16.516666666666666,varian
agus rahmawati,2026-12-31,12,1054.0,89.06666666666666,10.933333333333335,varian
nisa lestari,2026-12-31,12,1025.0,95.08333333333331,4.916666666666671,origin
ayu wulandari,2026-12-31,11,918.0,75.3,24.700000000000003,varian
agus saputra,2026-12-31,12,1290.0,93.0,7.0,varian
siti pratama,2026-12-31,9,954.0,79.4,20.599999999999994,origin
dewi rahmawati,2026-12-31,13,1126.0,91.76666666666668,8.233333333333334,varian
putri aminah,2026-12-31,12,1260.0,79.0,21.0,origin
agus saputra,2026-12-31,10,1106.0,81.93333333333334,18.066666666666663,varian
agus wulandari,2026-12-31,12,942.0,72.2,27.8,varian
reza lestari,2026-12-31,12,942.0,80.7,19.3,varian
reza santoso,2026-12-31,9,1113.0,87.05,12.950000000000005,origin
andi kusuma,2026-12-31,12,1011.0,79.85,20.15000000000001,origin
ayu kusuma,2026-12-31,13,1298.0,84.63333333333333,15.366666666666674,varian
maya lestari,2026-12-31,10,1287.0,91.45,8.549999999999997,origin
maya pratama,2026-12-31,12,1131.0,88.85,11.150000000000006,varian
siti sari,2026-12-31,9,1275.0,94.75,5.25,origin
agus kusuma,2026-12-31,11,1092.0,84.7,15.299999999999995,origin
agus setiawan,2026-12-31,12,1079.0,85.98333333333333,14.016666666666666,origin
rina sari,2026-12-31,13,911.0,91.68333333333334,8.316666666666663,varian
andi lestari,2026-12-31,8,1256.0,77.93333333333334,22.066666666666663,origin
agus aminah,2026-12-31,11,1048.0,75.96666666666667,24.03333333333333,varian
rina sari,2026-12-31,11,1137.0,77.45,22.55,varian
fajar ramadhan,2026-12-31,8,1211.0,92.18333333333334,7.816666666666663,origin
rizky pratama,2026-12-31,9,1054.0,74.56666666666666,25.433333333333337,varian
rina lestari,2026-12-31,9,1169.0,86.48333333333333,13.516666666666666,varian
nisa lestari,2026-12-31,11,1290.0,86.5,13.5,varian
agus ramadhan,2026-12-31,10,1299.0,76.65,23.349999999999994,origin
budi hidayat,2026-12-31,8,1208.0,92.13333333333333,7.866666666666674,origin
ayu setiawan,2026-12-31,13,1179.0,91.15,8.849999999999994,varian
dewi kusuma,2026-12-31,9,1175.0,83.08333333333333,16.91666666666667,origin
hafizhan rahmawati,2026-12-31,14,1016.0,84.93333333333334,15.066666666666665,varian
reza ramadhan,2026-12-31,14,1024.0,95.06666666666666,4.933333333333337,varian
rina rahmawati,2026-12-31,11,1057.0,76.11666666666667,23.88333333333333,varian
fajar setiawan,2026-12-31,12,1044.0,78.9,21.099999999999994,varian
dewi hidayat,2026-12-31,12,1001.0,73.18333333333334,26.816666666666663,varian
siti saputra,2026-12-31,11,912.0,80.2,19.8,varian
dimas setiawan,2026-12-31,12,900.0,73.0,27.0,origin
hafizhan setiawan,2026-12-31,10,1150.0,74.16666666666667,25.83333333333333,origin
agus setiawan,2026-12-31,10,1279.0,93.31666666666666,6.683333333333337,varian
hafizhan shidqi,2026-12-31,10,983.0,71.38333333333333,28.616666666666674,origin
agus santoso,2026-12-31,12,1046.0,77.43333333333334,22.566666666666663,varian
fajar aminah,2026-12-31,10,986.0,89.93333333333334,10.066666666666665,varian
andi shidqi,2026-12-31,9,1238.0,87.63333333333333,12.366666666666674,varian
budi sari,2026-12-31,11,1163.0,89.38333333333333,10.616666666666674,varian
putri pratama,2026-12-31,11,1104.0,76.9,23.099999999999994,varian
fajar saputra,2026-12-31,8,923.0,87.38333333333333,12.616666666666674,origin
agus kusuma,2026-12-31,10,1180.0,79.66666666666667,20.33333333333333,origin
siti hidayat,2026-12-31,11,1017.0,80.45,19.55,varian
putri sari,2026-12-31,9,1288.0,79.96666666666667,20.03333333333333,origin
siti lestari,2026-12-31,12,1205.0,80.08333333333333,19.91666666666667,varian
maya wulandari,2026-12-31,12,940.0,85.66666666666666,14.333333333333345,varian
nisa kusuma,2026-12-31,9,1001.0,90.18333333333334,9.816666666666665,origin
dimas saputra,2026-12-31,11,1293.0,88.05,11.950000000000005,origin
siti kusuma,2026-12-31,13,1204.0,93.06666666666666,6.933333333333337,varian
hafizhan kusuma,2026-12-31,14,1214.0,88.23333333333333,11.766666666666666,varian
agus wulandari,2026-12-31,8,896.0,76.93333333333334,23.066666666666663,origin
maya pratama,2026-12-31,13,999.0,89.65,10.349999999999994,varian
ayu wulandari,2026-12-31,9,1274.0,89.73333333333333,10.266666666666666,origin
ayu aminah,2026-12-31,12,910.0,93.16666666666666,6.833333333333343,origin
ayu shidqi,2026-12-31,10,1034.0,87.23333333333333,12.766666666666666,origin
siti shidqi,2026-12-31,10,1133.0,83.88333333333333,16.116666666666674,origin
siti wulandari,2026-12-31,9,1287.0,74.95,25.05,origin
reza sari,2026-12-31,12,1220.0,76.83333333333333,23.16666666666667,varian
agus rahmawati,2026-12-31,12,1247.0,85.78333333333333,14.216666666666669,varian
putri santoso,2026-12-31,8,907.0,87.11666666666667,12.883333333333326,origin
budi wulandari,2026-12-31,12,1116.0,88.6,11.400000000000006,varian
maya setiawan,2026-12-31,11,1050.0,84.0,16.0,origin
hafizhan kusuma,2026-12-31,13,1080.0,89.5,10.5,varian
agus shidqi,2026-12-31,11,1204.0,85.06666666666666,14.933333333333335,varian
ayu saputra,2026-12-31,9,1292.0,85.03333333333333,14.966666666666669,origin
putri aminah,2026-12-31,13,1065.0,80.75,19.25,varian
siti kusuma,2026-12-31,12,978.0,84.3,15.700000000000005,origin
dimas setiawan,2026-12-31,10,988.0,83.46666666666667,16.53333333333333,varian
rina lestari,2026-12-31,10,1076.0,69.93333333333334,30.066666666666663,varian
ayu setiawan,2026-12-31,9,964.0,79.56666666666666,20.433333333333337,origin
reza setiawan,2026-12-31,8,904.0,82.06666666666666,17.933333333333337,origin
siti hidayat,2026-12-31,11,1278.0,74.8,25.200000000000003,varian
dimas santoso,2026-12-31,8,1156.0,91.26666666666668,8.733333333333334,origin
fajar hidayat,2026-12-31,12,1220.0,88.33333333333333,11.666666666666671,origin
rizky lestari,2026-12-31,10,1085.0,78.08333333333333,21.91666666666667,origin
rizky kusuma,2026-12-31,8,1139.0,85.98333333333333,14.016666666666666,origin
nisa rahmawati,2026-12-31,11,1280.0,84.83333333333333,15.166666666666671,varian
putri kusuma,2026-12-31,11,947.0,82.28333333333333,17.71666666666667,origin
fajar wulandari,2026-12-31,10,895.0,78.41666666666666,21.583333333333343,varian
budi ramadhan,2026-12-31,13,1118.0,86.63333333333333,13.366666666666674,varian
maya rahmawati,2026-12-31,11,1296.0,80.1,19.90000000000001,varian
putri ramadhan,2026-12-31,13,1172.0,77.53333333333333,22.46666666666667,varian
andi hidayat,2026-12-31,9,979.0,74.81666666666666,25.183333333333337,origin
fajar rahmawati,2026-12-31,11,993.0,83.05,16.950000000000003,origin
dimas wulandari,2026-12-31,14,891.0,77.85,22.15000000000001,varian
andi shidqi,2026-12-31,10,1126.0,80.76666666666667,19.23333333333333,varian
siti shidqi,2026-12-31,10,944.0,82.73333333333333,17.266666666666666,varian
rizky shidqi,2026-12-31,11,1108.0,93.46666666666668,6.533333333333331,varian
fajar rahmawati,2026-12-31,9,935.0,84.08333333333334,15.916666666666655,origin
reza hidayat,2026-12-31,11,1178.0,76.13333333333333,23.866666666666674,origin
rizky setiawan,2026-12-31,12,930.0,83.5,16.5,origin
ayu lestari,2026-12-31,9,1119.0,85.65,14.349999999999994,varian
budi sari,2026-12-31,8,943.0,77.71666666666667,22.28333333333333,origin
fajar rahmawati,2026-12-31,12,996.0,83.1,16.900000000000006,varian
rina rahmawati,2026-12-31,8,913.0,67.21666666666667,32.78333333333333,origin
maya saputra,2026-12-31,12,952.0,72.36666666666667,27.63333333333333,varian
hafizhan setiawan,2026-12-31,8,1203.0,77.05,22.950000000000003,origin
fajar lestari,2026-12-31,11,1263.0,87.55,12.450000000000005,origin
budi kusuma,2026-12-31,9,1151.0,81.18333333333334,18.816666666666663,varian
rizky shidqi,2026-12-31,11,1197.0,86.45,13.549999999999995,origin
ayu santoso,2026-12-31,8,1132.0,85.86666666666667,14.133333333333326,origin
reza setiawan,2026-12-31,13,1118.0,95.13333333333333,4.866666666666674,varian
andi hidayat,2026-12-31,10,1288.0,73.46666666666667,26.53333333333333,varian
agus sari,2026-12-31,10,1026.0,69.1,30.90000000000001,varian
budi kusuma,2026-12-31,9,920.0,83.83333333333334,16.166666666666657,origin
siti aminah,2026-12-31,13,977.0,72.78333333333333,27.21666666666667,varian
dimas kusuma,2026-12-31,9,1256.0,84.43333333333334,15.566666666666665,origin
siti setiawan,2026-12-31,8,1241.0,82.68333333333334,17.316666666666663,origin
fajar hidayat,2026-12-31,8,1229.0,87.48333333333333,12.516666666666666,origin
agus kusuma,2026-12-31,11,1129.0,77.31666666666666,22.683333333333337,varian
rizky ramadhan,2026-12-31,9,1160.0,82.83333333333333,17.16666666666667,origin
maya hidayat,2026-12-31,12,1276.0,89.26666666666667,10.733333333333334,origin
dimas aminah,2026-12-31,11,1008.0,76.8,23.200000000000003,varian
rina wulandari,2026-12-31,12,1050.0,77.5,22.5,varian
rizky santoso,2026-12-31,14,1267.0,84.11666666666667,15.883333333333326,varian
siti setiawan,2026-12-31,11,1029.0,83.65,16.349999999999994,origin
maya shidqi,2026-12-31,10,993.0,81.55,18.450000000000003,origin
maya ramadhan,2026-12-31,9,967.0,88.11666666666667,11.883333333333326,varian
hafizhan setiawan,2026-12-31,10,1007.0,76.78333333333333,23.21666666666667,origin
andi kusuma,2026-12-31,12,1116.0,90.1,9.900000000000006,varian
maya saputra,2026-12-31,12,1235.0,95.58333333333331,4.416666666666671,varian
putri sari,2026-12-31,10,1121.0,93.68333333333334,6.316666666666663,origin
rina setiawan,2026-12-31,8,1289.0,78.48333333333333,21.516666666666666,origin
fajar setiawan,2026-12-31,10,1159.0,92.81666666666666,7.183333333333337,varian
siti ramadhan,2026-12-31,10,946.0,82.76666666666667,17.233333333333334,varian
hafizhan rahmawati,2026-12-31,11,893.0,76.38333333333333,23.616666666666674,origin
hafizhan shidqi,2026-12-31,13,1009.0,84.81666666666666,15.183333333333335,varian
reza setiawan,2026-12-31,13,1207.0,83.11666666666667,16.883333333333326,varian
putri setiawan,2026-12-31,12,999.0,83.15,16.849999999999994,varian
budi ramadhan,2026-12-31,8,1164.0,86.4,13.599999999999994,origin
rina aminah,2026-12-31,11,1165.0,79.41666666666667,20.58333333333333,varian
putri aminah,2026-12-31,10,1292.0,86.53333333333333,13.466666666666669,origin
fajar shidqi,2026-12-31,10,1201.0,78.51666666666667,21.48333333333333,varian
rina santoso,2026-12-31,10,976.0,84.76666666666667,15.233333333333334,varian
reza kusuma,2026-12-31,9,937.0,84.11666666666667,15.883333333333326,origin
dewi shidqi,2026-12-31,10,1126.0,82.26666666666667,17.733333333333334,varian
maya pratama,2026-12-31,11,991.0,78.01666666666667,21.98333333333333,origin
hafizhan rahmawati,2026-12-31,8,902.0,77.03333333333333,22.96666666666667,origin
budi rahmawati,2026-12-31,8,1064.0,74.73333333333333,25.266666666666666,origin
agus rahmawati,2026-12-31,10,1031.0,77.18333333333334,22.816666666666663,origin
rina ramadhan,2026-12-31,12,1010.0,79.83333333333333,20.16666666666667,origin
fajar shidqi,2026-12-31,12,1097.0,89.78333333333333,10.216666666666669,varian
nisa santoso,2026-12-31,11,1111.0,72.01666666666667,27.98333333333333,varian
reza wulandari,2026-12-31,10,1007.0,85.28333333333333,14.716666666666669,varian
andi aminah,2026-12-31,9,1005.0,75.25,24.75,origin
putri lestari,2026-12-31,13,1012.0,78.36666666666667,21.63333333333333,varian
dimas ramadhan,2026-12-31,10,1149.0,71.15,28.849999999999994,varian
rizky ramadhan,2026-12-31,12,961.0,74.01666666666667,25.98333333333333,origin
reza rahmawati,2026-12-31,11,1215.0,80.25,19.75,varian
ayu wulandari,2026-12-31,9,1260.0,83.0,17.0,varian
agus aminah,2026-12-31,11,1132.0,80.36666666666667,19.63333333333333,origin
rizky setiawan,2026-12-31,10,1251.0,95.85,4.150000000000006,origin
budi saputra,2026-12-31,12,926.0,78.43333333333334,21.566666666666663,origin
rina setiawan,2026-12-31,9,1118.0,80.63333333333333,19.366666666666674,varian
rizky aminah,2026-12-31,13,990.0,88.0,12.0,varian
fajar shidqi,2026-12-31,11,1042.0,83.86666666666667,16.133333333333326,origin
andi setiawan,2026-12-31,12,1192.0,87.86666666666667,12.133333333333326,origin
rizky santoso,2026-12-31,8,1187.0,71.78333333333333,28.21666666666667,origin
agus lestari,2026-12-31,13,912.0,73.2,26.8,varian
reza rahmawati,2026-12-31,12,924.0,83.4,16.599999999999994,origin
fajar rahmawati,2026-12-31,10,1113.0,88.55,11.450000000000005,origin
rina pratama,2026-12-31,11,1055.0,81.08333333333333,18.91666666666667,varian
dewi pratama,2026-12-31,10,1109.0,83.48333333333333,16.516666666666666,origin
budi saputra,2026-12-31,13,1091.0,74.68333333333334,25.316666666666663,varian
andi saputra,2026-12-31,14,1013.0,94.88333333333333,5.116666666666674,varian
andi wulandari,2026-12-31,9,1152.0,86.2,13.799999999999995,varian
rizky aminah,2026-12-31,11,955.0,87.41666666666666,12.583333333333345,origin
rina lestari,2026-12-31,9,894.0,83.4,16.599999999999994,origin
dewi hidayat,2026-12-31,10,1004.0,76.73333333333333,23.266666666666666,origin
putri pratama,2026-12-31,10,1112.0,78.53333333333333,21.46666666666667,origin
ayu lestari,2026-12-31,8,942.0,67.7,32.3,origin
ayu rahmawati,2026-12-31,13,1051.0,75.51666666666667,24.48333333333333,varian
fajar rahmawati,2026-12-31,8,1260.0,73.0,27.0,origin
fajar saputra,2026-12-31,12,904.0,85.06666666666666,14.933333333333335,varian
agus pratama,2026-12-31,11,960.0,77.5,22.5,origin
dimas kusuma,2026-12-31,9,1276.0,79.76666666666667,20.23333333333333,origin
reza aminah,2026-12-31,12,1160.0,82.33333333333333,17.66666666666667,origin
siti aminah,2026-12-31,9,1000.0,85.16666666666667,14.833333333333329,origin
rizky santoso,2026-12-31,13,1225.0,91.91666666666669,8.083333333333329,varian
maya santoso,2026-12-31,9,928.0,78.96666666666667,21.03333333333333,origin
dewi lestari,2026-12-31,12,1028.0,78.63333333333333,21.366666666666674,varian
maya hidayat,2026-12-31,10,1264.0,89.56666666666666,10.433333333333335,varian
rina ramadhan,2026-12-31,9,942.0,84.2,15.799999999999995,origin
rizky pratama,2026-12-31,11,1082.0,84.53333333333333,15.466666666666669,origin
ayu aminah,2026-12-31,10,921.0,90.35,9.650000000000006,origin
putri sari,2026-12-31,10,1123.0,80.71666666666667,19.28333333333333,varian
budi pratama,2026-12-31,8,1156.0,81.26666666666667,18.73333333333333,origin
agus shidqi,2026-12-31,14,1148.0,92.13333333333333,7.866666666666674,varian
rizky ramadhan,2026-12-31,12,1293.0,93.05,6.950000000000003,varian
rina shidqi,2026-12-31,9,1060.0,74.66666666666667,25.33333333333333,varian
siti santoso,2026-12-31,13,1287.0,79.45,20.55,varian
dewi setiawan,2026-12-31,11,1193.0,83.38333333333333,16.616666666666674,varian
budi setiawan,2026-12-31,11,1103.0,76.88333333333333,23.116666666666674,varian
siti aminah,2026-12-31,11,1236.0,84.1,15.900000000000006,varian
dimas ramadhan,2026-12-31,10,1271.0,96.18333333333334,3.816666666666663,origin
siti saputra,2026-12-31,8,1270.0,78.16666666666667,21.83333333333333,origin
dewi ramadhan,2026-12-31,12,1129.0,75.31666666666666,24.683333333333337,varian
andi wulandari,2026-12-31,9,1020.0,79.0,21.0,varian
budi lestari,2026-12-31,12,1133.0,83.88333333333333,16.116666666666674,varian
fajar saputra,2026-12-31,11,974.0,82.73333333333333,17.266666666666666,origin
maya aminah,2026-12-31,12,1287.0,89.45,10.549999999999995,origin
dewi rahmawati,2026-12-31,13,1134.0,86.9,13.099999999999994,varian
fajar saputra,2026-12-31,11,1154.0,90.73333333333332,9.266666666666666,origin
agus ramadhan,2026-12-31,10,1104.0,78.4,21.599999999999994,origin
fajar santoso,2026-12-31,13,1101.0,79.85,20.15000000000001,varian
dewi rahmawati,2026-12-31,8,944.0,67.73333333333333,32.266666666666666,origin
siti pratama,2026-12-31,11,915.0,86.75,13.25,origin
andi pratama,2026-12-31,12,1139.0,85.48333333333333,14.516666666666666,varian
ayu saputra,2026-12-31,11,1004.0,93.23333333333332,6.766666666666666,origin
agus hidayat,2026-12-31,11,1183.0,91.21666666666668,8.783333333333331,origin
rina shidqi,2026-12-31,10,965.0,86.08333333333333,13.916666666666671,origin
dewi shidqi,2026-12-31,13,1154.0,85.73333333333333,14.266666666666666,varian
dewi wulandari,2026-12-31,11,970.0,84.66666666666667,15.333333333333329,varian
andi rahmawati,2026-12-31,10,950.0,85.83333333333334,14.166666666666655,origin
agus saputra,2026-12-31,12,1164.0,82.4,17.599999999999994,origin
andi aminah,2026-12-31,10,1173.0,93.05,6.950000000000003,varian
rina saputra,2026-12-31,12,1098.0,89.8,10.200000000000005,varian
siti santoso,2026-12-31,10,1000.0,80.16666666666667,19.83333333333333,varian
hafizhan rahmawati,2026-12-31,10,1043.0,82.38333333333333,17.616666666666674,origin
rizky wulandari,2026-12-31,9,1197.0,76.95,23.05,varian
dewi aminah,2026-12-31,13,1282.0,92.86666666666667,7.133333333333326,varian
putri lestari,2026-12-31,13,1115.0,95.08333333333331,4.916666666666671,varian
hafizhan rahmawati,2026-12-31,11,967.0,81.11666666666667,18.88333333333333,varian
reza sari,2026-12-31,10,1079.0,86.48333333333333,13.516666666666666,varian
reza lestari,2026-12-31,8,949.0,72.81666666666666,27.183333333333337,origin
agus wulandari,2026-12-31,13,1151.0,80.68333333333334,19.316666666666663,varian
putri lestari,2026-12-31,10,1164.0,74.4,25.599999999999994,origin
fajar ramadhan,2026-12-31,10,1038.0,89.3,10.700000000000005,varian
nisa sari,2026-12-31,8,1190.0,86.83333333333333,13.166666666666671,origin
reza shidqi,2026-12-31,13,942.0,88.7,11.299999999999995,varian
maya pratama,2026-12-31,9,1157.0,86.28333333333333,13.716666666666669,varian
nisa saputra,2026-12-31,13,1220.0,86.83333333333333,13.166666666666671,varian
dewi setiawan,2026-12-31,10,1215.0,95.25,4.75,origin
ayu wulandari,2026-12-31,12,1159.0,84.31666666666666,15.683333333333335,varian
fajar pratama,2026-12-31,13,1013.0,83.38333333333333,16.616666666666674,varian
nisa wulandari,2026-12-31,9,1124.0,82.23333333333333,17.766666666666666,origin
budi santoso,2026-12-31,11,977.0,84.78333333333333,15.216666666666669,varian
maya shidqi,2026-12-31,12,1103.0,86.38333333333333,13.616666666666674,origin
hafizhan aminah,2026-12-31,11,1231.0,97.01666666666668,2.9833333333333343,origin
ayu santoso,2026-12-31,13,1216.0,81.76666666666667,18.23333333333333,varian
agus sari,2026-12-31,11,984.0,92.9,7.099999999999994,origin
putri santoso,2026-12-31,12,1028.0,77.13333333333333,22.866666666666674,varian
siti aminah,2026-12-31,14,1186.0,97.76666666666668,2.2333333333333343,varian
dimas santoso,2026-12-31,13,1203.0,96.55,3.450000000000003,varian
rizky lestari,2026-12-31,10,1198.0,78.46666666666667,21.53333333333333,varian
budi hidayat,2026-12-31,11,1264.0,86.06666666666666,13.933333333333335,varian
agus sari,2026-12-31,9,985.0,69.91666666666667,30.08333333333333,origin
rizky rahmawati,2026-12-31,9,1030.0,69.16666666666667,30.83333333333333,varian
agus rahmawati,2026-12-31,10,1091.0,78.18333333333334,21.816666666666663,origin
rizky wulandari,2026-12-31,11,1203.0,91.55,8.450000000000003,origin
siti aminah,2026-12-31,12,1150.0,87.16666666666667,12.833333333333329,origin
andi ramadhan,2026-12-31,12,1072.0,89.36666666666667,10.633333333333326,varian
rina ramadhan,2026-12-31,12,917.0,75.28333333333333,24.71666666666667,varian
rizky lestari,2026-12-31,12,1124.0,96.73333333333332,3.2666666666666657,origin
ayu sari,2026-12-31,11,977.0,81.28333333333333,18.71666666666667,varian
andi wulandari,2026-12-31,9,1106.0,86.93333333333334,13.066666666666665,origin
agus pratama,2026-12-31,8,1066.0,89.76666666666667,10.233333333333334,origin
putri shidqi,2026-12-31,10,1192.0,74.86666666666667,25.13333333333333,origin
dimas santoso,2026-12-31,10,916.0,75.26666666666667,24.73333333333333,origin
fajar shidqi,2026-12-31,9,1149.0,77.65,22.349999999999994,origin
hafizhan setiawan,2026-12-31,9,1123.0,77.21666666666667,22.78333333333333,origin
fajar kusuma,2026-12-31,10,1210.0,78.66666666666667,21.33333333333333,varian
rina pratama,2026-12-31,12,1208.0,81.63333333333333,18.366666666666674,varian
rizky aminah,2026-12-31,9,948.0,82.8,17.200000000000003,varian
rizky setiawan,2026-12-31,8,1011.0,83.85,16.150000000000006,origin
dimas rahmawati,2026-12-31,9,974.0,73.23333333333333,26.766666666666666,varian
siti kusuma,2026-12-31,12,1122.0,83.7,16.299999999999997,varian
dimas setiawan,2026-12-31,13,1173.0,81.05,18.950000000000003,varian
ayu pratama,2026-12-31,12,1155.0,82.25,17.75,origin
budi lestari,2026-12-31,12,1061.0,80.68333333333334,19.316666666666663,origin
maya kusuma,2026-12-31,11,1236.0,92.1,7.900000000000006,origin
andi sari,2026-12-31,10,1016.0,88.93333333333334,11.066666666666665,varian
nisa wulandari,2026-12-31,12,960.0,81.0,19.0,varian
rizky wulandari,2026-12-31,11,949.0,79.31666666666666,20.683333333333337,varian
andi kusuma,2026-12-31,12,1272.0,79.2,20.8,origin
fajar shidqi,2026-12-31,11,1155.0,85.75,14.25,origin
putri setiawan,2026-12-31,9,1178.0,86.63333333333333,13.366666666666674,varian
putri sari,2026-12-31,10,1012.0,70.36666666666667,29.63333333333333,varian
reza wulandari,2026-12-31,13,1030.0,88.66666666666667,11.333333333333329,varian
nisa rahmawati,2026-12-31,12,926.0,81.93333333333334,18.066666666666663,varian
agus saputra,2026-12-31,9,1216.0,87.26666666666667,12.733333333333334,varian
dimas shidqi,2026-12-31,12,1097.0,78.28333333333333,21.71666666666667,varian
andi shidqi,2026-12-31,9,1163.0,91.38333333333333,8.616666666666674,varian
ayu lestari,2026-12-31,10,1254.0,74.4,25.599999999999994,varian
agus santoso,2026-12-31,12,903.0,81.55,18.450000000000003,varian
hafizhan sari,2026-12-31,10,1109.0,93.48333333333332,6.516666666666666,origin
andi sari,2026-12-31,9,1095.0,71.75,28.25,origin
dewi sari,2026-12-31,12,1209.0,93.15,6.849999999999994,origin
hafizhan hidayat,2026-12-31,10,966.0,91.1,8.900000000000006,origin
hafizhan setiawan,2026-12-31,13,1255.0,83.91666666666667,16.08333333333333,varian
agus saputra,2026-12-31,11,1263.0,84.55,15.450000000000005,varian
maya kusuma,2026-12-31,11,971.0,84.68333333333334,15.316666666666665,varian
andi aminah,2026-12-31,8,921.0,77.35,22.65000000000001,origin
budi shidqi,2026-12-31,13,902.0,71.53333333333333,28.46666666666667,varian
siti aminah,2026-12-31,10,1144.0,84.06666666666666,15.933333333333335,origin
budi wulandari,2026-12-31,12,917.0,86.78333333333333,13.216666666666669,varian
reza kusuma,2026-12-31,9,983.0,73.38333333333333,26.616666666666674,varian
ayu lestari,2026-12-31,12,1190.0,79.83333333333333,20.16666666666667,varian
budi sari,2026-12-31,10,1272.0,91.2,8.799999999999997,origin
budi wulandari,2026-12-31,8,979.0,78.31666666666666,21.683333333333337,origin
andi rahmawati,2026-12-31,14,1105.0,91.41666666666669,8.583333333333329,varian
reza pratama,2026-12-31,11,1117.0,73.61666666666667,26.38333333333333,varian
nisa shidqi,2026-12-31,14,976.0,84.26666666666667,15.733333333333334,varian
putri aminah,2026-12-31,12,1061.0,75.68333333333334,24.316666666666663,origin
hafizhan ramadhan,2026-12-31,11,1009.0,88.31666666666666,11.683333333333335,origin
putri rahmawati,2026-12-31,9,1071.0,84.85,15.150000000000006,varian
putri saputra,2026-12-31,13,1018.0,83.46666666666667,16.53333333333333,varian
fajar hidayat,2026-12-31,12,987.0,81.45,18.55,varian
reza wulandari,2026-12-31,10,985.0,76.41666666666667,23.58333333333333,origin
ayu aminah,2026-12-31,8,918.0,82.3,17.700000000000003,origin
maya ramadhan,2026-12-31,11,1086.0,79.6,20.40000000000001,origin
dewi shidqi,2026-12-31,9,972.0,78.2,21.8,varian
nisa ramadhan,2026-12-31,12,1232.0,83.53333333333333,16.46666666666667,origin
rizky saputra,2026-12-31,11,1194.0,83.4,16.599999999999994,varian
budi kusuma,2026-12-31,13,1285.0,77.91666666666667,22.08333333333333,varian
siti kusuma,2026-12-31,14,1011.0,84.85,15.150000000000006,varian
dewi rahmawati,2026-12-31,11,1240.0,75.66666666666667,24.33333333333333,varian
nisa santoso,2026-12-31,14,963.0,74.05,25.950000000000003,varian
rina rahmawati,2026-12-31,12,981.0,86.35,13.650000000000006,varian
dewi kusuma,2026-12-31,8,1141.0,81.01666666666667,18.98333333333333,origin
maya hidayat,2026-12-31,10,904.0,85.06666666666666,14.933333333333335,origin
agus aminah,2026-12-31,12,1009.0,86.81666666666666,13.183333333333335,varian
nisa hidayat,2026-12-31,10,1088.0,81.63333333333333,18.366666666666674,varian
rizky pratama,2026-12-31,11,1007.0,93.28333333333332,6.716666666666669,origin
ayu rahmawati,2026-12-31,10,1237.0,75.61666666666667,24.38333333333333,origin
maya santoso,2026-12-31,12,1036.0,72.26666666666667,27.73333333333333,varian
hafizhan setiawan,2026-12-31,12,943.0,77.21666666666667,22.78333333333333,varian
siti sari,2026-12-31,9,1106.0,71.93333333333334,28.066666666666663,origin
rizky pratama,2026-12-31,14,1056.0,80.6,19.40000000000001,varian
rizky pratama,2026-12-31,9,1187.0,86.78333333333333,13.216666666666669,varian
rizky setiawan,2026-12-31,10,1203.0,80.05,19.950000000000003,origin
budi saputra,2026-12-31,12,1193.0,94.88333333333333,5.116666666666674,varian
dimas rahmawati,2026-12-31,12,1274.0,82.73333333333333,17.266666666666666,varian
fajar setiawan,2026-12-31,8,975.0,88.25,11.75,origin
rina kusuma,2026-12-31,9,1200.0,73.5,26.5,origin
reza aminah,2026-12-31,12,1295.0,98.08333333333331,1.9166666666666716,varian
dimas lestari,2026-12-31,12,1011.0,79.85,20.15000000000001,origin
rizky aminah,2026-12-31,9,1181.0,78.18333333333334,21.816666666666663,origin
budi pratama,2026-12-31,12,1037.0,77.28333333333333,22.71666666666667,varian
rina kusuma,2026-12-31,8,924.0,77.4,22.599999999999994,origin
hafizhan ramadhan,2026-12-31,13,1193.0,86.38333333333333,13.616666666666674,varian
dimas pratama,2026-12-31,12,944.0,85.73333333333333,14.266666666666666,varian
dewi setiawan,2026-12-31,9,905.0,83.58333333333334,16.416666666666657,origin
ayu santoso,2026-12-31,9,1266.0,79.6,20.40000000000001,origin
hafizhan rahmawati,2026-12-31,12,970.0,94.16666666666669,5.833333333333329,origin
andi ramadhan,2026-12-31,10,1136.0,83.93333333333334,16.066666666666663,origin
nisa shidqi,2026-12-31,13,1171.0,92.51666666666668,7.483333333333334,varian
nisa saputra,2026-12-31,11,1100.0,91.83333333333331,8.166666666666671,varian
maya shidqi,2026-12-31,13,1135.0,75.41666666666667,24.58333333333333,varian
andi saputra,2026-12-31,11,974.0,81.23333333333333,18.766666666666666,varian
reza lestari,2026-12-31,8,961.0,73.01666666666667,26.98333333333333,origin
budi kusuma,2026-12-31,9,1262.0,89.53333333333333,10.466666666666669,origin
fajar lestari,2026-12-31,9,994.0,78.56666666666666,21.433333333333337,varian
rina santoso,2026-12-31,11,1238.0,92.13333333333333,7.866666666666674,origin
dimas setiawan,2026-12-31,9,1287.0,89.95,10.049999999999995,origin
putri aminah,2026-12-31,13,1162.0,85.86666666666667,14.133333333333326,varian
dewi sari,2026-12-31,10,986.0,86.43333333333334,13.566666666666665,origin
putri pratama,2026-12-31,10,1093.0,86.71666666666667,13.283333333333331,varian
reza sari,2026-12-31,10,980.0,88.33333333333333,11.666666666666671,varian
rina ramadhan,2026-12-31,11,939.0,87.15,12.849999999999994,origin
nisa kusuma,2026-12-31,12,1030.0,90.16666666666669,9.833333333333329,origin
rizky ramadhan,2026-12-31,8,1246.0,87.76666666666667,12.233333333333334,origin
budi lestari,2026-12-31,13,1297.0,99.61666666666667,0.3833333333333257,varian
andi setiawan,2026-12-31,11,1159.0,79.31666666666666,20.683333333333337,varian
nisa shidqi,2026-12-31,11,1262.0,91.03333333333332,8.966666666666669,varian
dewi sari,2026-12-31,11,1240.0,85.66666666666667,14.333333333333329,varian
nisa santoso,2026-12-31,10,1082.0,83.03333333333333,16.96666666666667,origin
reza lestari,2026-12-31,10,894.0,84.9,15.099999999999994,origin
agus santoso,2026-12-31,10,1092.0,78.2,21.8,origin
nisa santoso,2026-12-31,11,921.0,80.35,19.65000000000001,varian
dewi shidqi,2026-12-31,12,1086.0,83.1,16.900000000000006,varian
putri aminah,2026-12-31,13,1192.0,81.36666666666667,18.63333333333333,varian
rizky ramadhan,2026-12-31,9,1088.0,86.63333333333333,13.366666666666674,origin
siti santoso,2026-12-31,7,770.0,23.333333333333336,76.66666666666666,origin
putri rahmawati,2026-12-31,6,726.0,21.1,78.9,origin
maya saputra,2026-12-31,7,754.0,25.066666666666663,74.93333333333334,varian
reza hidayat,2026-12-31,6,764.0,21.73333333333333,78.26666666666667,origin
rina kusuma,2026-12-31,6,755.0,26.583333333333336,73.41666666666666,origin
putri ramadhan,2026-12-31,5,719.0,19.48333333333333,80.51666666666667,origin
budi setiawan,2026-12-31,6,757.0,21.616666666666667,78.38333333333333,origin
agus kusuma,2026-12-31,6,777.0,25.45,74.55,varian
andi sari,2026-12-31,5,707.0,19.28333333333333,80.71666666666667,origin
budi santoso,2026-12-31,9,702.0,27.2,72.8,varian
rina lestari,2026-12-31,8,749.0,21.48333333333333,78.51666666666667,varian
rina santoso,2026-12-31,6,752.0,21.53333333333333,78.46666666666667,origin
rina shidqi,2026-12-31,6,702.0,20.7,79.3,origin
putri shidqi,2026-12-31,9,778.0,23.46666666666667,76.53333333333333,varian
ayu pratama,2026-12-31,9,710.0,22.333333333333336,77.66666666666666,varian
siti aminah,2026-12-31,5,733.0,19.71666666666667,80.28333333333333,origin
siti shidqi,2026-12-31,4,719.0,22.98333333333333,77.01666666666667,origin
dewi shidqi,2026-12-31,7,703.0,20.71666666666667,79.28333333333333,varian
siti aminah,2026-12-31,8,748.0,21.46666666666667,78.53333333333333,varian
hafizhan lestari,2026-12-31,7,733.0,26.21666666666667,73.78333333333333,varian
dimas ramadhan,2026-12-31,5,792.0,20.7,79.3,origin
agus hidayat,2026-12-31,9,781.0,23.516666666666666,76.48333333333333,varian
siti ramadhan,2026-12-31,7,780.0,25.5,74.5,varian
reza santoso,2026-12-31,9,773.0,23.383333333333333,76.61666666666667,varian
hafizhan lestari,2026-12-31,4,736.0,18.266666666666666,81.73333333333333,origin
putri sari,2026-12-31,7,762.0,21.7,78.3,varian
putri kusuma,2026-12-31,7,753.0,23.05,76.95,origin
agus setiawan,2026-12-31,7,754.0,21.566666666666663,78.43333333333334,varian
nisa aminah,2026-12-31,6,789.0,19.15,80.85,varian
fajar lestari,2026-12-31,7,763.0,23.21666666666667,76.78333333333333,origin
maya ramadhan,2026-12-31,5,721.0,24.516666666666666,75.48333333333333,origin
reza pratama,2026-12-31,6,782.0,20.53333333333333,79.46666666666667,varian
reza kusuma,2026-12-31,5,760.0,20.166666666666664,79.83333333333334,origin
putri santoso,2026-12-31,7,719.0,19.48333333333333,80.51666666666667,varian
agus santoso,2026-12-31,6,727.0,26.116666666666667,73.88333333333333,origin
ayu aminah,2026-12-31,7,749.0,22.98333333333333,77.01666666666667,origin
reza kusuma,2026-12-31,4,750.0,23.5,76.5,origin
andi pratama,2026-12-31,7,742.0,27.866666666666667,72.13333333333333,origin
andi aminah,2026-12-31,5,705.0,19.25,80.75,origin
agus lestari,2026-12-31,7,717.0,22.45,77.55,origin
putri hidayat,2026-12-31,9,768.0,28.3,71.7,varian
fajar setiawan,2026-12-31,6,747.0,18.45,81.55,varian
maya ramadhan,2026-12-31,6,702.0,19.2,80.8,varian
maya aminah,2026-12-31,6,767.0,21.78333333333333,78.21666666666667,origin
maya shidqi,2026-12-31,6,720.0,18.0,82.0,varian
reza setiawan,2026-12-31,9,748.0,27.96666666666667,72.03333333333333,varian
budi lestari,2026-12-31,6,735.0,21.25,78.75,origin
hafizhan hidayat,2026-12-31,4,782.0,19.03333333333333,80.96666666666667,origin
andi shidqi,2026-12-31,7,794.0,23.73333333333333,76.26666666666667,origin
fajar shidqi,2026-12-31,5,770.0,20.333333333333336,79.66666666666666,origin
rizky ramadhan,2026-12-31,4,761.0,23.683333333333334,76.31666666666666,origin
maya setiawan,2026-12-31,8,736.0,26.266666666666666,73.73333333333333,varian
dewi ramadhan,2026-12-31,4,763.0,18.71666666666667,81.28333333333333,origin
budi rahmawati,2026-12-31,5,723.0,24.55,75.45,origin
maya rahmawati,2026-12-31,4,749.0,18.48333333333333,81.51666666666667,origin
rizky rahmawati,2026-12-31,9,794.0,28.73333333333333,71.26666666666667,varian
dimas santoso,2026-12-31,7,721.0,22.516666666666666,77.48333333333333,origin
putri shidqi,2026-12-31,6,798.0,19.3,80.7,varian
siti aminah,2026-12-31,9,712.0,22.366666666666667,77.63333333333333,varian
hafizhan aminah,2026-12-31,5,754.0,18.566666666666663,81.43333333333334,varian
maya ramadhan,2026-12-31,7,739.0,26.316666666666663,73.68333333333334,varian
rizky rahmawati,2026-12-31,6,700.0,19.166666666666664,80.83333333333334,varian
nisa lestari,2026-12-31,4,799.0,19.316666666666663,80.68333333333334,origin
budi hidayat,2026-12-31,4,739.0,18.316666666666663,81.68333333333334,origin
dimas sari,2026-12-31,5,718.0,24.46666666666667,75.53333333333333,origin
rizky aminah,2026-12-31,4,779.0,18.98333333333333,81.01666666666667,origin
dewi kusuma,2026-12-31,6,755.0,21.583333333333336,78.41666666666666,origin
ayu sari,2026-12-31,5,752.0,23.53333333333333,76.46666666666667,varian
dewi wulandari,2026-12-31,8,784.0,23.566666666666663,76.43333333333334,varian
hafizhan pratama,2026-12-31,9,767.0,23.28333333333333,76.71666666666667,varian
fajar hidayat,2026-12-31,8,708.0,27.3,72.7,varian
dewi saputra,2026-12-31,8,702.0,20.7,79.3,varian
reza wulandari,2026-12-31,7,767.0,23.28333333333333,76.71666666666667,origin
siti aminah,2026-12-31,4,766.0,23.766666666666666,76.23333333333333,origin
rizky sari,2026-12-31,8,788.0,23.633333333333333,76.36666666666667,varian
putri pratama,2026-12-31,5,760.0,23.666666666666664,76.33333333333334,varian
hafizhan kusuma,2026-12-31,5,792.0,20.7,79.3,origin
rizky rahmawati,2026-12-31,7,706.0,24.266666666666666,75.73333333333333,varian
dimas pratama,2026-12-31,6,705.0,24.25,75.75,varian
fajar sari,2026-12-31,7,796.0,20.766666666666666,79.23333333333333,varian
putri kusuma,2026-12-31,8,742.0,22.866666666666667,77.13333333333333,varian
nisa sari,2026-12-31,4,787.0,24.116666666666667,75.88333333333333,origin
ayu hidayat,2026-12-31,4,711.0,22.85,77.15,origin
fajar santoso,2026-12-31,6,752.0,26.53333333333333,73.46666666666667,origin
fajar saputra,2026-12-31,4,704.0,17.733333333333334,82.26666666666667,origin
andi santoso,2026-12-31,8,743.0,21.383333333333333,78.61666666666667,varian
fajar santoso,2026-12-31,6,766.0,21.766666666666666,78.23333333333333,origin
hafizhan aminah,2026-12-31,9,793.0,23.71666666666667,76.28333333333333,varian
budi shidqi,2026-12-31,6,760.0,21.666666666666664,78.33333333333334,origin
maya wulandari,2026-12-31,8,792.0,22.2,77.8,varian
maya hidayat,2026-12-31,6,778.0,26.96666666666667,73.03333333333333,origin
siti rahmawati,2026-12-31,4,782.0,19.03333333333333,80.96666666666667,origin
maya sari,2026-12-31,8,777.0,26.95,73.05,varian
dewi kusuma,2026-12-31,6,748.0,21.46666666666667,78.53333333333333,origin
siti saputra,2026-12-31,7,769.0,23.316666666666663,76.68333333333334,origin
budi sari,2026-12-31,5,759.0,23.65,76.35,varian
hafizhan pratama,2026-12-31,7,703.0,19.21666666666667,80.78333333333333,varian
dewi saputra,2026-12-31,6,771.0,20.35,79.65,varian
maya saputra,2026-12-31,8,722.0,21.03333333333333,78.96666666666667,varian
ayu lestari,2026-12-31,4,746.0,18.433333333333334,81.56666666666666,origin
dewi rahmawati,2026-12-31,7,747.0,21.45,78.55,varian
dimas kusuma,2026-12-31,7,785.0,20.583333333333336,79.41666666666666,varian
dimas sari,2026-12-31,5,791.0,20.683333333333334,79.31666666666666,origin
fajar shidqi,2026-12-31,7,761.0,21.683333333333334,78.31666666666666,varian
dimas pratama,2026-12-31,6,705.0,20.75,79.25,origin
rizky setiawan,2026-12-31,7,721.0,19.516666666666666,80.48333333333333,varian
nisa santoso,2026-12-31,5,783.0,20.55,79.45,origin
budi shidqi,2026-12-31,6,775.0,26.916666666666664,73.08333333333334,origin
andi kusuma,2026-12-31,8,795.0,27.25,72.75,varian
hafizhan saputra,2026-12-31,7,729.0,19.65,80.35,varian
fajar aminah,2026-12-31,6,733.0,18.21666666666667,81.78333333333333,varian
putri setiawan,2026-12-31,6,700.0,20.666666666666664,79.33333333333334,origin
ayu aminah,2026-12-31,6,718.0,20.96666666666667,79.03333333333333,origin
rina wulandari,2026-12-31,9,725.0,27.583333333333336,72.41666666666666,varian
ayu ramadhan,2026-12-31,4,734.0,23.23333333333333,76.76666666666667,origin
budi rahmawati,2026-12-31,5,758.0,25.133333333333333,74.86666666666667,origin
rina wulandari,2026-12-31,6,732.0,23.2,76.8,varian
nisa ramadhan,2026-12-31,6,753.0,20.05,79.95,varian
maya wulandari,2026-12-31,9,713.0,22.383333333333333,77.61666666666667,varian
ayu pratama,2026-12-31,7,766.0,20.266666666666666,79.73333333333333,varian
dimas pratama,2026-12-31,4,746.0,23.433333333333334,76.56666666666666,origin
siti hidayat,2026-12-31,8,733.0,22.71666666666667,77.28333333333333,varian
dimas pratama,2026-12-31,6,782.0,19.03333333333333,80.96666666666667,varian
nisa lestari,2026-12-31,6,703.0,25.71666666666667,74.28333333333333,origin
reza santoso,2026-12-31,7,738.0,21.3,78.7,varian
agus setiawan,2026-12-31,6,760.0,23.666666666666664,76.33333333333334,varian
siti ramadhan,2026-12-31,6,728.0,26.133333333333333,73.86666666666667,origin
ayu kusuma,2026-12-31,7,726.0,21.1,78.9,varian
andi ramadhan,2026-12-31,6,729.0,21.15,78.85,origin
budi sari,2026-12-31,4,790.0,19.166666666666664,80.83333333333334,origin
andi hidayat,2026-12-31,8,745.0,26.416666666666664,73.58333333333334,varian
fajar sari,2026-12-31,4,749.0,18.48333333333333,81.51666666666667,origin
dimas kusuma,2026-12-31,7,715.0,20.916666666666664,79.08333333333334,varian
dewi saputra,2026-12-31,5,747.0,24.95,75.05,origin
dewi wulandari,2026-12-31,7,784.0,23.566666666666663,76.43333333333334,origin
hafizhan wulandari,2026-12-31,7,754.0,23.066666666666663,76.93333333333334,origin
dimas hidayat,2026-12-31,5,739.0,19.816666666666663,80.18333333333334,origin
putri sari,2026-12-31,7,704.0,19.23333333333333,80.76666666666667,varian
putri saputra,2026-12-31,9,744.0,22.9,77.1,varian
siti rahmawati,2026-12-31,6,779.0,18.98333333333333,81.01666666666667,varian
andi pratama,2026-12-31,7,778.0,28.46666666666667,71.53333333333333,origin
nisa wulandari,2026-12-31,7,769.0,28.316666666666663,71.68333333333334,origin
nisa setiawan,2026-12-31,7,766.0,21.766666666666666,78.23333333333333,varian
rina ramadhan,2026-12-31,6,700.0,20.666666666666664,79.33333333333334,origin
andi pratama,2026-12-31,6,792.0,22.2,77.8,origin
siti pratama,2026-12-31,5,743.0,18.383333333333333,81.61666666666667,varian
andi sari,2026-12-31,7,767.0,26.78333333333333,73.21666666666667,varian
putri saputra,2026-12-31,6,739.0,18.316666666666663,81.68333333333334,varian
maya saputra,2026-12-31,7,757.0,23.116666666666667,76.88333333333333,origin
fajar rahmawati,2026-12-31,8,758.0,21.633333333333333,78.36666666666667,varian
andi hidayat,2026-12-31,9,800.0,23.833333333333336,76.16666666666666,varian
agus ramadhan,2026-12-31,6,768.0,21.8,78.2,origin
dewi pratama,2026-12-31,4,700.0,17.666666666666664,82.33333333333334,origin
reza setiawan,2026-12-31,9,745.0,22.916666666666664,77.08333333333334,varian
nisa kusuma,2026-12-31,7,732.0,22.7,77.3,origin
fajar aminah,2026-12-31,4,757.0,23.616666666666667,76.38333333333333,origin
ayu setiawan,2026-12-31,7,784.0,27.066666666666663,72.93333333333334,varian
hafizhan aminah,2026-12-31,4,719.0,17.983333333333334,82.01666666666667,origin
dimas aminah,2026-12-31,5,781.0,20.516666666666666,79.48333333333333,origin
rizky shidqi,2026-12-31,7,703.0,25.71666666666667,74.28333333333333,varian
dewi ramadhan,2026-12-31,6,763.0,18.71666666666667,81.28333333333333,varian
reza shidqi,2026-12-31,6,761.0,21.683333333333334,78.31666666666666,origin
agus ramadhan,2026-12-31,6,727.0,26.116666666666667,73.88333333333333,origin
fajar pratama,2026-12-31,8,702.0,20.7,79.3,varian
ayu santoso,2026-12-31,9,725.0,22.583333333333336,77.41666666666666,varian
reza lestari,2026-12-31,7,799.0,22.316666666666663,77.68333333333334,varian
rizky saputra,2026-12-31,4,779.0,18.98333333333333,81.01666666666667,origin
ayu ramadhan,2026-12-31,5,775.0,25.416666666666664,74.58333333333334,origin
hafizhan shidqi,2026-12-31,6,709.0,20.816666666666663,79.18333333333334,origin
ayu ramadhan,2026-12-31,5,739.0,19.816666666666663,80.18333333333334,origin
rina hidayat,2026-12-31,6,762.0,21.7,78.3,origin
budi santoso,2026-12-31,6,714.0,20.9,79.1,origin
agus sari,2026-12-31,8,712.0,27.366666666666667,72.63333333333333,varian
dimas ramadhan,2026-12-31,6,707.0,20.78333333333333,79.21666666666667,origin
rina pratama,2026-12-31,7,718.0,19.46666666666667,80.53333333333333,varian
rizky ramadhan,2026-12-31,6,775.0,21.916666666666664,78.08333333333334,origin
agus kusuma,2026-12-31,5,703.0,19.21666666666667,80.78333333333333,origin
dimas ramadhan,2026-12-31,5,722.0,19.53333333333333,80.46666666666667,origin
rizky pratama,2026-12-31,6,753.0,21.55,78.45,origin
maya pratama,2026-12-31,6,737.0,26.28333333333333,73.71666666666667,origin
dewi shidqi,2026-12-31,5,796.0,24.266666666666666,75.73333333333333,varian
agus hidayat,2026-12-31,6,775.0,26.916666666666664,73.08333333333334,origin
rizky rahmawati,2026-12-31,5,767.0,20.28333333333333,79.71666666666667,origin
dewi aminah,2026-12-31,7,757.0,23.116666666666667,76.88333333333333,origin
dewi sari,2026-12-31,6,703.0,25.71666666666667,74.28333333333333,origin
rina aminah,2026-12-31,4,711.0,17.85,82.15,origin
reza santoso,2026-12-31,6,767.0,21.78333333333333,78.21666666666667,origin
ayu setiawan,2026-12-31,4,781.0,19.016666666666666,80.98333333333333,origin
dewi kusuma,2026-12-31,6,716.0,20.933333333333334,79.06666666666666,origin
fajar ramadhan,2026-12-31,6,747.0,23.45,76.55,varian
siti aminah,2026-12-31,6,732.0,23.2,76.8,varian
nisa pratama,2026-12-31,9,747.0,22.95,77.05,varian
dewi sari,2026-12-31,6,771.0,21.85,78.15,origin
putri sari,2026-12-31,4,738.0,18.3,81.7,origin
agus ramadhan,2026-12-31,5,745.0,24.916666666666664,75.08333333333334,origin
ayu santoso,2026-12-31,7,790.0,28.666666666666664,71.33333333333334,origin
rina rahmawati,2026-12-31,7,727.0,19.616666666666667,80.38333333333333,varian
agus kusuma,2026-12-31,8,723.0,21.05,78.95,varian
ayu kusuma,2026-12-31,8,723.0,26.05,73.95,varian
fajar wulandari,2026-12-31,5,735.0,19.75,80.25,origin
fajar ramadhan,2026-12-31,7,706.0,27.266666666666666,72.73333333333333,origin
dewi kusuma,2026-12-31,7,731.0,22.683333333333334,77.31666666666666,origin
ayu aminah,2026-12-31,7,709.0,19.316666666666663,80.68333333333334,varian
maya hidayat,2026-12-31,6,701.0,20.683333333333334,79.31666666666666,origin
budi sari,2026-12-31,5,798.0,24.3,75.7,varian
nisa setiawan,2026-12-31,7,793.0,22.21666666666667,77.78333333333333,varian
rina lestari,2026-12-31,7,781.0,20.516666666666666,79.48333333333333,varian
nisa lestari,2026-12-31,4,748.0,23.46666666666667,76.53333333333333,origin
ayu pratama,2026-12-31,6,720.0,21.0,79.0,origin
hafizhan sari,2026-12-31,9,708.0,22.3,77.7,varian
putri kusuma,2026-12-31,7,759.0,23.15,76.85,origin
siti santoso,2026-12-31,7,738.0,19.8,80.2,varian
putri santoso,2026-12-31,5,775.0,18.916666666666664,81.08333333333334,varian
fajar rahmawati,2026-12-31,6,713.0,25.883333333333333,74.11666666666667,origin
ayu lestari,2026-12-31,7,756.0,23.1,76.9,origin
siti saputra,2026-12-31,9,775.0,28.416666666666664,71.58333333333334,varian
rina lestari,2026-12-31,4,763.0,18.71666666666667,81.28333333333333,origin
hafizhan santoso,2026-12-31,5,795.0,25.75,74.25,origin
maya hidayat,2026-12-31,8,744.0,22.9,77.1,varian
hafizhan saputra,2026-12-31,6,764.0,26.73333333333333,73.26666666666667,origin
andi aminah,2026-12-31,7,724.0,21.066666666666663,78.93333333333334,varian
putri rahmawati,2026-12-31,5,799.0,24.316666666666663,75.68333333333334,varian
andi rahmawati,2026-12-31,6,783.0,27.05,72.95,origin
siti setiawan,2026-12-31,7,705.0,27.25,72.75,origin
reza santoso,2026-12-31,7,723.0,21.05,78.95,varian
andi lestari,2026-12-31,7,709.0,20.816666666666663,79.18333333333334,varian
andi aminah,2026-12-31,8,731.0,21.183333333333334,78.81666666666666,varian
hafizhan lestari,2026-12-31,7,722.0,19.53333333333333,80.46666666666667,varian
siti setiawan,2026-12-31,7,773.0,26.883333333333333,73.11666666666667,varian
rina santoso,2026-12-31,8,756.0,23.1,76.9,varian
siti lestari,2026-12-31,8,710.0,20.833333333333336,79.16666666666666,varian
fajar pratama,2026-12-31,7,786.0,22.1,77.9,varian
maya aminah,2026-12-31,8,714.0,27.4,72.6,varian
ayu ramadhan,2026-12-31,6,726.0,21.1,78.9,origin
nisa ramadhan,2026-12-31,6,732.0,23.2,76.8,varian
fajar ramadhan,2026-12-31,7,799.0,23.816666666666663,76.18333333333334,origin
putri kusuma,2026-12-31,5,719.0,24.48333333333333,75.51666666666667,origin
andi setiawan,2026-12-31,6,776.0,21.933333333333334,78.06666666666666,origin
nisa lestari,2026-12-31,8,757.0,28.116666666666667,71.88333333333333,varian
agus aminah,2026-12-31,5,757.0,23.616666666666667,76.38333333333333,varian
dewi kusuma,2026-12-31,7,762.0,20.2,79.8,varian
budi saputra,2026-12-31,5,792.0,20.7,79.3,origin
budi shidqi,2026-12-31,8,778.0,23.46666666666667,76.53333333333333,varian
agus wulandari,2026-12-31,5,729.0,23.15,76.85,varian
siti setiawan,2026-12-31,5,710.0,19.333333333333336,80.66666666666666,origin
ayu pratama,2026-12-31,6,709.0,19.316666666666663,80.68333333333334,varian
rina hidayat,2026-12-31,6,730.0,21.166666666666664,78.83333333333334,origin
hafizhan shidqi,2026-12-31,5,739.0,18.316666666666663,81.68333333333334,varian
putri hidayat,2026-12-31,6,705.0,20.75,79.25,origin
rizky sari,2026-12-31,6,755.0,20.083333333333336,79.91666666666666,varian
putri rahmawati,2026-12-31,4,774.0,18.9,81.1,origin
rizky sari,2026-12-31,7,746.0,27.933333333333334,72.06666666666666,origin
siti setiawan,2026-12-31,6,743.0,24.883333333333333,75.11666666666667,varian
reza ramadhan,2026-12-31,5,705.0,19.25,80.75,origin
nisa wulandari,2026-12-31,9,733.0,22.71666666666667,77.28333333333333,varian
siti santoso,2026-12-31,5,761.0,25.183333333333334,74.81666666666666,origin
rina ramadhan,2026-12-31,5,762.0,23.7,76.3,varian
ayu hidayat,2026-12-31,5,751.0,18.516666666666666,81.48333333333333,varian
siti saputra,2026-12-31,4,724.0,23.066666666666663,76.93333333333334,origin
dewi setiawan,2026-12-31,7,736.0,27.766666666666666,72.23333333333333,origin
budi pratama,2026-12-31,7,786.0,23.6,76.4,origin
reza saputra,2026-12-31,9,766.0,23.266666666666666,76.73333333333333,varian
rizky hidayat,2026-12-31,5,738.0,19.8,80.2,origin
putri wulandari,2026-12-31,4,765.0,23.75,76.25,origin
fajar sari,2026-12-31,6,790.0,20.666666666666664,79.33333333333334,varian
putri kusuma,2026-12-31,6,733.0,26.21666666666667,73.78333333333333,origin
reza lestari,2026-12-31,7,754.0,23.066666666666663,76.93333333333334,origin
hafizhan setiawan,2026-12-31,8,772.0,23.366666666666667,76.63333333333333,varian
maya saputra,2026-12-31,6,702.0,25.7,74.3,origin
agus rahmawati,2026-12-31,8,754.0,21.566666666666663,78.43333333333334,varian
maya kusuma,2026-12-31,6,740.0,21.333333333333336,78.66666666666666,origin
maya hidayat,2026-12-31,7,749.0,27.98333333333333,72.01666666666667,origin
putri sari,2026-12-31,8,709.0,22.316666666666663,77.68333333333334,varian
rina ramadhan,2026-12-31,7,711.0,20.85,79.15,varian
fajar lestari,2026-12-31,5,716.0,24.433333333333334,75.56666666666666,origin
andi shidqi,2026-12-31,7,743.0,21.383333333333333,78.61666666666667,varian
andi saputra,2026-12-31,4,708.0,22.8,77.2,origin
reza ramadhan,2026-12-31,6,748.0,21.46666666666667,78.53333333333333,origin
nisa setiawan,2026-12-31,7,714.0,24.4,75.6,varian
budi kusuma,2026-12-31,8,760.0,23.166666666666664,76.83333333333334,varian
dimas hidayat,2026-12-31,5,787.0,25.616666666666667,74.38333333333333,origin
putri pratama,2026-12-31,6,753.0,20.05,79.95,varian
ayu santoso,2026-12-31,6,793.0,22.21666666666667,77.78333333333333,origin
rina lestari,2026-12-31,5,783.0,19.05,80.95,varian
budi saputra,2026-12-31,5,763.0,18.71666666666667,81.28333333333333,varian
putri wulandari,2026-12-31,6,783.0,19.05,80.95,varian
rizky aminah,2026-12-31,6,780.0,25.5,74.5,varian
dewi sari,2026-12-31,4,790.0,24.166666666666664,75.83333333333334,origin
andi kusuma,2026-12-31,8,718.0,20.96666666666667,79.03333333333333,varian
hafizhan rahmawati,2026-12-31,7,798.0,20.8,79.2,varian
dewi saputra,2026-12-31,7,795.0,22.25,77.75,varian
putri rahmawati,2026-12-31,7,779.0,25.48333333333333,74.51666666666667,varian
maya lestari,2026-12-31,7,710.0,22.333333333333336,77.66666666666666,origin
rizky shidqi,2026-12-31,7,775.0,20.416666666666664,79.58333333333334,varian
rizky kusuma,2026-12-31,7,724.0,24.566666666666663,75.43333333333334,varian
maya shidqi,2026-12-31,4,734.0,18.23333333333333,81.76666666666667,origin
hafizhan wulandari,2026-12-31,8,703.0,20.71666666666667,79.28333333333333,varian
hafizhan pratama,2026-12-31,4,793.0,24.21666666666667,75.78333333333333,origin
agus saputra,2026-12-31,6,797.0,20.78333333333333,79.21666666666667,varian
ayu pratama,2026-12-31,6,730.0,21.166666666666664,78.83333333333334,origin
dimas rahmawati,2026-12-31,4,774.0,18.9,81.1,origin
putri pratama,2026-12-31,5,733.0,24.71666666666667,75.28333333333333,origin
andi sari,2026-12-31,7,710.0,24.333333333333336,75.66666666666666,varian
budi kusuma,2026-12-31,6,711.0,20.85,79.15,origin
ayu pratama,2026-12-31,7,768.0,20.3,79.7,varian
dewi kusuma,2026-12-31,8,716.0,22.433333333333334,77.56666666666666,varian
rizky lestari,2026-12-31,5,736.0,24.766666666666666,75.23333333333333,origin
reza wulandari,2026-12-31,4,752.0,23.53333333333333,76.46666666666667,origin
hafizhan sari,2026-12-31,7,766.0,23.266666666666666,76.73333333333333,origin
rina rahmawati,2026-12-31,7,750.0,23.0,77.0,origin
dewi ramadhan,2026-12-31,7,762.0,28.2,71.8,origin
budi hidayat,2026-12-31,6,746.0,26.433333333333334,73.56666666666666,origin
agus kusuma,2026-12-31,8,727.0,22.616666666666667,77.38333333333333,varian
dimas kusuma,2026-12-31,4,787.0,19.116666666666667,80.88333333333333,origin
ayu shidqi,2026-12-31,5,794.0,20.73333333333333,79.26666666666667,origin
siti pratama,2026-12-31,5,798.0,24.3,75.7,varian
agus shidqi,2026-12-31,9,729.0,27.65,72.35,varian
putri aminah,2026-12-31,6,740.0,19.833333333333336,80.16666666666666,varian
dewi ramadhan,2026-12-31,4,761.0,18.683333333333334,81.31666666666666,origin
putri santoso,2026-12-31,9,785.0,23.583333333333336,76.41666666666666,varian
fajar pratama,2026-12-31,5,794.0,25.73333333333333,74.26666666666667,origin
fajar wulandari,2026-12-31,8,777.0,26.95,73.05,varian
fajar sari,2026-12-31,5,706.0,19.266666666666666,80.73333333333333,origin
nisa hidayat,2026-12-31,6,753.0,26.55,73.45,origin
siti ramadhan,2026-12-31,4,776.0,18.933333333333334,81.06666666666666,origin
andi sari,2026-12-31,6,786.0,27.1,72.9,origin
putri aminah,2026-12-31,7,762.0,23.2,76.8,origin
ayu aminah,2026-12-31,8,734.0,21.23333333333333,78.76666666666667,varian
fajar lestari,2026-12-31,7,781.0,23.516666666666666,76.48333333333333,origin
ayu rahmawati,2026-12-31,7,789.0,22.15,77.85,varian
rizky setiawan,2026-12-31,9,774.0,23.4,76.6,varian
putri setiawan,2026-12-31,6,706.0,25.766666666666666,74.23333333333333,origin
fajar pratama,2026-12-31,7,737.0,21.28333333333333,78.71666666666667,varian
budi shidqi,2026-12-31,7,753.0,21.55,78.45,varian
andi rahmawati,2026-12-31,7,723.0,19.55,80.45,varian
agus wulandari,2026-12-31,5,794.0,20.73333333333333,79.26666666666667,origin
budi santoso,2026-12-31,6,744.0,19.9,80.1,varian
dimas hidayat,2026-12-31,5,798.0,20.8,79.2,origin
rizky setiawan,2026-12-31,6,788.0,19.133333333333333,80.86666666666667,varian
rina kusuma,2026-12-31,8,792.0,27.2,72.8,varian
rina saputra,2026-12-31,6,714.0,17.9,82.1,varian
putri ramadhan,2026-12-31,4,755.0,18.583333333333336,81.41666666666666,origin
reza lestari,2026-12-31,4,734.0,18.23333333333333,81.76666666666667,origin
dimas sari,2026-12-31,7,797.0,27.28333333333333,72.71666666666667,varian
siti ramadhan,2026-12-31,7,743.0,24.883333333333333,75.11666666666667,varian
putri pratama,2026-12-31,5,762.0,18.7,81.3,varian
rina aminah,2026-12-31,6,791.0,24.183333333333334,75.81666666666666,varian
putri wulandari,2026-12-31,6,781.0,20.516666666666666,79.48333333333333,varian
rizky sari,2026-12-31,5,791.0,20.683333333333334,79.31666666666666,origin
maya shidqi,2026-12-31,7,794.0,20.73333333333333,79.26666666666667,varian
ayu sari,2026-12-31,4,734.0,23.23333333333333,76.76666666666667,origin
dimas hidayat,2026-12-31,7,751.0,23.016666666666666,76.98333333333333,origin
ayu rahmawati,2026-12-31,5,787.0,20.616666666666667,79.38333333333333,origin
ayu pratama,2026-12-31,9,764.0,23.23333333333333,76.76666666666667,varian
nisa ramadhan,2026-12-31,8,752.0,21.53333333333333,78.46666666666667,varian
hafizhan wulandari,2026-12-31,6,755.0,21.583333333333336,78.41666666666666,origin
maya shidqi,2026-12-31,4,735.0,23.25,76.75,origin
andi aminah,2026-12-31,6,741.0,21.35,78.65,origin
andi aminah,2026-12-31,8,707.0,22.28333333333333,77.71666666666667,varian
ayu aminah,2026-12-31,7,791.0,23.683333333333334,76.31666666666666,origin
fajar shidqi,2026-12-31,8,713.0,22.383333333333333,77.61666666666667,varian
nisa ramadhan,2026-12-31,7,705.0,19.25,80.75,varian
siti aminah,2026-12-31,7,740.0,22.833333333333336,77.16666666666666,origin
dimas ramadhan,2026-12-31,8,741.0,22.85,77.15,varian
hafizhan shidqi,2026-12-31,5,719.0,17.983333333333334,82.01666666666667,varian
dimas lestari,2026-12-31,4,772.0,18.866666666666667,81.13333333333333,origin
budi santoso,2026-12-31,4,706.0,17.766666666666666,82.23333333333333,origin
budi wulandari,2026-12-31,4,746.0,18.433333333333334,81.56666666666666,origin
hafizhan saputra,2026-12-31,6,730.0,26.166666666666664,73.83333333333334,origin
budi pratama,2026-12-31,7,776.0,26.933333333333334,73.06666666666666,varian
hafizhan hidayat,2026-12-31,5,798.0,20.8,79.2,origin
fajar ramadhan,2026-12-31,4,763.0,23.71666666666667,76.28333333333333,origin
dimas wulandari,2026-12-31,8,720.0,21.0,79.0,varian
nisa shidqi,2026-12-31,7,709.0,22.316666666666663,77.68333333333334,origin
andi rahmawati,2026-12-31,4,765.0,18.75,81.25,origin
dewi lestari,2026-12-31,4,767.0,23.78333333333333,76.21666666666667,origin
maya aminah,2026-12-31,6,758.0,20.133333333333333,79.86666666666667,varian
hafizhan rahmawati,2026-12-31,4,780.0,19.0,81.0,origin
dewi shidqi,2026-12-31,8,743.0,22.883333333333333,77.11666666666667,varian
maya lestari,2026-12-31,5,700.0,19.166666666666664,80.83333333333334,origin
dewi rahmawati,2026-12-31,7,780.0,20.5,79.5,varian
andi saputra,2026-12-31,7,718.0,24.46666666666667,75.53333333333333,varian
rizky shidqi,2026-12-31,7,711.0,19.35,80.65,varian
siti lestari,2026-12-31,5,744.0,23.4,76.6,varian
agus lestari,2026-12-31,6,792.0,27.2,72.8,origin
putri aminah,2026-12-31,6,774.0,20.4,79.6,varian
ayu wulandari,2026-12-31,7,706.0,22.266666666666666,77.73333333333333,origin
hafizhan hidayat,2026-12-31,7,742.0,26.366666666666667,73.63333333333333,varian
nisa shidqi,2026-12-31,7,786.0,20.6,79.4,varian
dewi kusuma,2026-12-31,6,755.0,21.583333333333336,78.41666666666666,origin
putri wulandari,2026-12-31,8,724.0,21.066666666666663,78.93333333333334,varian
reza rahmawati,2026-12-31,6,705.0,19.25,80.75,varian
nisa sari,2026-12-31,7,800.0,22.333333333333336,77.66666666666666,varian
rina aminah,2026-12-31,6,775.0,23.916666666666664,76.08333333333334,varian
fajar santoso,2026-12-31,7,779.0,23.48333333333333,76.51666666666667,origin
siti santoso,2026-12-31,7,798.0,20.8,79.2,varian
fajar saputra,2026-12-31,4,730.0,18.166666666666664,81.83333333333334,origin
hafizhan shidqi,2026-12-31,4,745.0,18.416666666666664,81.58333333333334,origin
rizky santoso,2026-12-31,5,794.0,20.73333333333333,79.26666666666667,origin
fajar saputra,2026-12-31,9,710.0,22.333333333333336,77.66666666666666,varian
siti santoso,2026-12-31,6,780.0,19.0,81.0,varian
agus kusuma,2026-12-31,5,768.0,20.3,79.7,origin
nisa sari,2026-12-31,7,750.0,28.0,72.0,origin
hafizhan santoso,2026-12-31,7,741.0,26.35,73.65,varian
andi rahmawati,2026-12-31,7,719.0,19.48333333333333,80.51666666666667,varian
andi ramadhan,2026-12-31,7,763.0,21.71666666666667,78.28333333333333,varian
siti kusuma,2026-12-31,7,790.0,23.666666666666664,76.33333333333334,origin
putri lestari,2026-12-31,8,737.0,22.78333333333333,77.21666666666667,varian
maya saputra,2026-12-31,7,713.0,20.883333333333333,79.11666666666667,varian
putri pratama,2026-12-31,6,791.0,20.683333333333334,79.31666666666666,varian
reza santoso,2026-12-31,7,792.0,28.7,71.3,origin
fajar setiawan,2026-12-31,4,781.0,19.016666666666666,80.98333333333333,origin
dimas wulandari,2026-12-31,6,752.0,18.53333333333333,81.46666666666667,varian
nisa hidayat,2026-12-31,5,782.0,20.53333333333333,79.46666666666667,origin
rizky sari,2026-12-31,6,752.0,20.03333333333333,79.96666666666667,varian
fajar santoso,2026-12-31,7,766.0,23.266666666666666,76.73333333333333,origin
siti kusuma,2026-12-31,5,737.0,18.28333333333333,81.71666666666667,varian
rina saputra,2026-12-31,4,796.0,24.266666666666666,75.73333333333333,origin
agus ramadhan,2026-12-31,9,757.0,23.116666666666667,76.88333333333333,varian
maya lestari,2026-12-31,5,750.0,25.0,75.0,origin
maya saputra,2026-12-31,7,721.0,24.516666666666666,75.48333333333333,varian
nisa saputra,2026-12-31,6,757.0,21.616666666666667,78.38333333333333,origin
rizky rahmawati,2026-12-31,7,704.0,22.23333333333333,77.76666666666667,origin
dewi santoso,2026-12-31,7,789.0,28.65,71.35,origin
siti rahmawati,2026-12-31,4,772.0,18.866666666666667,81.13333333333333,origin
reza ramadhan,2026-12-31,8,766.0,23.266666666666666,76.73333333333333,varian
reza saputra,2026-12-31,8,745.0,21.416666666666664,78.58333333333334,varian
dewi shidqi,2026-12-31,7,731.0,22.683333333333334,77.31666666666666,origin
budi pratama,2026-12-31,7,711.0,24.35,75.65,varian
reza sari,2026-12-31,5,727.0,24.616666666666667,75.38333333333333,origin
budi shidqi,2026-12-31,8,770.0,21.833333333333336,78.16666666666666,varian
nisa ramadhan,2026-12-31,6,758.0,18.633333333333333,81.36666666666667,varian
ayu lestari,2026-12-31,7,749.0,22.98333333333333,77.01666666666667,origin
nisa sari,2026-12-31,9,757.0,23.116666666666667,76.88333333333333,varian
budi shidqi,2026-12-31,7,765.0,25.25,74.75,varian
rina sari,2026-12-31,5,777.0,20.45,79.55,origin
rina rahmawati,2026-12-31,5,721.0,19.516666666666666,80.48333333333333,origin
reza lestari,2026-12-31,7,737.0,21.28333333333333,78.71666666666667,varian
maya shidqi,2026-12-31,5,750.0,20.0,80.0,origin
andi wulandari,2026-12-31,8,735.0,27.75,72.25,varian
rina lestari,2026-12-31,4,775.0,18.916666666666664,81.08333333333334,origin
siti sari,2026-12-31,7,743.0,22.883333333333333,77.11666666666667,origin
agus wulandari,2026-12-31,6,740.0,18.333333333333336,81.66666666666666,varian
nisa ramadhan,2026-12-31,4,777.0,18.95,81.05,origin
rizky saputra,2026-12-31,7,759.0,28.15,71.85,origin
fajar santoso,2026-12-31,8,739.0,22.816666666666663,77.18333333333334,varian
budi pratama,2026-12-31,4,736.0,18.266666666666666,81.73333333333333,origin
reza setiawan,2026-12-31,4,786.0,19.1,80.9,origin
nisa wulandari,2026-12-31,5,712.0,19.366666666666667,80.63333333333333,origin
rina hidayat,2026-12-31,5,711.0,22.85,77.15,varian
putri sari,2026-12-31,5,790.0,19.166666666666664,80.83333333333334,varian
dewi santoso,2026-12-31,5,734.0,18.23333333333333,81.76666666666667,varian
hafizhan setiawan,2026-12-31,4,750.0,23.5,76.5,origin
reza pratama,2026-12-31,4,728.0,18.133333333333333,81.86666666666667,origin
maya setiawan,2026-12-31,4,785.0,19.083333333333336,80.91666666666666,origin
dimas hidayat,2026-12-31,4,759.0,18.65,81.35,origin
reza shidqi,2026-12-31,8,788.0,23.633333333333333,76.36666666666667,varian
rizky pratama,2026-12-31,7,727.0,21.116666666666667,78.88333333333333,varian
andi kusuma,2026-12-31,6,710.0,19.333333333333336,80.66666666666666,varian
hafizhan wulandari,2026-12-31,6,744.0,18.4,81.6,varian
ayu lestari,2026-12-31,5,781.0,20.516666666666666,79.48333333333333,origin
reza setiawan,2026-12-31,8,772.0,23.366666666666667,76.63333333333333,varian
hafizhan shidqi,2026-12-31,4,789.0,19.15,80.85,origin
budi ramadhan,2026-12-31,8,745.0,22.916666666666664,77.08333333333334,varian
rina setiawan,2026-12-31,5,733.0,19.71666666666667,80.28333333333333,origin
siti lestari,2026-12-31,8,781.0,27.016666666666666,72.98333333333333,varian
reza wulandari,2026-12-31,6,791.0,24.183333333333334,75.81666666666666,varian
rizky setiawan,2026-12-31,8,797.0,27.28333333333333,72.71666666666667,varian
fajar aminah,2026-12-31,7,718.0,19.46666666666667,80.53333333333333,varian
agus kusuma,2026-12-31,7,729.0,22.65,77.35,origin
dimas wulandari,2026-12-31,8,753.0,21.55,78.45,varian
andi pratama,2026-12-31,5,773.0,20.383333333333333,79.61666666666667,origin
agus setiawan,2026-12-31,8,707.0,25.78333333333333,74.21666666666667,varian
dewi hidayat,2026-12-31,7,755.0,21.583333333333336,78.41666666666666,varian
siti ramadhan,2026-12-31,8,715.0,22.416666666666664,77.58333333333334,varian
maya pratama,2026-12-31,4,785.0,19.083333333333336,80.91666666666666,origin
andi pratama,2026-12-31,7,754.0,21.566666666666663,78.43333333333334,varian
nisa setiawan,2026-12-31,8,788.0,22.133333333333333,77.86666666666667,varian
fajar rahmawati,2026-12-31,6,752.0,26.53333333333333,73.46666666666667,origin
hafizhan saputra,2026-12-31,4,798.0,19.3,80.7,origin
dewi shidqi,2026-12-31,6,704.0,25.73333333333333,74.26666666666667,origin
fajar saputra,2026-12-31,6,740.0,18.333333333333336,81.66666666666666,varian
ayu lestari,2026-12-31,7,751.0,28.016666666666666,71.98333333333333,origin
dimas lestari,2026-12-31,6,753.0,18.55,81.45,varian
siti ramadhan,2026-12-31,7,746.0,21.433333333333334,78.56666666666666,varian
putri aminah,2026-12-31,4,717.0,22.95,77.05,origin
hafizhan aminah,2026-12-31,5,750.0,20.0,80.0,origin
hafizhan aminah,2026-12-31,6,772.0,18.866666666666667,81.13333333333333,varian
nisa shidqi,2026-12-31,8,781.0,22.016666666666666,77.98333333333333,varian
hafizhan ramadhan,2026-12-31,6,750.0,25.0,75.0,varian
ayu santoso,2026-12-31,4,709.0,22.816666666666663,77.18333333333334,origin
siti aminah,2026-12-31,7,705.0,19.25,80.75,varian
dewi rahmawati,2026-12-31,7,757.0,23.116666666666667,76.88333333333333,origin
budi kusuma,2026-12-31,9,736.0,27.766666666666666,72.23333333333333,varian
nisa shidqi,2026-12-31,4,770.0,18.833333333333336,81.16666666666666,origin
siti santoso,2026-12-31,8,706.0,20.766666666666666,79.23333333333333,varian
maya santoso,2026-12-31,8,700.0,20.666666666666664,79.33333333333334,varian
ayu wulandari,2026-12-31,7,710.0,24.333333333333336,75.66666666666666,varian
budi santoso,2026-12-31,6,786.0,25.6,74.4,varian
rina setiawan,2026-12-31,9,782.0,23.53333333333333,76.46666666666667,varian
putri shidqi,2026-12-31,7,708.0,22.3,77.7,origin
dimas sari,2026-12-31,8,731.0,22.683333333333334,77.31666666666666,varian
rizky setiawan,2026-12-31,5,756.0,18.6,81.4,varian
budi ramadhan,2026-12-31,7,716.0,27.433333333333334,72.56666666666666,origin
rizky pratama,2026-12-31,7,800.0,23.833333333333336,76.16666666666666,origin
ayu setiawan,2026-12-31,4,727.0,18.116666666666667,81.88333333333333,origin
dimas kusuma,2026-12-31,8,775.0,26.916666666666664,73.08333333333334,varian
dewi wulandari,2026-12-31,4,759.0,18.65,81.35,origin
agus santoso,2026-12-31,4,762.0,23.7,76.3,origin
dewi kusuma,2026-12-31,7,713.0,19.383333333333333,80.61666666666667,varian
rina ramadhan,2026-12-31,6,792.0,22.2,77.8,origin
fajar sari,2026-12-31,6,722.0,19.53333333333333,80.46666666666667,varian
hafizhan wulandari,2026-12-31,5,783.0,19.05,80.95,varian
fajar kusuma,2026-12-31,5,756.0,20.1,79.9,origin
ayu sari,2026-12-31,5,764.0,18.73333333333333,81.26666666666667,varian
reza kusuma,2026-12-31,7,718.0,25.96666666666667,74.03333333333333,varian
maya pratama,2026-12-31,7,784.0,23.566666666666663,76.43333333333334,origin
agus lestari,2026-12-31,6,798.0,22.3,77.7,origin
hafizhan sari,2026-12-31,7,724.0,24.566666666666663,75.43333333333334,varian
fajar lestari,2026-12-31,6,781.0,19.016666666666666,80.98333333333333,varian
dimas shidqi,2026-12-31,5,788.0,20.633333333333333,79.36666666666667,origin
nisa kusuma,2026-12-31,7,733.0,19.71666666666667,80.28333333333333,varian
fajar kusuma,2026-12-31,6,764.0,21.73333333333333,78.26666666666667,origin
putri sari,2026-12-31,6,724.0,21.066666666666663,78.93333333333334,origin
budi ramadhan,2026-12-31,7,774.0,23.4,76.6,origin
rizky santoso,2026-12-31,6,768.0,25.3,74.7,varian
ayu aminah,2026-12-31,4,759.0,18.65,81.35,origin
dewi saputra,2026-12-31,5,755.0,25.083333333333336,74.91666666666666,origin
rizky sari,2026-12-31,6,703.0,20.71666666666667,79.28333333333333,origin
dimas wulandari,2026-12-31,6,784.0,20.566666666666663,79.43333333333334,varian
reza wulandari,2026-12-31,7,734.0,22.73333333333333,77.26666666666667,origin
fajar wulandari,2026-12-31,5,737.0,19.78333333333333,80.21666666666667,origin
rizky shidqi,2026-12-31,6,702.0,20.7,79.3,origin
agus aminah,2026-12-31,6,766.0,18.766666666666666,81.23333333333333,varian
hafizhan shidqi,2026-12-31,5,800.0,20.833333333333336,79.16666666666666,origin
putri lestari,2026-12-31,6,760.0,21.666666666666664,78.33333333333334,origin
ayu saputra,2026-12-31,7,789.0,23.65,76.35,origin
budi ramadhan,2026-12-31,7,760.0,23.166666666666664,76.83333333333334,origin
dewi wulandari,2026-12-31,5,753.0,18.55,81.45,varian
budi pratama,2026-12-31,9,727.0,22.616666666666667,77.38333333333333,varian
maya saputra,2026-12-31,5,741.0,19.85,80.15,origin
maya kusuma,2026-12-31,7,781.0,25.516666666666666,74.48333333333333,varian
putri wulandari,2026-12-31,6,729.0,21.15,78.85,origin
budi rahmawati,2026-12-31,6,775.0,26.916666666666664,73.08333333333334,origin
budi rahmawati,2026-12-31,8,751.0,21.516666666666666,78.48333333333333,varian
nisa pratama,2026-12-31,5,767.0,23.78333333333333,76.21666666666667,varian
rina rahmawati,2026-12-31,5,757.0,23.616666666666667,76.38333333333333,varian
dewi shidqi,2026-12-31,6,772.0,18.866666666666667,81.13333333333333,varian
dimas pratama,2026-12-31,7,741.0,22.85,77.15,origin
dimas pratama,2026-12-31,6,755.0,20.083333333333336,79.91666666666666,varian
rizky lestari,2026-12-31,9,773.0,23.383333333333333,76.61666666666667,varian
siti setiawan,2026-12-31,6,734.0,21.23333333333333,78.76666666666667,origin
reza lestari,2026-12-31,4,763.0,18.71666666666667,81.28333333333333,origin
dimas sari,2026-12-31,4,762.0,23.7,76.3,origin
putri kusuma,2026-12-31,7,702.0,22.2,77.8,origin
reza saputra,2026-12-31,5,720.0,24.5,75.5,origin
rina rahmawati,2026-12-31,5,715.0,19.416666666666664,80.58333333333334,origin
agus kusuma,2026-12-31,9,719.0,27.48333333333333,72.51666666666667,varian
rina saputra,2026-12-31,4,712.0,22.866666666666667,77.13333333333333,origin
hafizhan wulandari,2026-12-31,8,798.0,23.8,76.2,varian
budi setiawan,2026-12-31,7,725.0,21.083333333333336,78.91666666666666,varian
nisa santoso,2026-12-31,7,794.0,25.73333333333333,74.26666666666667,varian
reza aminah,2026-12-31,9,755.0,23.083333333333336,76.91666666666666,varian
dewi kusuma,2026-12-31,7,703.0,22.21666666666667,77.78333333333333,origin
nisa santoso,2026-12-31,7,707.0,22.28333333333333,77.71666666666667,origin
ayu lestari,2026-12-31,6,741.0,23.35,76.65,varian
agus lestari,2026-12-31,7,744.0,27.9,72.1,origin
rizky pratama,2026-12-31,6,761.0,25.183333333333334,74.81666666666666,varian
budi hidayat,2026-12-31,8,783.0,27.05,72.95,varian
agus shidqi,2026-12-31,7,700.0,22.166666666666664,77.83333333333334,origin
budi shidqi,2026-12-31,6,747.0,19.95,80.05,varian
rizky rahmawati,2026-12-31,6,701.0,25.683333333333334,74.31666666666666,origin
maya kusuma,2026-12-31,4,768.0,18.8,81.2,origin
siti wulandari,2026-12-31,6,773.0,26.883333333333333,73.11666666666667,origin
agus aminah,2026-12-31,9,722.0,22.53333333333333,77.46666666666667,varian
dimas ramadhan,2026-12-31,7,747.0,21.45,78.55,varian
maya hidayat,2026-12-31,4,706.0,17.766666666666666,82.23333333333333,origin
rina wulandari,2026-12-31,5,800.0,19.333333333333336,80.66666666666666,varian
nisa ramadhan,2026-12-31,7,772.0,20.366666666666667,79.63333333333333,varian
hafizhan rahmawati,2026-12-31,6,742.0,26.366666666666667,73.63333333333333,origin
fajar sari,2026-12-31,6,755.0,18.583333333333336,81.41666666666666,varian
budi aminah,2026-12-31,7,762.0,23.2,76.8,origin
dewi aminah,2026-12-31,6,753.0,25.05,74.95,varian
rina shidqi,2026-12-31,5,714.0,19.4,80.6,origin
dewi sari,2026-12-31,6,755.0,20.083333333333336,79.91666666666666,varian
andi saputra,2026-12-31,4,744.0,23.4,76.6,origin
reza ramadhan,2026-12-31,7,738.0,22.8,77.2,origin
fajar sari,2026-12-31,6,721.0,19.516666666666666,80.48333333333333,varian
nisa santoso,2026-12-31,6,714.0,20.9,79.1,origin
ayu sari,2026-12-31,9,780.0,28.5,71.5,varian
maya pratama,2026-12-31,6,796.0,22.266666666666666,77.73333333333333,origin
dewi santoso,2026-12-31,7,776.0,23.433333333333334,76.56666666666666,origin
dimas hidayat,2026-12-31,6,714.0,17.9,82.1,varian
ayu setiawan,2026-12-31,7,701.0,22.183333333333334,77.81666666666666,origin
ayu rahmawati,2026-12-31,7,776.0,23.433333333333334,76.56666666666666,origin
fajar shidqi,2026-12-31,5,735.0,19.75,80.25,origin
andi pratama,2026-12-31,7,738.0,21.3,78.7,varian
budi rahmawati,2026-12-31,6,736.0,21.266666666666666,78.73333333333333,origin
nisa rahmawati,2026-12-31,4,735.0,23.25,76.75,origin
fajar sari,2026-12-31,7,715.0,19.416666666666664,80.58333333333334,varian
rina saputra,2026-12-31,5,740.0,18.333333333333336,81.66666666666666,varian
andi aminah,2026-12-31,8,768.0,23.3,76.7,varian
reza pratama,2026-12-31,7,795.0,23.75,76.25,origin
hafizhan saputra,2026-12-31,6,721.0,21.016666666666666,78.98333333333333,origin
andi pratama,2026-12-31,5,797.0,25.78333333333333,74.21666666666667,origin
rina setiawan,2026-12-31,7,787.0,28.616666666666667,71.38333333333333,origin
dewi pratama,2026-12-31,5,731.0,18.183333333333334,81.81666666666666,varian
putri lestari,2026-12-31,6,723.0,21.05,78.95,origin
dewi aminah,2026-12-31,5,780.0,19.0,81.0,varian
ayu pratama,2026-12-31,6,784.0,22.066666666666663,77.93333333333334,origin
budi sari,2026-12-31,5,755.0,20.083333333333336,79.91666666666666,origin
hafizhan shidqi,2026-12-31,6,704.0,25.73333333333333,74.26666666666667,origin
putri setiawan,2026-12-31,4,790.0,19.166666666666664,80.83333333333334,origin
nisa lestari,2026-12-31,8,757.0,23.116666666666667,76.88333333333333,varian
putri shidqi,2026-12-31,5,765.0,18.75,81.25,varian
rina saputra,2026-12-31,7,702.0,20.7,79.3,varian
rizky wulandari,2026-12-31,7,774.0,25.4,74.6,varian
nisa pratama,2026-12-31,7,706.0,22.266666666666666,77.73333333333333,origin
ayu wulandari,2026-12-31,6,713.0,20.883333333333333,79.11666666666667,origin
nisa sari,2026-12-31,9,735.0,22.75,77.25,varian
dewi wulandari,2026-12-31,6,782.0,20.53333333333333,79.46666666666667,varian
maya ramadhan,2026-12-31,6,716.0,17.933333333333334,82.06666666666666,varian
budi ramadhan,2026-12-31,4,712.0,22.866666666666667,77.13333333333333,origin
dewi aminah,2026-12-31,4,726.0,18.1,81.9,origin
budi ramadhan,2026-12-31,5,728.0,24.633333333333333,75.36666666666667,origin
ayu santoso,2026-12-31,5,733.0,19.71666666666667,80.28333333333333,origin
putri saputra,2026-12-31,6,789.0,22.15,77.85,origin
reza ramadhan,2026-12-31,5,800.0,19.333333333333336,80.66666666666666,varian
maya kusuma,2026-12-31,8,789.0,23.65,76.35,varian
rizky hidayat,2026-12-31,8,771.0,21.85,78.15,varian
agus kusuma,2026-12-31,7,770.0,20.333333333333336,79.66666666666666,varian
reza sari,2026-12-31,6,782.0,25.53333333333333,74.46666666666667,varian
nisa saputra,2026-12-31,6,766.0,21.766666666666666,78.23333333333333,origin
dewi saputra,2026-12-31,6,721.0,26.016666666666666,73.98333333333333,origin
hafizhan shidqi,2026-12-31,5,798.0,25.8,74.2,origin
maya ramadhan,2026-12-31,7,709.0,27.316666666666663,72.68333333333334,origin
budi aminah,2026-12-31,6,704.0,19.23333333333333,80.76666666666667,varian
dimas aminah,2026-12-31,6,795.0,22.25,77.75,origin
rizky saputra,2026-12-31,5,724.0,24.566666666666663,75.43333333333334,origin
andi sari,2026-12-31,8,773.0,28.383333333333333,71.61666666666667,varian
maya ramadhan,2026-12-31,6,710.0,25.833333333333336,74.16666666666666,origin
dimas aminah,2026-12-31,7,728.0,26.133333333333333,73.86666666666667,varian
putri setiawan,2026-12-31,9,787.0,23.616666666666667,76.38333333333333,varian
putri pratama,2026-12-31,8,742.0,27.866666666666667,72.13333333333333,varian
reza hidayat,2026-12-31,7,700.0,24.166666666666664,75.83333333333334,varian
agus aminah,2026-12-31,5,800.0,25.833333333333336,74.16666666666666,origin
reza aminah,2026-12-31,9,715.0,22.416666666666664,77.58333333333334,varian
dewi santoso,2026-12-31,7,778.0,26.96666666666667,73.03333333333333,varian
dewi kusuma,2026-12-31,6,760.0,25.166666666666664,74.83333333333334,varian
budi rahmawati,2026-12-31,7,771.0,21.85,78.15,varian
putri wulandari,2026-12-31,6,702.0,20.7,79.3,origin
siti shidqi,2026-12-31,6,722.0,18.03333333333333,81.96666666666667,varian
reza hidayat,2026-12-31,7,763.0,20.21666666666667,79.78333333333333,varian
maya sari,2026-12-31,4,794.0,19.23333333333333,80.76666666666667,origin
ayu sari,2026-12-31,7,793.0,23.71666666666667,76.28333333333333,origin
budi pratama,2026-12-31,6,731.0,19.683333333333334,80.31666666666666,varian
putri pratama,2026-12-31,7,790.0,23.666666666666664,76.33333333333334,origin
fajar ramadhan,2026-12-31,6,743.0,21.383333333333333,78.61666666666667,origin
nisa rahmawati,2026-12-31,7,747.0,24.95,75.05,varian
hafizhan lestari,2026-12-31,6,749.0,18.48333333333333,81.51666666666667,varian
maya shidqi,2026-12-31,9,714.0,22.4,77.6,varian
reza shidqi,2026-12-31,7,746.0,21.433333333333334,78.56666666666666,varian
rina pratama,2026-12-31,6,720.0,21.0,79.0,origin
reza setiawan,2026-12-31,6,758.0,18.633333333333333,81.36666666666667,varian
nisa wulandari,2026-12-31,8,798.0,22.3,77.7,varian
andi ramadhan,2026-12-31,9,722.0,22.53333333333333,77.46666666666667,varian
dewi aminah,2026-12-31,9,710.0,22.333333333333336,77.66666666666666,varian
maya rahmawati,2026-12-31,5,777.0,20.45,79.55,origin
nisa kusuma,2026-12-31,8,757.0,23.116666666666667,76.88333333333333,varian
ayu sari,2026-12-31,4,764.0,18.73333333333333,81.26666666666667,origin
maya santoso,2026-12-31,4,782.0,19.03333333333333,80.96666666666667,origin
budi hidayat,2026-12-31,7,748.0,22.96666666666667,77.03333333333333,origin
hafizhan wulandari,2026-12-31,4,704.0,22.73333333333333,77.26666666666667,origin
putri shidqi,2026-12-31,6,747.0,19.95,80.05,varian
dewi rahmawati,2026-12-31,5,784.0,20.566666666666663,79.43333333333334,origin
nisa wulandari,2026-12-31,5,746.0,23.433333333333334,76.56666666666666,varian
dewi rahmawati,2026-12-31,8,732.0,27.7,72.3,varian
rizky aminah,2026-12-31,7,744.0,22.9,77.1,origin
maya rahmawati,2026-12-31,8,710.0,22.333333333333336,77.66666666666666,varian
putri hidayat,2026-12-31,5,733.0,24.71666666666667,75.28333333333333,origin
andi rahmawati,2026-12-31,6,715.0,19.416666666666664,80.58333333333334,varian
rizky ramadhan,2026-12-31,6,766.0,18.766666666666666,81.23333333333333,varian
putri shidqi,2026-12-31,5,724.0,19.566666666666663,80.43333333333334,origin
nisa pratama,2026-12-31,6,796.0,24.266666666666666,75.73333333333333,varian
reza saputra,2026-12-31,7,798.0,22.3,77.7,varian
agus hidayat,2026-12-31,8,711.0,22.35,77.65,varian
siti santoso,2026-12-31,8,773.0,21.883333333333333,78.11666666666667,varian
rina ramadhan,2026-12-31,7,729.0,22.65,77.35,origin
ayu sari,2026-12-31,4,748.0,18.46666666666667,81.53333333333333,origin
agus hidayat,2026-12-31,6,715.0,19.416666666666664,80.58333333333334,varian
siti setiawan,2026-12-31,5,702.0,19.2,80.8,origin
agus rahmawati,2026-12-31,5,725.0,24.583333333333336,75.41666666666666,origin
dimas rahmawati,2026-12-31,5,739.0,24.816666666666663,75.18333333333334,origin
budi saputra,2026-12-31,6,756.0,20.1,79.9,varian
dimas shidqi,2026-12-31,7,774.0,20.4,79.6,varian
agus aminah,2026-12-31,9,700.0,27.166666666666664,72.83333333333334,varian
budi rahmawati,2026-12-31,9,742.0,22.866666666666667,77.13333333333333,varian
nisa rahmawati,2026-12-31,4,726.0,23.1,76.9,origin
dimas sari,2026-12-31,7,714.0,22.4,77.6,origin
ayu ramadhan,2026-12-31,4,791.0,24.183333333333334,75.81666666666666,origin
fajar ramadhan,2026-12-31,8,708.0,20.8,79.2,varian
fajar hidayat,2026-12-31,4,775.0,18.916666666666664,81.08333333333334,origin
hafizhan rahmawati,2026-12-31,8,766.0,26.766666666666666,73.23333333333333,varian
siti shidqi,2026-12-31,7,700.0,25.666666666666664,74.33333333333334,varian
budi wulandari,2026-12-31,8,741.0,21.35,78.65,varian
dimas setiawan,2026-12-31,5,712.0,22.866666666666667,77.13333333333333,varian
agus setiawan,2026-12-31,6,754.0,25.066666666666663,74.93333333333334,varian
dimas santoso,2026-12-31,6,766.0,21.766666666666666,78.23333333333333,origin
putri lestari,2026-12-31,7,800.0,23.833333333333336,76.16666666666666,origin
maya lestari,2026-12-31,6,725.0,24.583333333333336,75.41666666666666,varian
maya santoso,2026-12-31,5,733.0,24.71666666666667,75.28333333333333,origin
budi kusuma,2026-12-31,8,718.0,20.96666666666667,79.03333333333333,varian
rizky kusuma,2026-12-31,8,774.0,23.4,76.6,varian
hafizhan aminah,2026-12-31,8,700.0,20.666666666666664,79.33333333333334,varian
siti shidqi,2026-12-31,5,743.0,23.383333333333333,76.61666666666667,varian
maya rahmawati,2026-12-31,7,740.0,22.833333333333336,77.16666666666666,origin
maya saputra,2026-12-31,6,722.0,18.03333333333333,81.96666666666667,varian
budi kusuma,2026-12-31,4,774.0,18.9,81.1,origin
ayu shidqi,2026-12-31,6,769.0,21.816666666666663,78.18333333333334,origin
rina rahmawati,2026-12-31,8,745.0,21.416666666666664,78.58333333333334,varian
rizky santoso,2026-12-31,5,749.0,23.48333333333333,76.51666666666667,varian
maya saputra,2026-12-31,7,721.0,22.516666666666666,77.48333333333333,origin
dewi ramadhan,2026-12-31,8,779.0,21.98333333333333,78.01666666666667,varian
maya aminah,2026-12-31,7,740.0,27.833333333333336,72.16666666666666,origin
maya kusuma,2026-12-31,7,725.0,26.083333333333336,73.91666666666666,varian
ayu sari,2026-12-31,7,762.0,21.7,78.3,varian
ayu wulandari,2026-12-31,8,777.0,23.45,76.55,varian
agus sari,2026-12-31,5,789.0,20.65,79.35,origin
rina lestari,2026-12-31,7,792.0,23.7,76.3,origin
budi ramadhan,2026-12-31,8,765.0,28.25,71.75,varian
fajar santoso,2026-12-31,4,718.0,22.96666666666667,77.03333333333333,origin
reza pratama,2026-12-31,7,789.0,25.65,74.35,varian
putri shidqi,2026-12-31,6,742.0,23.366666666666667,76.63333333333333,varian
budi ramadhan,2026-12-31,7,760.0,23.166666666666664,76.83333333333334,origin
dimas sari,2026-12-31,5,799.0,19.316666666666663,80.68333333333334,varian
fajar sari,2026-12-31,7,795.0,28.75,71.25,origin
rina kusuma,2026-12-31,6,743.0,23.383333333333333,76.61666666666667,varian
reza pratama,2026-12-31,5,798.0,19.3,80.7,varian
dimas pratama,2026-12-31,8,779.0,23.48333333333333,76.51666666666667,varian
budi santoso,2026-12-31,8,785.0,22.083333333333336,77.91666666666666,varian
rina sari,2026-12-31,8,701.0,25.683333333333334,74.31666666666666,varian
budi hidayat,2026-12-31,6,701.0,20.683333333333334,79.31666666666666,origin
andi aminah,2026-12-31,7,800.0,25.833333333333336,74.16666666666666,varian
nisa hidayat,2026-12-31,4,737.0,18.28333333333333,81.71666666666667,origin
ayu saputra,2026-12-31,5,786.0,19.1,80.9,varian
rizky lestari,2026-12-31,7,703.0,19.21666666666667,80.78333333333333,varian
agus setiawan,2026-12-31,6,787.0,24.116666666666667,75.88333333333333,varian
dimas ramadhan,2026-12-31,5,706.0,19.266666666666666,80.73333333333333,origin
reza santoso,2026-12-31,9,745.0,27.916666666666664,72.08333333333334,varian
budi sari,2026-12-31,5,799.0,20.816666666666663,79.18333333333334,origin
hafizhan ramadhan,2026-12-31,9,714.0,27.4,72.6,varian
budi rahmawati,2026-12-31,4,792.0,24.2,75.8,origin
dewi rahmawati,2026-12-31,7,766.0,23.266666666666666,76.73333333333333,origin
hafizhan shidqi,2026-12-31,7,799.0,23.816666666666663,76.18333333333334,origin
agus ramadhan,2026-12-31,7,736.0,19.766666666666666,80.23333333333333,varian
andi aminah,2026-12-31,7,746.0,19.933333333333334,80.06666666666666,varian
reza santoso,2026-12-31,7,716.0,24.433333333333334,75.56666666666666,varian
siti hidayat,2026-12-31,4,723.0,18.05,81.95,origin
budi saputra,2026-12-31,7,730.0,27.666666666666664,72.33333333333334,origin
andi rahmawati,2026-12-31,6,743.0,21.383333333333333,78.61666666666667,origin
budi sari,2026-12-31,8,740.0,26.333333333333336,73.66666666666666,varian
maya pratama,2026-12-31,6,724.0,21.066666666666663,78.93333333333334,origin
putri saputra,2026-12-31,8,719.0,20.98333333333333,79.01666666666667,varian
putri ramadhan,2026-12-31,7,753.0,20.05,79.95,varian
putri lestari,2026-12-31,9,769.0,23.316666666666663,76.68333333333334,varian
dimas lestari,2026-12-31,6,713.0,19.383333333333333,80.61666666666667,varian
budi kusuma,2026-12-31,7,780.0,28.5,71.5,origin
hafizhan santoso,2026-12-31,6,753.0,18.55,81.45,varian
budi ramadhan,2026-12-31,4,740.0,18.333333333333336,81.66666666666666,origin
rizky rahmawati,2026-12-31,4,722.0,18.03333333333333,81.96666666666667,origin
fajar rahmawati,2026-12-31,6,710.0,20.833333333333336,79.16666666666666,origin
dimas ramadhan,2026-12-31,8,715.0,20.916666666666664,79.08333333333334,varian
agus wulandari,2026-12-31,8,764.0,23.23333333333333,76.76666666666667,varian
fajar sari,2026-12-31,6,762.0,21.7,78.3,origin
budi hidayat,2026-12-31,6,711.0,25.85,74.15,origin
budi aminah,2026-12-31,7,789.0,28.65,71.35,origin
rizky wulandari,2026-12-31,6,784.0,20.566666666666663,79.43333333333334,varian
andi pratama,2026-12-31,5,741.0,19.85,80.15,origin
nisa santoso,2026-12-31,7,757.0,23.116666666666667,76.88333333333333,origin
budi setiawan,2026-12-31,9,793.0,28.71666666666667,71.28333333333333,varian
agus lestari,2026-12-31,4,707.0,17.78333333333333,82.21666666666667,origin
budi aminah,2026-12-31,8,743.0,26.383333333333333,73.61666666666667,varian
reza pratama,2026-12-31,6,726.0,21.1,78.9,origin
dimas wulandari,2026-12-31,6,755.0,26.583333333333336,73.41666666666666,origin
fajar shidqi,2026-12-31,4,730.0,18.166666666666664,81.83333333333334,origin
dewi sari,2026-12-31,5,762.0,20.2,79.8,origin
ayu santoso,2026-12-31,5,736.0,18.266666666666666,81.73333333333333,varian
andi saputra,2026-12-31,7,724.0,22.566666666666663,77.43333333333334,origin
rizky santoso,2026-12-31,6,792.0,24.2,75.8,varian
dewi ramadhan,2026-12-31,6,713.0,20.883333333333333,79.11666666666667,origin
rina saputra,2026-12-31,8,767.0,28.28333333333333,71.71666666666667,varian
dimas hidayat,2026-12-31,6,706.0,19.266666666666666,80.73333333333333,varian
hafizhan rahmawati,2026-12-31,7,738.0,19.8,80.2,varian
reza lestari,2026-12-31,5,762.0,25.2,74.8,origin
nisa setiawan,2026-12-31,4,755.0,18.583333333333336,81.41666666666666,origin
rizky hidayat,2026-12-31,8,769.0,23.316666666666663,76.68333333333334,varian
dimas sari,2026-12-31,7,775.0,23.416666666666664,76.58333333333334,origin
agus kusuma,2026-12-31,6,738.0,21.3,78.7,origin
maya saputra,2026-12-31,5,781.0,19.016666666666666,80.98333333333333,varian
maya hidayat,2026-12-31,7,743.0,22.883333333333333,77.11666666666667,origin
reza shidqi,2026-12-31,6,733.0,21.21666666666667,78.78333333333333,origin
ayu lestari,2026-12-31,8,719.0,25.98333333333333,74.01666666666667,varian
andi setiawan,2026-12-31,5,776.0,20.433333333333334,79.56666666666666,origin
hafizhan ramadhan,2026-12-31,7,730.0,21.166666666666664,78.83333333333334,varian
agus aminah,2026-12-31,6,738.0,24.8,75.2,varian
hafizhan shidqi,2026-12-31,8,767.0,21.78333333333333,78.21666666666667,varian
dimas rahmawati,2026-12-31,9,768.0,23.3,76.7,varian
hafizhan kusuma,2026-12-31,4,770.0,23.833333333333336,76.16666666666666,origin
hafizhan ramadhan,2026-12-31,7,704.0,22.23333333333333,77.76666666666667,origin
nisa santoso,2026-12-31,4,722.0,18.03333333333333,81.96666666666667,origin
rina setiawan,2026-12-31,5,736.0,24.766666666666666,75.23333333333333,origin
putri shidqi,2026-12-31,5,755.0,18.583333333333336,81.41666666666666,varian
putri aminah,2026-12-31,6,738.0,18.3,81.7,varian
dewi wulandari,2026-12-31,6,762.0,21.7,78.3,origin
putri setiawan,2026-12-31,7,770.0,23.333333333333336,76.66666666666666,origin
reza pratama,2026-12-31,7,758.0,28.133333333333333,71.86666666666667,origin
nisa rahmawati,2026-12-31,7,775.0,25.416666666666664,74.58333333333334,varian
putri rahmawati,2026-12-31,6,782.0,27.03333333333333,72.96666666666667,origin
reza aminah,2026-12-31,7,763.0,25.21666666666667,74.78333333333333,varian
reza saputra,2026-12-31,7,750.0,23.0,77.0,origin
nisa shidqi,2026-12-31,5,768.0,18.8,81.2,varian
nisa lestari,2026-12-31,7,794.0,27.23333333333333,72.76666666666667,varian
andi saputra,2026-12-31,6,762.0,21.7,78.3,origin
agus hidayat,2026-12-31,4,717.0,17.95,82.05,origin
budi setiawan,2026-12-31,7,796.0,23.766666666666666,76.23333333333333,origin
rizky rahmawati,2026-12-31,6,742.0,21.366666666666667,78.63333333333333,origin
dimas saputra,2026-12-31,7,793.0,28.71666666666667,71.28333333333333,origin
agus lestari,2026-12-31,9,755.0,23.083333333333336,76.91666666666666,varian
andi wulandari,2026-12-31,5,744.0,19.9,80.1,origin
andi sari,2026-12-31,5,789.0,20.65,79.35,origin
putri rahmawati,2026-12-31,7,759.0,23.15,76.85,origin
andi ramadhan,2026-12-31,5,751.0,18.516666666666666,81.48333333333333,varian
siti lestari,2026-12-31,6,794.0,22.23333333333333,77.76666666666667,origin
nisa pratama,2026-12-31,7,785.0,23.583333333333336,76.41666666666666,origin
rizky setiawan,2026-12-31,4,709.0,17.816666666666666,82.18333333333334,origin
dimas shidqi,2026-12-31,4,750.0,23.5,76.5,origin
agus shidqi,2026-12-31,5,761.0,23.683333333333334,76.31666666666666,varian
rina aminah,2026-12-31,6,715.0,22.916666666666664,77.08333333333334,varian
rizky saputra,2026-12-31,5,765.0,23.75,76.25,varian
dewi sari,2026-12-31,8,715.0,25.916666666666664,74.08333333333334,varian
budi kusuma,2026-12-31,6,732.0,21.2,78.8,origin
maya aminah,2026-12-31,6,737.0,18.28333333333333,81.71666666666667,varian
dewi kusuma,2026-12-31,6,705.0,20.75,79.25,origin
ayu rahmawati,2026-12-31,8,750.0,28.0,72.0,varian
putri rahmawati,2026-12-31,5,736.0,24.766666666666666,75.23333333333333,origin
dimas sari,2026-12-31,6,740.0,21.333333333333336,78.66666666666666,origin
reza saputra,2026-12-31,6,758.0,26.633333333333333,73.36666666666667,origin
ayu pratama,2026-12-31,4,769.0,23.816666666666663,76.18333333333334,origin
nisa hidayat,2026-12-31,6,738.0,19.8,80.2,varian
reza lestari,2026-12-31,5,770.0,25.333333333333336,74.66666666666666,origin
hafizhan wulandari,2026-12-31,9,795.0,23.75,76.25,varian
agus rahmawati,2026-12-31,7,727.0,24.616666666666667,75.38333333333333,varian
reza wulandari,2026-12-31,6,738.0,19.8,80.2,varian
budi hidayat,2026-12-31,6,754.0,25.066666666666663,74.93333333333334,varian
budi wulandari,2026-12-31,6,778.0,20.46666666666667,79.53333333333333,varian
dimas hidayat,2026-12-31,8,774.0,28.4,71.6,varian
reza sari,2026-12-31,9,724.0,22.566666666666663,77.43333333333334,varian
dewi shidqi,2026-12-31,7,788.0,22.133333333333333,77.86666666666667,varian
dewi kusuma,2026-12-31,5,715.0,19.416666666666664,80.58333333333334,origin
budi ramadhan,2026-12-31,5,739.0,24.816666666666663,75.18333333333334,origin
putri sari,2026-12-31,6,708.0,20.8,79.2,origin
maya aminah,2026-12-31,4,745.0,23.416666666666664,76.58333333333334,origin
siti pratama,2026-12-31,7,768.0,23.3,76.7,origin
reza shidqi,2026-12-31,6,770.0,18.833333333333336,81.16666666666666,varian
rina shidqi,2026-12-31,7,743.0,22.883333333333333,77.11666666666667,origin
rizky saputra,2026-12-31,8,734.0,26.23333333333333,73.76666666666667,varian
rina shidqi,2026-12-31,6,773.0,20.383333333333333,79.61666666666667,varian
rina hidayat,2026-12-31,8,765.0,23.25,76.75,varian
hafizhan aminah,2026-12-31,7,785.0,23.583333333333336,76.41666666666666,origin
rina saputra,2026-12-31,4,747.0,18.45,81.55,origin
rizky wulandari,2026-12-31,5,766.0,23.766666666666666,76.23333333333333,varian
hafizhan ramadhan,2026-12-31,7,761.0,28.183333333333334,71.81666666666666,origin
rina kusuma,2026-12-31,8,717.0,25.95,74.05,varian
siti santoso,2026-12-31,7,769.0,23.316666666666663,76.68333333333334,origin
ayu hidayat,2026-12-31,8,766.0,26.766666666666666,73.23333333333333,varian
fajar pratama,2026-12-31,5,716.0,24.433333333333334,75.56666666666666,origin
dewi pratama,2026-12-31,9,730.0,22.666666666666664,77.33333333333334,varian
maya rahmawati,2026-12-31,5,701.0,19.183333333333334,80.81666666666666,origin
ayu hidayat,2026-12-31,5,707.0,24.28333333333333,75.71666666666667,origin
rina rahmawati,2026-12-31,6,798.0,22.3,77.7,origin
ayu santoso,2026-12-31,7,782.0,20.53333333333333,79.46666666666667,varian
agus pratama,2026-12-31,4,725.0,18.083333333333336,81.91666666666666,origin
andi ramadhan,2026-12-31,7,720.0,22.5,77.5,origin
putri lestari,2026-12-31,7,777.0,23.45,76.55,origin
reza saputra,2026-12-31,6,752.0,20.03333333333333,79.96666666666667,varian
dewi ramadhan,2026-12-31,4,778.0,18.96666666666667,81.03333333333333,origin
budi hidayat,2026-12-31,7,730.0,27.666666666666664,72.33333333333334,origin
hafizhan shidqi,2026-12-31,7,776.0,21.933333333333334,78.06666666666666,varian
siti rahmawati,2026-12-31,9,792.0,28.7,71.3,varian
reza sari,2026-12-31,7,792.0,23.7,76.3,origin
dimas setiawan,2026-12-31,4,733.0,18.21666666666667,81.78333333333333,origin
dewi setiawan,2026-12-31,5,753.0,25.05,74.95,origin
agus sari,2026-12-31,8,780.0,27.0,73.0,varian
putri rahmawati,2026-12-31,9,736.0,27.766666666666666,72.23333333333333,varian
putri lestari,2026-12-31,6,777.0,20.45,79.55,varian
putri hidayat,2026-12-31,7,719.0,20.98333333333333,79.01666666666667,varian
rizky hidayat,2026-12-31,7,704.0,20.73333333333333,79.26666666666667,varian
budi santoso,2026-12-31,8,749.0,22.98333333333333,77.01666666666667,varian
andi saputra,2026-12-31,7,738.0,22.8,77.2,origin
budi saputra,2026-12-31,4,780.0,19.0,81.0,origin
putri saputra,2026-12-31,4,756.0,18.6,81.4,origin
putri santoso,2026-12-31,9,792.0,23.7,76.3,varian
ayu rahmawati,2026-12-31,6,757.0,25.116666666666667,74.88333333333333,varian
putri sari,2026-12-31,7,708.0,27.3,72.7,origin
rina wulandari,2026-12-31,4,705.0,17.75,82.25,origin
ayu kusuma,2026-12-31,5,703.0,19.21666666666667,80.78333333333333,origin
dewi kusuma,2026-12-31,7,733.0,21.21666666666667,78.78333333333333,varian
rina setiawan,2026-12-31,8,763.0,23.21666666666667,76.78333333333333,varian
rizky rahmawati,2026-12-31,6,709.0,20.816666666666663,79.18333333333334,origin
andi ramadhan,2026-12-31,6,764.0,25.23333333333333,74.76666666666667,varian
budi sari,2026-12-31,6,771.0,20.35,79.65,varian
budi wulandari,2026-12-31,6,715.0,19.416666666666664,80.58333333333334,varian
hafizhan lestari,2026-12-31,9,723.0,27.55,72.45,varian
putri kusuma,2026-12-31,6,736.0,19.766666666666666,80.23333333333333,varian
siti wulandari,2026-12-31,7,746.0,26.433333333333334,73.56666666666666,varian
dimas santoso,2026-12-31,8,740.0,22.833333333333336,77.16666666666666,varian
rina lestari,2026-12-31,6,729.0,26.15,73.85,origin
andi hidayat,2026-12-31,7,786.0,23.6,76.4,origin
dimas setiawan,2026-12-31,6,716.0,25.933333333333334,74.06666666666666,origin
budi wulandari,2026-12-31,6,734.0,26.23333333333333,73.76666666666667,origin
fajar aminah,2026-12-31,8,708.0,22.3,77.7,varian
agus saputra,2026-12-31,5,747.0,19.95,80.05,origin
rizky ramadhan,2026-12-31,6,774.0,21.9,78.1,origin
ayu rahmawati,2026-12-31,5,790.0,20.666666666666664,79.33333333333334,origin
rina pratama,2026-12-31,6,775.0,21.916666666666664,78.08333333333334,origin
fajar aminah,2026-12-31,5,780.0,19.0,81.0,varian
agus kusuma,2026-12-31,7,759.0,23.15,76.85,origin
ayu wulandari,2026-12-31,4,723.0,23.05,76.95,origin
fajar pratama,2026-12-31,6,772.0,21.866666666666667,78.13333333333333,origin
rina shidqi,2026-12-31,8,729.0,26.15,73.85,varian
siti saputra,2026-12-31,4,800.0,19.333333333333336,80.66666666666666,origin
rina kusuma,2026-12-31,7,758.0,28.133333333333333,71.86666666666667,origin
dimas hidayat,2026-12-31,4,776.0,18.933333333333334,81.06666666666666,origin
rina wulandari,2026-12-31,4,702.0,17.7,82.3,origin
rina aminah,2026-12-31,6,728.0,26.133333333333333,73.86666666666667,origin
budi kusuma,2026-12-31,8,788.0,23.633333333333333,76.36666666666667,varian
siti rahmawati,2026-12-31,4,766.0,18.766666666666666,81.23333333333333,origin
andi aminah,2026-12-31,6,794.0,22.23333333333333,77.76666666666667,origin
rina kusuma,2026-12-31,7,736.0,27.766666666666666,72.23333333333333,origin
dewi lestari,2026-12-31,5,800.0,19.333333333333336,80.66666666666666,varian
fajar wulandari,2026-12-31,8,736.0,27.766666666666666,72.23333333333333,varian
siti santoso,2026-12-31,5,750.0,25.0,75.0,origin
fajar santoso,2026-12-31,7,734.0,26.23333333333333,73.76666666666667,varian
hafizhan lestari,2026-12-31,4,709.0,17.816666666666666,82.18333333333334,origin
hafizhan shidqi,2026-12-31,6,757.0,20.116666666666667,79.88333333333333,varian
fajar hidayat,2026-12-31,7,762.0,20.2,79.8,varian
siti santoso,2026-12-31,5,774.0,18.9,81.1,varian
andi kusuma,2026-12-31,5,751.0,20.016666666666666,79.98333333333333,origin
fajar pratama,2026-12-31,9,776.0,23.433333333333334,76.56666666666666,varian
putri aminah,2026-12-31,6,720.0,26.0,74.0,origin
reza santoso,2026-12-31,6,739.0,18.316666666666663,81.68333333333334,varian
agus saputra,2026-12-31,4,771.0,18.85,81.15,origin
ayu pratama,2026-12-31,4,759.0,18.65,81.35,origin
andi santoso,2026-12-31,9,747.0,22.95,77.05,varian
putri saputra,2026-12-31,6,730.0,24.666666666666664,75.33333333333334,varian
maya rahmawati,2026-12-31,7,768.0,21.8,78.2,varian
nisa aminah,2026-12-31,4,765.0,18.75,81.25,origin
reza hidayat,2026-12-31,7,763.0,21.71666666666667,78.28333333333333,varian
andi santoso,2026-12-31,5,783.0,24.05,75.95,varian
rizky santoso,2026-12-31,6,708.0,20.8,79.2,origin
maya pratama,2026-12-31,8,783.0,27.05,72.95,varian
nisa kusuma,2026-12-31,8,740.0,27.833333333333336,72.16666666666666,varian
hafizhan santoso,2026-12-31,9,703.0,22.21666666666667,77.78333333333333,varian
ayu wulandari,2026-12-31,5,723.0,19.55,80.45,origin
putri aminah,2026-12-31,9,747.0,22.95,77.05,varian
maya pratama,2026-12-31,6,746.0,21.433333333333334,78.56666666666666,origin
putri ramadhan,2026-12-31,6,745.0,26.416666666666664,73.58333333333334,origin
putri aminah,2026-12-31,8,787.0,22.116666666666667,77.88333333333333,varian
hafizhan aminah,2026-12-31,5,739.0,19.816666666666663,80.18333333333334,origin
dewi kusuma,2026-12-31,6,730.0,21.166666666666664,78.83333333333334,origin
hafizhan saputra,2026-12-31,7,757.0,28.116666666666667,71.88333333333333,origin
andi saputra,2026-12-31,5,733.0,18.21666666666667,81.78333333333333,varian
putri ramadhan,2026-12-31,6,706.0,19.266666666666666,80.73333333333333,varian
rina rahmawati,2026-12-31,8,770.0,26.833333333333336,73.16666666666666,varian
agus santoso,2026-12-31,6,777.0,26.95,73.05,origin
ayu aminah,2026-12-31,6,711.0,17.85,82.15,varian
andi rahmawati,2026-12-31,5,717.0,24.45,75.55,origin
siti saputra,2026-12-31,9,750.0,23.0,77.0,varian
rina kusuma,2026-12-31,4,702.0,17.7,82.3,origin
nisa pratama,2026-12-31,5,786.0,20.6,79.4,origin
rizky aminah,2026-12-31,7,784.0,23.566666666666663,76.43333333333334,origin
fajar santoso,2026-12-31,7,747.0,19.95,80.05,varian
putri ramadhan,2026-12-31,4,772.0,18.866666666666667,81.13333333333333,origin
maya kusuma,2026-12-31,5,782.0,19.03333333333333,80.96666666666667,varian
andi santoso,2026-12-31,5,728.0,24.633333333333333,75.36666666666667,origin
hafizhan saputra,2026-12-31,7,777.0,23.45,76.55,origin
nisa lestari,2026-12-31,4,736.0,18.266666666666666,81.73333333333333,origin
rizky saputra,2026-12-31,7,730.0,19.666666666666664,80.33333333333334,varian
budi ramadhan,2026-12-31,7,743.0,19.883333333333333,80.11666666666667,varian
nisa pratama,2026-12-31,6,742.0,21.366666666666667,78.63333333333333,origin
reza shidqi,2026-12-31,8,794.0,28.73333333333333,71.26666666666667,varian
hafizhan wulandari,2026-12-31,4,795.0,19.25,80.75,origin
budi sari,2026-12-31,6,731.0,19.683333333333334,80.31666666666666,varian
putri ramadhan,2026-12-31,4,730.0,18.166666666666664,81.83333333333334,origin
siti kusuma,2026-12-31,9,731.0,22.683333333333334,77.31666666666666,varian
rizky ramadhan,2026-12-31,8,736.0,22.766666666666666,77.23333333333333,varian
putri kusuma,2026-12-31,5,734.0,19.73333333333333,80.26666666666667,origin
budi kusuma,2026-12-31,6,717.0,20.95,79.05,origin
putri kusuma,2026-12-31,7,726.0,22.6,77.4,origin
putri hidayat,2026-12-31,7,755.0,23.083333333333336,76.91666666666666,origin
dimas sari,2026-12-31,8,709.0,22.316666666666663,77.68333333333334,varian
agus wulandari,2026-12-31,8,733.0,21.21666666666667,78.78333333333333,varian
ayu saputra,2026-12-31,7,748.0,27.96666666666667,72.03333333333333,origin
nisa shidqi,2026-12-31,7,783.0,22.05,77.95,varian
rizky ramadhan,2026-12-31,8,716.0,20.933333333333334,79.06666666666666,varian
agus aminah,2026-12-31,7,763.0,23.21666666666667,76.78333333333333,origin
reza sari,2026-12-31,6,751.0,23.516666666666666,76.48333333333333,varian
ayu hidayat,2026-12-31,5,741.0,23.35,76.65,varian
hafizhan kusuma,2026-12-31,4,775.0,18.916666666666664,81.08333333333334,origin
dewi hidayat,2026-12-31,5,761.0,23.683333333333334,76.31666666666666,varian
dimas rahmawati,2026-12-31,6,771.0,21.85,78.15,origin
ayu aminah,2026-12-31,6,746.0,18.433333333333334,81.56666666666666,varian
ayu setiawan,2026-12-31,6,727.0,24.616666666666667,75.38333333333333,varian
dewi setiawan,2026-12-31,8,796.0,22.266666666666666,77.73333333333333,varian
reza rahmawati,2026-12-31,7,772.0,26.866666666666667,73.13333333333333,varian
dewi pratama,2026-12-31,4,734.0,23.23333333333333,76.76666666666667,origin
dewi ramadhan,2026-12-31,9,767.0,23.28333333333333,76.71666666666667,varian
maya hidayat,2026-12-31,6,703.0,19.21666666666667,80.78333333333333,varian
rizky hidayat,2026-12-31,4,728.0,18.133333333333333,81.86666666666667,origin
agus lestari,2026-12-31,8,771.0,21.85,78.15,varian
putri rahmawati,2026-12-31,6,708.0,20.8,79.2,origin
rizky ramadhan,2026-12-31,7,762.0,21.7,78.3,varian
hafizhan lestari,2026-12-31,7,700.0,22.166666666666664,77.83333333333334,origin
andi pratama,2026-12-31,8,782.0,23.53333333333333,76.46666666666667,varian
agus aminah,2026-12-31,5,778.0,25.46666666666667,74.53333333333333,origin
hafizhan ramadhan,2026-12-31,5,775.0,23.916666666666664,76.08333333333334,varian
agus kusuma,2026-12-31,6,720.0,19.5,80.5,varian
siti ramadhan,2026-12-31,4,710.0,17.833333333333336,82.16666666666666,origin
budi wulandari,2026-12-31,5,729.0,19.65,80.35,origin
rina ramadhan,2026-12-31,9,704.0,22.23333333333333,77.76666666666667,varian
dewi ramadhan,2026-12-31,5,778.0,20.46666666666667,79.53333333333333,origin
budi ramadhan,2026-12-31,8,751.0,21.516666666666666,78.48333333333333,varian
nisa wulandari,2026-12-31,4,800.0,24.333333333333336,75.66666666666666,origin
reza aminah,2026-12-31,5,757.0,25.116666666666667,74.88333333333333,origin
budi pratama,2026-12-31,7,753.0,20.05,79.95,varian
fajar santoso,2026-12-31,4,711.0,22.85,77.15,origin
rina shidqi,2026-12-31,7,731.0,19.683333333333334,80.31666666666666,varian
andi ramadhan,2026-12-31,8,757.0,21.616666666666667,78.38333333333333,varian
fajar santoso,2026-12-31,8,759.0,21.65,78.35,varian
fajar ramadhan,2026-12-31,8,798.0,22.3,77.7,varian
nisa sari,2026-12-31,5,783.0,19.05,80.95,varian
budi aminah,2026-12-31,7,770.0,21.833333333333336,78.16666666666666,varian
rizky pratama,2026-12-31,6,751.0,23.516666666666666,76.48333333333333,varian
budi saputra,2026-12-31,7,780.0,22.0,78.0,varian
fajar wulandari,2026-12-31,6,719.0,20.98333333333333,79.01666666666667,origin
putri setiawan,2026-12-31,9,789.0,23.65,76.35,varian
agus hidayat,2026-12-31,7,770.0,20.333333333333336,79.66666666666666,varian
putri setiawan,2026-12-31,6,721.0,23.016666666666666,76.98333333333333,varian
fajar santoso,2026-12-31,5,712.0,19.366666666666667,80.63333333333333,origin
budi sari,2026-12-31,7,709.0,22.316666666666663,77.68333333333334,origin
dewi shidqi,2026-12-31,6,760.0,26.666666666666664,73.33333333333334,origin
reza santoso,2026-12-31,4,716.0,17.933333333333334,82.06666666666666,origin
nisa santoso,2026-12-31,5,738.0,19.8,80.2,origin
andi kusuma,2026-12-31,5,795.0,20.75,79.25,origin
hafizhan hidayat,2026-12-31,8,800.0,27.333333333333336,72.66666666666666,varian
rina saputra,2026-12-31,9,705.0,22.25,77.75,varian
andi sari,2026-12-31,8,756.0,23.1,76.9,varian
siti ramadhan,2026-12-31,6,761.0,21.683333333333334,78.31666666666666,origin
putri ramadhan,2026-12-31,5,782.0,20.53333333333333,79.46666666666667,origin
rina sari,2026-12-31,7,792.0,22.2,77.8,varian
siti santoso,2026-12-31,4,794.0,19.23333333333333,80.76666666666667,origin
hafizhan sari,2026-12-31,5,707.0,17.78333333333333,82.21666666666667,varian
hafizhan saputra,2026-12-31,8,764.0,23.23333333333333,76.76666666666667,varian
reza santoso,2026-12-31,7,800.0,28.833333333333336,71.16666666666666,origin
hafizhan hidayat,2026-12-31,6,705.0,19.25,80.75,varian
agus lestari,2026-12-31,9,717.0,27.45,72.55,varian
agus santoso,2026-12-31,9,756.0,28.1,71.9,varian
rizky ramadhan,2026-12-31,5,799.0,25.816666666666663,74.18333333333334,origin
budi aminah,2026-12-31,9,701.0,22.183333333333334,77.81666666666666,varian
dimas aminah,2026-12-31,8,789.0,23.65,76.35,varian
putri ramadhan,2026-12-31,7,741.0,22.85,77.15,origin
andi lestari,2026-12-31,6,724.0,26.066666666666663,73.93333333333334,origin
dimas wulandari,2026-12-31,8,760.0,21.666666666666664,78.33333333333334,varian
ayu hidayat,2026-12-31,6,751.0,21.516666666666666,78.48333333333333,origin
dimas pratama,2026-12-31,8,733.0,21.21666666666667,78.78333333333333,varian
dewi shidqi,2026-12-31,6,768.0,18.8,81.2,varian
rizky saputra,2026-12-31,6,713.0,22.883333333333333,77.11666666666667,varian
reza kusuma,2026-12-31,8,727.0,21.116666666666667,78.88333333333333,varian
siti ramadhan,2026-12-31,5,752.0,25.03333333333333,74.96666666666667,origin
nisa santoso,2026-12-31,6,772.0,26.866666666666667,73.13333333333333,origin
reza pratama,2026-12-31,6,783.0,25.55,74.45,varian
fajar aminah,2026-12-31,4,748.0,18.46666666666667,81.53333333333333,origin
agus sari,2026-12-31,8,772.0,26.866666666666667,73.13333333333333,varian
reza wulandari,2026-12-31,6,712.0,20.866666666666667,79.13333333333333,origin
putri lestari,2026-12-31,4,783.0,19.05,80.95,origin
hafizhan sari,2026-12-31,6,799.0,19.316666666666663,80.68333333333334,varian
hafizhan hidayat,2026-12-31,9,762.0,28.2,71.8,varian
dimas wulandari,2026-12-31,9,797.0,23.78333333333333,76.21666666666667,varian
dimas wulandari,2026-12-31,7,773.0,28.383333333333333,71.61666666666667,origin
maya aminah,2026-12-31,6,736.0,23.266666666666666,76.73333333333333,varian
dewi setiawan,2026-12-31,6,711.0,20.85,79.15,origin
maya hidayat,2026-12-31,6,712.0,25.866666666666667,74.13333333333333,origin
reza shidqi,2026-12-31,8,708.0,22.3,77.7,varian
siti shidqi,2026-12-31,6,736.0,18.266666666666666,81.73333333333333,varian
putri aminah,2026-12-31,5,794.0,20.73333333333333,79.26666666666667,origin
rina ramadhan,2026-12-31,4,799.0,19.316666666666663,80.68333333333334,origin
budi hidayat,2026-12-31,9,772.0,23.366666666666667,76.63333333333333,varian
rina pratama,2026-12-31,7,766.0,20.266666666666666,79.73333333333333,varian
reza ramadhan,2026-12-31,4,797.0,24.28333333333333,75.71666666666667,origin
nisa pratama,2026-12-31,6,799.0,22.316666666666663,77.68333333333334,origin
fajar sari,2026-12-31,7,768.0,23.3,76.7,origin
reza rahmawati,2026-12-31,7,771.0,25.35,74.65,varian
rina hidayat,2026-12-31,6,706.0,17.766666666666666,82.23333333333333,varian
fajar saputra,2026-12-31,4,795.0,19.25,80.75,origin
dewi shidqi,2026-12-31,6,795.0,20.75,79.25,varian
agus shidqi,2026-12-31,7,770.0,23.333333333333336,76.66666666666666,origin
fajar hidayat,2026-12-31,5,728.0,19.633333333333333,80.36666666666667,origin
rizky aminah,2026-12-31,5,787.0,25.616666666666667,74.38333333333333,origin
reza lestari,2026-12-31,9,784.0,28.566666666666663,71.43333333333334,varian
siti santoso,2026-12-31,8,757.0,26.616666666666667,73.38333333333333,varian
dewi shidqi,2026-12-31,6,800.0,22.333333333333336,77.66666666666666,origin
budi aminah,2026-12-31,7,726.0,27.6,72.4,origin
putri lestari,2026-12-31,8,764.0,26.73333333333333,73.26666666666667,varian
nisa ramadhan,2026-12-31,8,731.0,21.183333333333334,78.81666666666666,varian
reza rahmawati,2026-12-31,6,787.0,19.116666666666667,80.88333333333333,varian
siti wulandari,2026-12-31,6,710.0,17.833333333333336,82.16666666666666,varian
andi hidayat,2026-12-31,5,751.0,18.516666666666666,81.48333333333333,varian
ayu ramadhan,2026-12-31,7,764.0,21.73333333333333,78.26666666666667,varian
putri setiawan,2026-12-31,6,774.0,23.9,76.1,varian
dimas rahmawati,2026-12-31,4,706.0,22.766666666666666,77.23333333333333,origin
putri aminah,2026-12-31,6,772.0,25.366666666666667,74.63333333333333,varian
rina santoso,2026-12-31,4,794.0,19.23333333333333,80.76666666666667,origin
fajar lestari,2026-12-31,9,753.0,23.05,76.95,varian
ayu santoso,2026-12-31,4,726.0,23.1,76.9,origin
dimas lestari,2026-12-31,5,792.0,20.7,79.3,origin
ayu santoso,2026-12-31,9,779.0,23.48333333333333,76.51666666666667,varian
nisa rahmawati,2026-12-31,6,730.0,19.666666666666664,80.33333333333334,varian
rina aminah,2026-12-31,8,734.0,27.73333333333333,72.26666666666667,varian
fajar sari,2026-12-31,4,718.0,17.96666666666667,82.03333333333333,origin
rina aminah,2026-12-31,7,713.0,22.383333333333333,77.61666666666667,origin
dimas saputra,2026-12-31,7,702.0,27.2,72.8,origin
hafizhan rahmawati,2026-12-31,9,757.0,23.116666666666667,76.88333333333333,varian
andi shidqi,2026-12-31,6,774.0,18.9,81.1,varian
siti rahmawati,2026-12-31,7,762.0,21.7,78.3,varian
hafizhan sari,2026-12-31,5,793.0,25.71666666666667,74.28333333333333,origin
hafizhan setiawan,2026-12-31,5,739.0,19.816666666666663,80.18333333333334,origin
maya kusuma,2026-12-31,8,763.0,26.71666666666667,73.28333333333333,varian
agus wulandari,2026-12-31,4,754.0,18.566666666666663,81.43333333333334,origin
dewi rahmawati,2026-12-31,5,775.0,20.416666666666664,79.58333333333334,origin
fajar aminah,2026-12-31,9,786.0,23.6,76.4,varian
dimas lestari,2026-12-31,7,704.0,27.23333333333333,72.76666666666667,origin
agus setiawan,2026-12-31,5,783.0,25.55,74.45,origin
nisa hidayat,2026-12-31,8,736.0,21.266666666666666,78.73333333333333,varian
reza shidqi,2026-12-31,4,706.0,17.766666666666666,82.23333333333333,origin
nisa setiawan,2026-12-31,6,791.0,24.183333333333334,75.81666666666666,varian
budi sari,2026-12-31,8,713.0,22.383333333333333,77.61666666666667,varian
rina aminah,2026-12-31,8,708.0,20.8,79.2,varian
budi ramadhan,2026-12-31,4,789.0,19.15,80.85,origin
andi saputra,2026-12-31,6,759.0,23.65,76.35,varian
agus setiawan,2026-12-31,4,710.0,17.833333333333336,82.16666666666666,origin
nisa shidqi,2026-12-31,5,702.0,24.2,75.8,origin
rizky wulandari,2026-12-31,7,725.0,21.083333333333336,78.91666666666666,varian
rina aminah,2026-12-31,5,722.0,18.03333333333333,81.96666666666667,varian
rizky hidayat,2026-12-31,6,716.0,19.433333333333334,80.56666666666666,varian
ayu pratama,2026-12-31,6,786.0,27.1,72.9,origin
rina shidqi,2026-12-31,7,799.0,20.816666666666663,79.18333333333334,varian
hafizhan shidqi,2026-12-31,7,714.0,22.4,77.6,origin
rina shidqi,2026-12-31,4,714.0,22.9,77.1,origin
rina santoso,2026-12-31,6,799.0,22.316666666666663,77.68333333333334,origin
siti pratama,2026-12-31,8,702.0,20.7,79.3,varian
dewi aminah,2026-12-31,6,703.0,20.71666666666667,79.28333333333333,origin
putri saputra,2026-12-31,5,706.0,17.766666666666666,82.23333333333333,varian
maya rahmawati,2026-12-31,6,738.0,21.3,78.7,origin
ayu shidqi,2026-12-31,4,731.0,18.183333333333334,81.81666666666666,origin
reza wulandari,2026-12-31,4,782.0,19.03333333333333,80.96666666666667,origin
putri lestari,2026-12-31,6,799.0,24.316666666666663,75.68333333333334,varian
rizky setiawan,2026-12-31,9,780.0,28.5,71.5,varian
hafizhan sari,2026-12-31,6,736.0,24.766666666666666,75.23333333333333,varian
rizky shidqi,2026-12-31,6,766.0,18.766666666666666,81.23333333333333,varian
rina lestari,2026-12-31,7,777.0,28.45,71.55,origin
rizky wulandari,2026-12-31,6,714.0,20.9,79.1,origin
hafizhan aminah,2026-12-31,7,756.0,25.1,74.9,varian
dimas hidayat,2026-12-31,6,725.0,18.083333333333336,81.91666666666666,varian
agus wulandari,2026-12-31,7,768.0,23.3,76.7,origin
andi lestari,2026-12-31,4,779.0,18.98333333333333,81.01666666666667,origin
agus lestari,2026-12-31,7,710.0,22.333333333333336,77.66666666666666,origin
ayu saputra,2026-12-31,6,747.0,24.95,75.05,varian
maya hidayat,2026-12-31,7,782.0,22.03333333333333,77.96666666666667,varian
reza kusuma,2026-12-31,4,742.0,23.366666666666667,76.63333333333333,origin
agus kusuma,2026-12-31,8,743.0,22.883333333333333,77.11666666666667,varian
maya lestari,2026-12-31,4,792.0,24.2,75.8,origin
nisa saputra,2026-12-31,7,769.0,20.316666666666663,79.68333333333334,varian
budi rahmawati,2026-12-31,5,726.0,23.1,76.9,varian
rina sari,2026-12-31,6,755.0,23.583333333333336,76.41666666666666,varian
fajar hidayat,2026-12-31,8,765.0,21.75,78.25,varian
rina saputra,2026-12-31,6,707.0,20.78333333333333,79.21666666666667,origin
nisa shidqi,2026-12-31,6,703.0,17.71666666666667,82.28333333333333,varian
dimas sari,2026-12-31,8,763.0,23.21666666666667,76.78333333333333,varian
reza santoso,2026-12-31,7,746.0,22.933333333333334,77.06666666666666,origin
dimas pratama,2026-12-31,6,722.0,24.53333333333333,75.46666666666667,varian
budi hidayat,2026-12-31,9,752.0,23.03333333333333,76.96666666666667,varian
hafizhan hidayat,2026-12-31,5,770.0,20.333333333333336,79.66666666666666,origin
maya saputra,2026-12-31,7,734.0,22.73333333333333,77.26666666666667,origin
andi setiawan,2026-12-31,6,791.0,20.683333333333334,79.31666666666666,varian
dimas pratama,2026-12-31,7,774.0,21.9,78.1,varian
dewi hidayat,2026-12-31,5,776.0,18.933333333333334,81.06666666666666,varian
budi ramadhan,2026-12-31,6,716.0,22.933333333333334,77.06666666666666,varian
rina kusuma,2026-12-31,6,708.0,25.8,74.2,origin
dimas kusuma,2026-12-31,7,713.0,22.383333333333333,77.61666666666667,origin
dimas santoso,2026-12-31,4,778.0,18.96666666666667,81.03333333333333,origin
siti saputra,2026-12-31,9,788.0,28.633333333333333,71.36666666666667,varian
dimas kusuma,2026-12-31,8,713.0,22.383333333333333,77.61666666666667,varian
maya saputra,2026-12-31,6,754.0,21.566666666666663,78.43333333333334,origin
hafizhan pratama,2026-12-31,8,778.0,23.46666666666667,76.53333333333333,varian
nisa wulandari,2026-12-31,5,729.0,18.15,81.85,varian
budi hidayat,2026-12-31,4,703.0,17.71666666666667,82.28333333333333,origin
dewi saputra,2026-12-31,8,728.0,21.133333333333333,78.86666666666667,varian
agus sari,2026-12-31,7,788.0,20.633333333333333,79.36666666666667,varian
ayu setiawan,2026-12-31,9,735.0,22.75,77.25,varian
hafizhan saputra,2026-12-31,8,747.0,27.95,72.05,varian
dimas sari,2026-12-31,8,700.0,20.666666666666664,79.33333333333334,varian
maya shidqi,2026-12-31,6,702.0,20.7,79.3,origin
dewi ramadhan,2026-12-31,8,792.0,22.2,77.8,varian
putri hidayat,2026-12-31,6,773.0,21.883333333333333,78.11666666666667,origin
agus pratama,2026-12-31,7,798.0,23.8,76.2,origin
budi ramadhan,2026-12-31,6,748.0,18.46666666666667,81.53333333333333,varian
rizky ramadhan,2026-12-31,7,744.0,22.9,77.1,origin
agus lestari,2026-12-31,6,720.0,21.0,79.0,origin
hafizhan aminah,2026-12-31,6,743.0,26.383333333333333,73.61666666666667,origin
nisa lestari,2026-12-31,9,721.0,27.516666666666666,72.48333333333333,varian
budi sari,2026-12-31,8,795.0,22.25,77.75,varian
ayu lestari,2026-12-31,7,769.0,21.816666666666663,78.18333333333334,varian
agus ramadhan,2026-12-31,6,789.0,19.15,80.85,varian
putri shidqi,2026-12-31,4,792.0,19.2,80.8,origin
reza saputra,2026-12-31,7,791.0,20.683333333333334,79.31666666666666,varian
dimas ramadhan,2026-12-31,7,784.0,22.066666666666663,77.93333333333334,varian
dimas pratama,2026-12-31,8,790.0,22.166666666666664,77.83333333333334,varian
putri pratama,2026-12-31,4,785.0,19.083333333333336,80.91666666666666,origin
hafizhan hidayat,2026-12-31,4,796.0,24.266666666666666,75.73333333333333,origin
andi wulandari,2026-12-31,7,798.0,28.8,71.2,origin
siti saputra,2026-12-31,6,702.0,25.7,74.3,origin
rina sari,2026-12-31,5,790.0,19.166666666666664,80.83333333333334,varian
reza shidqi,2026-12-31,9,755.0,23.083333333333336,76.91666666666666,varian
maya setiawan,2026-12-31,5,754.0,18.566666666666663,81.43333333333334,varian
fajar lestari,2026-12-31,7,704.0,24.23333333333333,75.76666666666667,varian
siti rahmawati,2026-12-31,5,762.0,20.2,79.8,origin
rina rahmawati,2026-12-31,5,729.0,19.65,80.35,origin
budi wulandari,2026-12-31,4,725.0,18.083333333333336,81.91666666666666,origin
fajar pratama,2026-12-31,9,748.0,27.96666666666667,72.03333333333333,varian
siti lestari,2026-12-31,5,736.0,24.766666666666666,75.23333333333333,origin
ayu shidqi,2026-12-31,4,800.0,19.333333333333336,80.66666666666666,origin
hafizhan sari,2026-12-31,8,744.0,27.9,72.1,varian
budi lestari,2026-12-31,8,711.0,22.35,77.65,varian
budi santoso,2026-12-31,5,726.0,18.1,81.9,varian
hafizhan pratama,2026-12-31,9,761.0,23.183333333333334,76.81666666666666,varian
hafizhan shidqi,2026-12-31,6,747.0,26.45,73.55,origin
siti shidqi,2026-12-31,9,719.0,27.48333333333333,72.51666666666667,varian
andi aminah,2026-12-31,4,727.0,18.116666666666667,81.88333333333333,origin
hafizhan ramadhan,2026-12-31,6,731.0,26.183333333333334,73.81666666666666,origin
fajar santoso,2026-12-31,8,787.0,23.616666666666667,76.38333333333333,varian
agus shidqi,2026-12-31,6,728.0,21.133333333333333,78.86666666666667,origin
maya wulandari,2026-12-31,5,787.0,25.616666666666667,74.38333333333333,origin
maya saputra,2026-12-31,7,740.0,22.833333333333336,77.16666666666666,origin
budi rahmawati,2026-12-31,7,723.0,22.55,77.45,origin
nisa shidqi,2026-12-31,5,751.0,18.516666666666666,81.48333333333333,varian
dimas kusuma,2026-12-31,4,731.0,23.183333333333334,76.81666666666666,origin
agus rahmawati,2026-12-31,8,736.0,22.766666666666666,77.23333333333333,varian
dewi santoso,2026-12-31,8,770.0,21.833333333333336,78.16666666666666,varian
siti sari,2026-12-31,7,774.0,26.9,73.1,varian
dewi setiawan,2026-12-31,4,750.0,23.5,76.5,origin
maya santoso,2026-12-31,9,717.0,22.45,77.55,varian
budi rahmawati,2026-12-31,6,751.0,20.016666666666666,79.98333333333333,varian
agus hidayat,2026-12-31,6,726.0,26.1,73.9,origin
putri aminah,2026-12-31,9,737.0,22.78333333333333,77.21666666666667,varian
dimas ramadhan,2026-12-31,8,702.0,22.2,77.8,varian
putri pratama,2026-12-31,7,752.0,20.03333333333333,79.96666666666667,varian
agus hidayat,2026-12-31,5,746.0,18.433333333333334,81.56666666666666,varian
nisa lestari,2026-12-31,7,793.0,23.71666666666667,76.28333333333333,origin
reza shidqi,2026-12-31,6,780.0,20.5,79.5,varian
dewi hidayat,2026-12-31,7,760.0,20.166666666666664,79.83333333333334,varian
reza wulandari,2026-12-31,7,769.0,28.316666666666663,71.68333333333334,origin
nisa lestari,2026-12-31,5,795.0,24.25,75.75,varian
nisa santoso,2026-12-31,8,715.0,22.416666666666664,77.58333333333334,varian
agus setiawan,2026-12-31,7,747.0,22.95,77.05,origin
ayu rahmawati,2026-12-31,7,744.0,21.4,78.6,varian
dimas saputra,2026-12-31,6,784.0,22.066666666666663,77.93333333333334,origin
nisa santoso,2026-12-31,7,780.0,27.0,73.0,varian
hafizhan rahmawati,2026-12-31,7,748.0,22.96666666666667,77.03333333333333,origin
agus kusuma,2026-12-31,4,720.0,18.0,82.0,origin
maya setiawan,2026-12-31,7,721.0,24.516666666666666,75.48333333333333,varian
andi saputra,2026-12-31,5,722.0,18.03333333333333,81.96666666666667,varian
fajar rahmawati,2026-12-31,4,763.0,18.71666666666667,81.28333333333333,origin
budi sari,2026-12-31,6,749.0,21.48333333333333,78.51666666666667,origin
budi rahmawati,2026-12-31,6,762.0,23.7,76.3,varian
reza aminah,2026-12-31,5,713.0,24.383333333333333,75.61666666666667,origin
putri hidayat,2026-12-31,5,745.0,24.916666666666664,75.08333333333334,origin
andi shidqi,2026-12-31,6,715.0,20.916666666666664,79.08333333333334,origin
fajar lestari,2026-12-31,7,742.0,27.866666666666667,72.13333333333333,origin
reza ramadhan,2026-12-31,7,702.0,27.2,72.8,origin
budi pratama,2026-12-31,8,717.0,22.45,77.55,varian
andi rahmawati,2026-12-31,8,768.0,21.8,78.2,varian
agus hidayat,2026-12-31,5,791.0,25.683333333333334,74.31666666666666,origin
siti ramadhan,2026-12-31,5,724.0,23.066666666666663,76.93333333333334,varian
nisa hidayat,2026-12-31,8,719.0,22.48333333333333,77.51666666666667,varian
reza shidqi,2026-12-31,7,716.0,22.433333333333334,77.56666666666666,origin
maya hidayat,2026-12-31,6,792.0,24.2,75.8,varian
dimas aminah,2026-12-31,9,771.0,28.35,71.65,varian
fajar wulandari,2026-12-31,5,766.0,20.266666666666666,79.73333333333333,origin
hafizhan aminah,2026-12-31,6,759.0,21.65,78.35,origin
nisa hidayat,2026-12-31,5,705.0,19.25,80.75,origin
hafizhan hidayat,2026-12-31,5,704.0,24.23333333333333,75.76666666666667,origin
dewi pratama,2026-12-31,7,768.0,20.3,79.7,varian
fajar setiawan,2026-12-31,9,776.0,23.433333333333334,76.56666666666666,varian
hafizhan ramadhan,2026-12-31,5,708.0,19.3,80.7,origin
hafizhan kusuma,2026-12-31,4,701.0,17.683333333333334,82.31666666666666,origin
nisa kusuma,2026-12-31,5,785.0,19.083333333333336,80.91666666666666,varian
reza kusuma,2026-12-31,9,755.0,28.083333333333336,71.91666666666666,varian
fajar hidayat,2026-12-31,6,747.0,19.95,80.05,varian
nisa pratama,2026-12-31,5,800.0,20.833333333333336,79.16666666666666,origin
budi rahmawati,2026-12-31,7,727.0,27.616666666666667,72.38333333333333,origin
putri saputra,2026-12-31,8,708.0,20.8,79.2,varian
maya ramadhan,2026-12-31,6,789.0,19.15,80.85,varian
nisa sari,2026-12-31,8,726.0,26.1,73.9,varian
fajar saputra,2026-12-31,8,707.0,20.78333333333333,79.21666666666667,varian
hafizhan hidayat,2026-12-31,8,731.0,21.183333333333334,78.81666666666666,varian
putri kusuma,2026-12-31,7,752.0,23.03333333333333,76.96666666666667,origin
hafizhan santoso,2026-12-31,4,753.0,18.55,81.45,origin
ayu sari,2026-12-31,6,799.0,22.316666666666663,77.68333333333334,origin
fajar wulandari,2026-12-31,7,798.0,23.8,76.2,origin
nisa rahmawati,2026-12-31,7,703.0,27.21666666666667,72.78333333333333,origin
siti kusuma,2026-12-31,9,761.0,28.183333333333334,71.81666666666666,varian
reza rahmawati,2026-12-31,6,716.0,22.933333333333334,77.06666666666666,varian
ayu hidayat,2026-12-31,8,800.0,22.333333333333336,77.66666666666666,varian
siti pratama,2026-12-31,9,781.0,23.516666666666666,76.48333333333333,varian
putri saputra,2026-12-31,5,766.0,20.266666666666666,79.73333333333333,origin
putri rahmawati,2026-12-31,8,766.0,23.266666666666666,76.73333333333333,varian
putri shidqi,2026-12-31,8,711.0,27.35,72.65,varian
fajar setiawan,2026-12-31,5,726.0,18.1,81.9,varian
andi ramadhan,2026-12-31,4,702.0,22.7,77.3,origin
reza hidayat,2026-12-31,5,701.0,19.183333333333334,80.81666666666666,origin
siti santoso,2026-12-31,7,789.0,23.65,76.35,origin
putri ramadhan,2026-12-31,5,799.0,25.816666666666663,74.18333333333334,origin
reza setiawan,2026-12-31,8,787.0,28.616666666666667,71.38333333333333,varian
reza shidqi,2026-12-31,9,792.0,28.7,71.3,varian
dimas ramadhan,2026-12-31,6,764.0,21.73333333333333,78.26666666666667,origin
fajar lestari,2026-12-31,6,753.0,20.05,79.95,varian
dimas aminah,2026-12-31,4,702.0,22.7,77.3,origin
andi shidqi,2026-12-31,7,743.0,19.883333333333333,80.11666666666667,varian
agus kusuma,2026-12-31,4,795.0,24.25,75.75,origin
dewi pratama,2026-12-31,8,775.0,23.416666666666664,76.58333333333334,varian
maya kusuma,2026-12-31,8,705.0,22.25,77.75,varian
siti sari,2026-12-31,6,722.0,21.03333333333333,78.96666666666667,origin
hafizhan wulandari,2026-12-31,4,738.0,18.3,81.7,origin
fajar wulandari,2026-12-31,6,758.0,21.633333333333333,78.36666666666667,origin
hafizhan santoso,2026-12-31,6,763.0,26.71666666666667,73.28333333333333,origin
agus lestari,2026-12-31,5,723.0,18.05,81.95,varian
siti wulandari,2026-12-31,7,792.0,20.7,79.3,varian
reza shidqi,2026-12-31,9,768.0,28.3,71.7,varian
fajar shidqi,2026-12-31,7,719.0,22.48333333333333,77.51666666666667,origin
maya kusuma,2026-12-31,5,757.0,25.116666666666667,74.88333333333333,origin
siti pratama,2026-12-31,7,704.0,25.73333333333333,74.26666666666667,varian
ayu kusuma,2026-12-31,6,786.0,22.1,77.9,origin
maya kusuma,2026-12-31,7,735.0,27.75,72.25,origin
ayu pratama,2026-12-31,7,787.0,20.616666666666667,79.38333333333333,varian
hafizhan pratama,2026-12-31,5,749.0,23.48333333333333,76.51666666666667,varian
siti ramadhan,2026-12-31,7,719.0,19.48333333333333,80.51666666666667,varian
dimas pratama,2026-12-31,4,761.0,18.683333333333334,81.31666666666666,origin
dimas rahmawati,2026-12-31,4,703.0,22.71666666666667,77.28333333333333,origin
fajar kusuma,2026-12-31,7,759.0,23.15,76.85,origin
putri santoso,2026-12-31,8,772.0,23.366666666666667,76.63333333333333,varian
dimas kusuma,2026-12-31,5,800.0,24.333333333333336,75.66666666666666,varian
dimas kusuma,2026-12-31,5,795.0,20.75,79.25,origin
reza rahmawati,2026-12-31,4,755.0,23.583333333333336,76.41666666666666,origin
andi sari,2026-12-31,7,792.0,28.7,71.3,origin
reza lestari,2026-12-31,7,738.0,22.8,77.2,origin
reza sari,2026-12-31,8,710.0,27.333333333333336,72.66666666666666,varian
putri pratama,2026-12-31,6,708.0,20.8,79.2,origin
rina lestari,2026-12-31,4,726.0,18.1,81.9,origin
rizky kusuma,2026-12-31,5,703.0,17.71666666666667,82.28333333333333,varian
dewi ramadhan,2026-12-31,7,745.0,22.916666666666664,77.08333333333334,origin
dewi sari,2026-12-31,7,784.0,20.566666666666663,79.43333333333334,varian
putri saputra,2026-12-31,6,720.0,18.0,82.0,varian
rina kusuma,2026-12-31,5,798.0,24.3,75.7,varian
andi lestari,2026-12-31,8,732.0,21.2,78.8,varian
reza rahmawati,2026-12-31,5,757.0,23.616666666666667,76.38333333333333,varian
agus shidqi,2026-12-31,7,769.0,25.316666666666663,74.68333333333334,varian
hafizhan kusuma,2026-12-31,5,718.0,24.46666666666667,75.53333333333333,origin
rina saputra,2026-12-31,6,708.0,25.8,74.2,origin
nisa saputra,2026-12-31,7,754.0,28.066666666666663,71.93333333333334,origin
dimas hidayat,2026-12-31,5,762.0,25.2,74.8,origin
reza wulandari,2026-12-31,6,763.0,23.71666666666667,76.28333333333333,varian
nisa kusuma,2026-12-31,9,774.0,28.4,71.6,varian
rina santoso,2026-12-31,7,768.0,23.3,76.7,origin
fajar aminah,2026-12-31,7,716.0,27.433333333333334,72.56666666666666,origin
hafizhan pratama,2026-12-31,6,702.0,24.2,75.8,varian
hafizhan saputra,2026-12-31,6,740.0,19.833333333333336,80.16666666666666,varian
hafizhan lestari,2026-12-31,5,733.0,23.21666666666667,76.78333333333333,varian
rizky saputra,2026-12-31,6,708.0,24.3,75.7,varian
andi aminah,2026-12-31,6,749.0,23.48333333333333,76.51666666666667,varian
siti lestari,2026-12-31,6,787.0,27.116666666666667,72.88333333333333,origin
fajar setiawan,2026-12-31,6,760.0,20.166666666666664,79.83333333333334,varian
budi kusuma,2026-12-31,5,708.0,19.3,80.7,origin
fajar saputra,2026-12-31,5,724.0,19.566666666666663,80.43333333333334,origin
ayu saputra,2026-12-31,6,729.0,23.15,76.85,varian
maya ramadhan,2026-12-31,7,730.0,21.166666666666664,78.83333333333334,varian
hafizhan sari,2026-12-31,7,707.0,27.28333333333333,72.71666666666667,origin
rina santoso,2026-12-31,6,782.0,22.03333333333333,77.96666666666667,origin
hafizhan hidayat,2026-12-31,5,762.0,20.2,79.8,origin
budi saputra,2026-12-31,7,705.0,24.25,75.75,varian
siti ramadhan,2026-12-31,6,764.0,25.23333333333333,74.76666666666667,varian
fajar sari,2026-12-31,6,722.0,23.03333333333333,76.96666666666667,varian
andi rahmawati,2026-12-31,4,759.0,18.65,81.35,origin
siti sari,2026-12-31,6,761.0,26.683333333333334,73.31666666666666,origin
fajar hidayat,2026-12-31,5,726.0,24.6,75.4,origin
siti shidqi,2026-12-31,4,744.0,23.4,76.6,origin
hafizhan kusuma,2026-12-31,7,721.0,26.016666666666666,73.98333333333333,varian
reza aminah,2026-12-31,5,737.0,18.28333333333333,81.71666666666667,varian
rizky sari,2026-12-31,7,800.0,23.833333333333336,76.16666666666666,origin
maya kusuma,2026-12-31,7,782.0,20.53333333333333,79.46666666666667,varian
putri lestari,2026-12-31,6,760.0,23.666666666666664,76.33333333333334,varian
dewi santoso,2026-12-31,6,735.0,24.75,75.25,varian
andi rahmawati,2026-12-31,5,717.0,19.45,80.55,origin
nisa pratama,2026-12-31,6,774.0,21.9,78.1,origin
reza kusuma,2026-12-31,7,706.0,19.266666666666666,80.73333333333333,varian
nisa sari,2026-12-31,5,732.0,18.2,81.8,varian
putri kusuma,2026-12-31,5,716.0,19.433333333333334,80.56666666666666,origin
budi lestari,2026-12-31,6,766.0,18.766666666666666,81.23333333333333,varian
ayu kusuma,2026-12-31,7,773.0,21.883333333333333,78.11666666666667,varian
andi pratama,2026-12-31,6,791.0,20.683333333333334,79.31666666666666,varian
fajar setiawan,2026-12-31,8,766.0,21.766666666666666,78.23333333333333,varian
reza pratama,2026-12-31,6,721.0,18.016666666666666,81.98333333333333,varian
siti pratama,2026-12-31,4,710.0,22.833333333333336,77.16666666666666,origin
siti rahmawati,2026-12-31,6,717.0,20.95,79.05,origin
rina aminah,2026-12-31,7,750.0,20.0,80.0,varian
fajar sari,2026-12-31,4,760.0,18.666666666666664,81.33333333333334,origin
dimas ramadhan,2026-12-31,5,773.0,20.383333333333333,79.61666666666667,origin
maya setiawan,2026-12-31,6,773.0,21.883333333333333,78.11666666666667,origin
dimas setiawan,2026-12-31,6,752.0,18.53333333333333,81.46666666666667,varian
fajar hidayat,2026-12-31,5,778.0,18.96666666666667,81.03333333333333,varian
agus saputra,2026-12-31,4,751.0,18.516666666666666,81.48333333333333,origin
nisa shidqi,2026-12-31,8,795.0,23.75,76.25,varian
fajar aminah,2026-12-31,5,763.0,23.71666666666667,76.28333333333333,varian
budi setiawan,2026-12-31,9,735.0,22.75,77.25,varian
rina pratama,2026-12-31,4,722.0,18.03333333333333,81.96666666666667,origin
agus ramadhan,2026-12-31,9,766.0,23.266666666666666,76.73333333333333,varian
agus hidayat,2026-12-31,6,731.0,18.183333333333334,81.81666666666666,varian
dimas lestari,2026-12-31,9,783.0,23.55,76.45,varian
dewi wulandari,2026-12-31,4,708.0,17.8,82.2,origin
ayu wulandari,2026-12-31,4,766.0,18.766666666666666,81.23333333333333,origin
nisa ramadhan,2026-12-31,7,796.0,20.766666666666666,79.23333333333333,varian
dimas santoso,2026-12-31,9,755.0,23.083333333333336,76.91666666666666,varian
maya hidayat,2026-12-31,7,722.0,27.53333333333333,72.46666666666667,origin
andi rahmawati,2026-12-31,7,776.0,23.433333333333334,76.56666666666666,origin
rizky sari,2026-12-31,8,701.0,25.683333333333334,74.31666666666666,varian
agus sari,2026-12-31,8,800.0,23.833333333333336,76.16666666666666,varian
hafizhan wulandari,2026-12-31,7,780.0,22.0,78.0,varian
rizky kusuma,2026-12-31,7,776.0,23.433333333333334,76.56666666666666,origin
fajar kusuma,2026-12-31,7,790.0,23.666666666666664,76.33333333333334,origin
andi saputra,2026-12-31,6,795.0,20.75,79.25,varian
rizky saputra,2026-12-31,5,785.0,19.083333333333336,80.91666666666666,varian
rina sari,2026-12-31,6,750.0,21.5,78.5,origin
agus santoso,2026-12-31,4,772.0,18.866666666666667,81.13333333333333,origin
rina rahmawati,2026-12-31,8,755.0,23.083333333333336,76.91666666666666,varian
rina hidayat,2026-12-31,8,738.0,21.3,78.7,varian
ayu hidayat,2026-12-31,4,770.0,23.833333333333336,76.16666666666666,origin
siti shidqi,2026-12-31,6,744.0,21.4,78.6,origin
siti lestari,2026-12-31,7,789.0,22.15,77.85,varian
fajar shidqi,2026-12-31,7,761.0,28.183333333333334,71.81666666666666,origin
reza pratama,2026-12-31,7,725.0,22.583333333333336,77.41666666666666,origin
maya lestari,2026-12-31,7,750.0,23.0,77.0,origin
andi kusuma,2026-12-31,6,752.0,20.03333333333333,79.96666666666667,varian
hafizhan aminah,2026-12-31,4,725.0,23.083333333333336,76.91666666666666,origin
reza aminah,2026-12-31,8,779.0,21.98333333333333,78.01666666666667,varian
dewi setiawan,2026-12-31,7,779.0,20.48333333333333,79.51666666666667,varian
siti sari,2026-12-31,7,765.0,28.25,71.75,origin
dewi aminah,2026-12-31,7,743.0,19.883333333333333,80.11666666666667,varian
fajar wulandari,2026-12-31,4,782.0,19.03333333333333,80.96666666666667,origin
rina shidqi,2026-12-31,5,754.0,18.566666666666663,81.43333333333334,varian
reza setiawan,2026-12-31,7,739.0,22.816666666666663,77.18333333333334,origin
siti wulandari,2026-12-31,7,791.0,23.683333333333334,76.31666666666666,origin
dimas pratama,2026-12-31,9,790.0,23.666666666666664,76.33333333333334,varian
ayu santoso,2026-12-31,6,796.0,27.266666666666666,72.73333333333333,origin
rizky saputra,2026-12-31,6,796.0,22.266666666666666,77.73333333333333,origin
agus pratama,2026-12-31,8,781.0,22.016666666666666,77.98333333333333,varian
budi kusuma,2026-12-31,8,757.0,21.616666666666667,78.38333333333333,varian
agus kusuma,2026-12-31,8,791.0,28.683333333333334,71.31666666666666,varian
dewi santoso,2026-12-31,9,781.0,28.516666666666666,71.48333333333333,varian
budi rahmawati,2026-12-31,5,777.0,25.45,74.55,origin
maya shidqi,2026-12-31,7,720.0,22.5,77.5,origin
siti saputra,2026-12-31,6,788.0,22.133333333333333,77.86666666666667,origin
fajar saputra,2026-12-31,8,720.0,27.5,72.5,varian
dimas hidayat,2026-12-31,7,709.0,22.316666666666663,77.68333333333334,origin
dimas rahmawati,2026-12-31,8,767.0,23.28333333333333,76.71666666666667,varian
hafizhan lestari,2026-12-31,7,756.0,25.1,74.9,varian
budi santoso,2026-12-31,7,717.0,22.45,77.55,origin
dimas setiawan,2026-12-31,5,751.0,20.016666666666666,79.98333333333333,origin
andi shidqi,2026-12-31,5,733.0,24.71666666666667,75.28333333333333,origin
putri sari,2026-12-31,7,705.0,22.25,77.75,origin
agus sari,2026-12-31,5,706.0,22.766666666666666,77.23333333333333,varian
reza santoso,2026-12-31,6,730.0,19.666666666666664,80.33333333333334,varian
agus setiawan,2026-12-31,4,727.0,18.116666666666667,81.88333333333333,origin
rizky ramadhan,2026-12-31,8,795.0,22.25,77.75,varian
fajar saputra,2026-12-31,5,766.0,25.266666666666666,74.73333333333333,origin
putri lestari,2026-12-31,9,744.0,27.9,72.1,varian
dewi kusuma,2026-12-31,6,742.0,21.366666666666667,78.63333333333333,origin
putri kusuma,2026-12-31,6,719.0,24.48333333333333,75.51666666666667,varian
andi kusuma,2026-12-31,4,715.0,22.916666666666664,77.08333333333334,origin
putri rahmawati,2026-12-31,7,742.0,26.366666666666667,73.63333333333333,varian
siti shidqi,2026-12-31,6,767.0,25.28333333333333,74.71666666666667,varian
ayu santoso,2026-12-31,7,717.0,25.95,74.05,varian
siti lestari,2026-12-31,9,780.0,23.5,76.5,varian
reza ramadhan,2026-12-31,6,701.0,24.183333333333334,75.81666666666666,varian
ayu aminah,2026-12-31,6,745.0,21.416666666666664,78.58333333333334,origin
rina sari,2026-12-31,6,772.0,26.866666666666667,73.13333333333333,origin
putri wulandari,2026-12-31,6,754.0,23.566666666666663,76.43333333333334,varian
agus lestari,2026-12-31,6,792.0,25.7,74.3,varian
fajar santoso,2026-12-31,7,773.0,28.383333333333333,71.61666666666667,origin
ayu rahmawati,2026-12-31,6,739.0,19.816666666666663,80.18333333333334,varian
andi ramadhan,2026-12-31,4,741.0,18.35,81.65,origin
agus lestari,2026-12-31,6,723.0,21.05,78.95,origin
maya setiawan,2026-12-31,5,792.0,20.7,79.3,origin
ayu setiawan,2026-12-31,8,741.0,26.35,73.65,varian
rina kusuma,2026-12-31,6,719.0,17.983333333333334,82.01666666666667,varian
nisa sari,2026-12-31,6,712.0,20.866666666666667,79.13333333333333,origin
budi setiawan,2026-12-31,4,706.0,17.766666666666666,82.23333333333333,origin
andi ramadhan,2026-12-31,4,761.0,23.683333333333334,76.31666666666666,origin
budi rahmawati,2026-12-31,7,724.0,27.566666666666663,72.43333333333334,origin
rizky saputra,2026-12-31,6,792.0,24.2,75.8,varian
ayu kusuma,2026-12-31,7,712.0,20.866666666666667,79.13333333333333,varian
andi wulandari,2026-12-31,7,766.0,25.266666666666666,74.73333333333333,varian
fajar pratama,2026-12-31,6,799.0,25.816666666666663,74.18333333333334,varian
budi santoso,2026-12-31,7,784.0,23.566666666666663,76.43333333333334,origin
ayu santoso,2026-12-31,6,709.0,25.816666666666663,74.18333333333334,origin
ayu sari,2026-12-31,6,779.0,21.98333333333333,78.01666666666667,origin
dimas shidqi,2026-12-31,7,749.0,21.48333333333333,78.51666666666667,varian
budi setiawan,2026-12-31,5,771.0,18.85,81.15,varian
hafizhan hidayat,2026-12-31,5,769.0,20.316666666666663,79.68333333333334,origin
rizky aminah,2026-12-31,7,738.0,27.8,72.2,origin
rizky hidayat,2026-12-31,8,720.0,27.5,72.5,varian
nisa pratama,2026-12-31,6,721.0,26.016666666666666,73.98333333333333,origin
fajar hidayat,2026-12-31,7,792.0,22.2,77.8,varian
siti kusuma,2026-12-31,4,707.0,17.78333333333333,82.21666666666667,origin
rina lestari,2026-12-31,6,729.0,23.15,76.85,varian
dimas setiawan,2026-12-31,9,719.0,27.48333333333333,72.51666666666667,varian
dewi setiawan,2026-12-31,8,745.0,22.916666666666664,77.08333333333334,varian
fajar setiawan,2026-12-31,5,700.0,24.166666666666664,75.83333333333334,origin
siti kusuma,2026-12-31,6,751.0,26.516666666666666,73.48333333333333,origin
siti rahmawati,2026-12-31,7,793.0,23.71666666666667,76.28333333333333,origin
ayu santoso,2026-12-31,5,711.0,24.35,75.65,origin
ayu lestari,2026-12-31,8,752.0,21.53333333333333,78.46666666666667,varian
andi lestari,2026-12-31,5,787.0,20.616666666666667,79.38333333333333,origin
putri kusuma,2026-12-31,8,793.0,23.71666666666667,76.28333333333333,varian
budi shidqi,2026-12-31,7,752.0,21.53333333333333,78.46666666666667,varian
maya hidayat,2026-12-31,4,780.0,19.0,81.0,origin
ayu shidqi,2026-12-31,6,709.0,25.816666666666663,74.18333333333334,origin
ayu lestari,2026-12-31,4,752.0,23.53333333333333,76.46666666666667,origin
fajar rahmawati,2026-12-31,9,714.0,22.4,77.6,varian
reza hidayat,2026-12-31,7,766.0,23.266666666666666,76.73333333333333,origin
putri wulandari,2026-12-31,5,780.0,20.5,79.5,origin
rizky hidayat,2026-12-31,8,793.0,28.71666666666667,71.28333333333333,varian
rizky aminah,2026-12-31,6,734.0,23.23333333333333,76.76666666666667,varian
maya ramadhan,2026-12-31,7,721.0,19.516666666666666,80.48333333333333,varian
nisa rahmawati,2026-12-31,7,718.0,22.46666666666667,77.53333333333333,origin
dimas sari,2026-12-31,8,737.0,22.78333333333333,77.21666666666667,varian
budi aminah,2026-12-31,7,784.0,22.066666666666663,77.93333333333334,varian
reza rahmawati,2026-12-31,5,707.0,19.28333333333333,80.71666666666667,origin
putri wulandari,2026-12-31,7,792.0,25.7,74.3,varian
fajar saputra,2026-12-31,5,770.0,18.833333333333336,81.16666666666666,varian
putri setiawan,2026-12-31,8,715.0,27.416666666666664,72.58333333333334,varian
ayu setiawan,2026-12-31,5,707.0,24.28333333333333,75.71666666666667,origin
rizky pratama,2026-12-31,4,750.0,18.5,81.5,origin
andi pratama,2026-12-31,6,795.0,22.25,77.75,origin
fajar shidqi,2026-12-31,4,746.0,18.433333333333334,81.56666666666666,origin
andi wulandari,2026-12-31,5,719.0,19.48333333333333,80.51666666666667,origin
andi aminah,2026-12-31,7,723.0,27.55,72.45,origin
putri santoso,2026-12-31,4,765.0,18.75,81.25,origin
putri ramadhan,2026-12-31,7,748.0,24.96666666666667,75.03333333333333,varian
dewi wulandari,2026-12-31,4,767.0,18.78333333333333,81.21666666666667,origin
budi sari,2026-12-31,7,724.0,22.566666666666663,77.43333333333334,origin
budi ramadhan,2026-12-31,9,793.0,23.71666666666667,76.28333333333333,varian
fajar lestari,2026-12-31,7,707.0,27.28333333333333,72.71666666666667,origin
agus ramadhan,2026-12-31,9,727.0,22.616666666666667,77.38333333333333,varian
siti hidayat,2026-12-31,5,726.0,18.1,81.9,varian
nisa hidayat,2026-12-31,6,746.0,21.433333333333334,78.56666666666666,origin
hafizhan saputra,2026-12-31,5,725.0,19.583333333333336,80.41666666666666,origin
fajar aminah,2026-12-31,8,721.0,22.516666666666666,77.48333333333333,varian
siti wulandari,2026-12-31,9,752.0,23.03333333333333,76.96666666666667,varian
andi ramadhan,2026-12-31,6,777.0,20.45,79.55,varian
siti shidqi,2026-12-31,6,748.0,21.46666666666667,78.53333333333333,origin
hafizhan setiawan,2026-12-31,7,775.0,20.416666666666664,79.58333333333334,varian
dewi rahmawati,2026-12-31,4,702.0,17.7,82.3,origin
siti shidqi,2026-12-31,6,744.0,21.4,78.6,origin
maya hidayat,2026-12-31,6,743.0,21.383333333333333,78.61666666666667,origin
reza lestari,2026-12-31,9,778.0,23.46666666666667,76.53333333333333,varian
putri sari,2026-12-31,6,763.0,18.71666666666667,81.28333333333333,varian
budi saputra,2026-12-31,5,702.0,19.2,80.8,origin
rina hidayat,2026-12-31,6,725.0,21.083333333333336,78.91666666666666,origin
maya hidayat,2026-12-31,4,706.0,17.766666666666666,82.23333333333333,origin
budi aminah,2026-12-31,7,735.0,24.75,75.25,varian
andi shidqi,2026-12-31,5,792.0,20.7,79.3,origin
putri santoso,2026-12-31,6,711.0,19.35,80.65,varian
fajar shidqi,2026-12-31,7,714.0,22.4,77.6,origin
putri pratama,2026-12-31,6,742.0,26.366666666666667,73.63333333333333,origin
budi wulandari,2026-12-31,6,732.0,24.7,75.3,varian
ayu lestari,2026-12-31,9,751.0,23.016666666666666,76.98333333333333,varian
reza hidayat,2026-12-31,5,787.0,20.616666666666667,79.38333333333333,origin
putri setiawan,2026-12-31,6,762.0,20.2,79.8,varian
siti hidayat,2026-12-31,6,777.0,21.95,78.05,origin
agus wulandari,2026-12-31,8,757.0,21.616666666666667,78.38333333333333,varian
putri hidayat,2026-12-31,8,700.0,22.166666666666664,77.83333333333334,varian
agus shidqi,2026-12-31,6,787.0,20.616666666666667,79.38333333333333,varian
reza ramadhan,2026-12-31,5,755.0,25.083333333333336,74.91666666666666,origin
andi sari,2026-12-31,5,781.0,20.516666666666666,79.48333333333333,origin
ayu santoso,2026-12-31,4,786.0,24.1,75.9,origin
fajar sari,2026-12-31,6,775.0,21.916666666666664,78.08333333333334,origin
maya aminah,2026-12-31,7,722.0,21.03333333333333,78.96666666666667,varian
hafizhan shidqi,2026-12-31,6,748.0,24.96666666666667,75.03333333333333,varian
nisa ramadhan,2026-12-31,6,709.0,20.816666666666663,79.18333333333334,origin
ayu aminah,2026-12-31,7,737.0,22.78333333333333,77.21666666666667,origin
hafizhan santoso,2026-12-31,7,708.0,22.3,77.7,origin
nisa kusuma,2026-12-31,8,782.0,27.03333333333333,72.96666666666667,varian
reza rahmawati,2026-12-31,7,719.0,25.98333333333333,74.01666666666667,varian
dimas rahmawati,2026-12-31,7,741.0,26.35,73.65,varian
andi shidqi,2026-12-31,5,714.0,24.4,75.6,origin
putri kusuma,2026-12-31,5,732.0,19.7,80.3,origin
ayu santoso,2026-12-31,7,721.0,27.516666666666666,72.48333333333333,origin
reza santoso,2026-12-31,5,731.0,19.683333333333334,80.31666666666666,origin
dewi pratama,2026-12-31,9,701.0,22.183333333333334,77.81666666666666,varian
reza lestari,2026-12-31,7,715.0,22.416666666666664,77.58333333333334,origin
reza shidqi,2026-12-31,7,702.0,19.2,80.8,varian
budi kusuma,2026-12-31,4,776.0,18.933333333333334,81.06666666666666,origin
budi setiawan,2026-12-31,6,773.0,26.883333333333333,73.11666666666667,origin
maya aminah,2026-12-31,9,709.0,22.316666666666663,77.68333333333334,varian
rina ramadhan,2026-12-31,5,714.0,19.4,80.6,origin
fajar setiawan,2026-12-31,6,745.0,18.416666666666664,81.58333333333334,varian
andi lestari,2026-12-31,5,749.0,19.98333333333333,80.01666666666667,origin
dewi sari,2026-12-31,6,788.0,20.633333333333333,79.36666666666667,varian
dimas shidqi,2026-12-31,5,796.0,25.766666666666666,74.23333333333333,origin
maya lestari,2026-12-31,7,783.0,22.05,77.95,varian
andi hidayat,2026-12-31,6,705.0,20.75,79.25,origin
putri shidqi,2026-12-31,6,721.0,21.016666666666666,78.98333333333333,origin
agus sari,2026-12-31,4,791.0,24.183333333333334,75.81666666666666,origin
andi shidqi,2026-12-31,6,733.0,21.21666666666667,78.78333333333333,origin
hafizhan aminah,2026-12-31,8,745.0,22.916666666666664,77.08333333333334,varian
siti kusuma,2026-12-31,9,794.0,23.73333333333333,76.26666666666667,varian
maya saputra,2026-12-31,4,795.0,24.25,75.75,origin
hafizhan ramadhan,2026-12-31,8,743.0,22.883333333333333,77.11666666666667,varian
maya rahmawati,2026-12-31,7,747.0,27.95,72.05,origin
ayu lestari,2026-12-31,5,743.0,24.883333333333333,75.11666666666667,origin
andi ramadhan,2026-12-31,5,783.0,25.55,74.45,origin
dimas hidayat,2026-12-31,6,717.0,17.95,82.05,varian
fajar rahmawati,2026-12-31,8,782.0,22.03333333333333,77.96666666666667,varian
andi setiawan,2026-12-31,4,763.0,18.71666666666667,81.28333333333333,origin
dewi santoso,2026-12-31,6,771.0,18.85,81.15,varian
budi hidayat,2026-12-31,7,769.0,28.316666666666663,71.68333333333334,origin
siti hidayat,2026-12-31,5,746.0,18.433333333333334,81.56666666666666,varian
rina aminah,2026-12-31,4,711.0,17.85,82.15,origin
nisa lestari,2026-12-31,8,745.0,21.416666666666664,78.58333333333334,varian
hafizhan aminah,2026-12-31,6,719.0,20.98333333333333,79.01666666666667,origin
siti pratama,2026-12-31,5,702.0,19.2,80.8,origin
siti lestari,2026-12-31,4,703.0,22.71666666666667,77.28333333333333,origin
reza santoso,2026-12-31,6,768.0,21.8,78.2,origin
budi santoso,2026-12-31,6,706.0,24.266666666666666,75.73333333333333,varian
maya santoso,2026-12-31,8,796.0,22.266666666666666,77.73333333333333,varian
rina shidqi,2026-12-31,5,765.0,23.75,76.25,varian
rina aminah,2026-12-31,5,787.0,20.616666666666667,79.38333333333333,origin
budi sari,2026-12-31,9,740.0,22.833333333333336,77.16666666666666,varian
andi sari,2026-12-31,8,753.0,21.55,78.45,varian
rizky setiawan,2026-12-31,5,715.0,24.416666666666664,75.58333333333334,origin
budi setiawan,2026-12-31,5,715.0,17.916666666666664,82.08333333333334,varian
hafizhan pratama,2026-12-31,5,720.0,19.5,80.5,origin
nisa shidqi,2026-12-31,8,716.0,22.433333333333334,77.56666666666666,varian
agus kusuma,2026-12-31,6,700.0,20.666666666666664,79.33333333333334,origin
rizky pratama,2026-12-31,5,787.0,20.616666666666667,79.38333333333333,origin
nisa wulandari,2026-12-31,9,761.0,23.183333333333334,76.81666666666666,varian
reza sari,2026-12-31,8,732.0,21.2,78.8,varian
maya pratama,2026-12-31,7,753.0,23.05,76.95,origin
agus setiawan,2026-12-31,6,781.0,22.016666666666666,77.98333333333333,origin
maya saputra,2026-12-31,7,750.0,26.5,73.5,varian
reza aminah,2026-12-31,7,707.0,22.28333333333333,77.71666666666667,origin
andi shidqi,2026-12-31,6,745.0,18.416666666666664,81.58333333333334,varian
dimas kusuma,2026-12-31,7,715.0,24.416666666666664,75.58333333333334,varian
andi pratama,2026-12-31,6,740.0,19.833333333333336,80.16666666666666,varian
rina shidqi,2026-12-31,6,705.0,20.75,79.25,origin
nisa kusuma,2026-12-31,7,784.0,25.566666666666663,74.43333333333334,varian
dimas rahmawati,2026-12-31,7,800.0,25.833333333333336,74.16666666666666,varian
fajar kusuma,2026-12-31,5,737.0,19.78333333333333,80.21666666666667,origin
nisa santoso,2026-12-31,6,751.0,21.516666666666666,78.48333333333333,origin
reza hidayat,2026-12-31,6,716.0,17.933333333333334,82.06666666666666,varian
rizky aminah,2026-12-31,7,784.0,22.066666666666663,77.93333333333334,varian
ayu ramadhan,2026-12-31,7,798.0,23.8,76.2,origin
siti hidayat,2026-12-31,4,774.0,18.9,81.1,origin
reza shidqi,2026-12-31,7,789.0,28.65,71.35,origin
dewi saputra,2026-12-31,5,747.0,19.95,80.05,origin
dimas shidqi,2026-12-31,9,753.0,28.05,71.95,varian
agus saputra,2026-12-31,7,726.0,22.6,77.4,origin
ayu shidqi,2026-12-31,5,777.0,18.95,81.05,varian
hafizhan kusuma,2026-12-31,5,745.0,18.416666666666664,81.58333333333334,varian
maya shidqi,2026-12-31,8,769.0,23.316666666666663,76.68333333333334,varian
budi santoso,2026-12-31,7,796.0,23.766666666666666,76.23333333333333,origin
fajar ramadhan,2026-12-31,5,767.0,25.28333333333333,74.71666666666667,origin
rina saputra,2026-12-31,5,731.0,23.183333333333334,76.81666666666666,varian
fajar aminah,2026-12-31,6,703.0,25.71666666666667,74.28333333333333,origin
nisa saputra,2026-12-31,5,772.0,25.366666666666667,74.63333333333333,origin
siti lestari,2026-12-31,6,759.0,21.65,78.35,origin
agus wulandari,2026-12-31,6,790.0,19.166666666666664,80.83333333333334,varian
dimas ramadhan,2026-12-31,7,734.0,19.73333333333333,80.26666666666667,varian
siti pratama,2026-12-31,8,766.0,26.766666666666666,73.23333333333333,varian
andi rahmawati,2026-12-31,7,789.0,22.15,77.85,varian
andi sari,2026-12-31,7,738.0,19.8,80.2,varian
dewi shidqi,2026-12-31,4,746.0,18.433333333333334,81.56666666666666,origin
rizky shidqi,2026-12-31,7,768.0,28.3,71.7,origin
nisa shidqi,2026-12-31,7,725.0,19.583333333333336,80.41666666666666,varian
siti lestari,2026-12-31,5,756.0,20.1,79.9,origin
reza rahmawati,2026-12-31,7,738.0,19.8,80.2,varian
rina shidqi,2026-12-31,6,737.0,21.28333333333333,78.71666666666667,origin
nisa setiawan,2026-12-31,6,732.0,21.2,78.8,origin
dimas pratama,2026-12-31,6,720.0,26.0,74.0,origin
andi shidqi,2026-12-31,6,708.0,25.8,74.2,origin
siti santoso,2026-12-31,7,730.0,22.666666666666664,77.33333333333334,origin
fajar aminah,2026-12-31,9,735.0,27.75,72.25,varian
putri ramadhan,2026-12-31,5,722.0,24.53333333333333,75.46666666666667,origin
nisa shidqi,2026-12-31,5,709.0,17.816666666666666,82.18333333333334,varian
dewi saputra,2026-12-31,8,795.0,27.25,72.75,varian
dimas sari,2026-12-31,7,779.0,23.48333333333333,76.51666666666667,origin
maya kusuma,2026-12-31,4,700.0,17.666666666666664,82.33333333333334,origin
maya saputra,2026-12-31,6,714.0,20.9,79.1,origin
hafizhan saputra,2026-12-31,6,780.0,27.0,73.0,origin
agus kusuma,2026-12-31,5,737.0,19.78333333333333,80.21666666666667,origin
siti sari,2026-12-31,8,714.0,25.9,74.1,varian
agus wulandari,2026-12-31,4,765.0,18.75,81.25,origin
fajar shidqi,2026-12-31,7,759.0,26.65,73.35,varian
maya ramadhan,2026-12-31,7,727.0,24.616666666666667,75.38333333333333,varian
nisa santoso,2026-12-31,6,799.0,25.816666666666663,74.18333333333334,varian
rina hidayat,2026-12-31,8,724.0,22.566666666666663,77.43333333333334,varian
reza aminah,2026-12-31,5,719.0,19.48333333333333,80.51666666666667,origin
fajar kusuma,2026-12-31,6,795.0,22.25,77.75,origin
fajar wulandari,2026-12-31,8,710.0,20.833333333333336,79.16666666666666,varian
agus hidayat,2026-12-31,6,741.0,19.85,80.15,varian
ayu setiawan,2026-12-31,5,728.0,23.133333333333333,76.86666666666667,varian
putri setiawan,2026-12-31,8,785.0,28.583333333333336,71.41666666666666,varian
hafizhan santoso,2026-12-31,6,756.0,23.6,76.4,varian
rizky kusuma,2026-12-31,6,764.0,18.73333333333333,81.26666666666667,varian
reza kusuma,2026-12-31,6,756.0,21.6,78.4,origin
andi kusuma,2026-12-31,8,712.0,22.366666666666667,77.63333333333333,varian
siti wulandari,2026-12-31,6,745.0,19.916666666666664,80.08333333333334,varian
siti lestari,2026-12-31,4,738.0,18.3,81.7,origin
ayu hidayat,2026-12-31,5,751.0,25.016666666666666,74.98333333333333,origin
siti aminah,2026-12-31,6,710.0,19.333333333333336,80.66666666666666,varian
reza aminah,2026-12-31,4,701.0,17.683333333333334,82.31666666666666,origin
andi shidqi,2026-12-31,6,761.0,21.683333333333334,78.31666666666666,origin
dimas sari,2026-12-31,7,766.0,23.266666666666666,76.73333333333333,origin
dewi setiawan,2026-12-31,7,797.0,25.78333333333333,74.21666666666667,varian
hafizhan kusuma,2026-12-31,7,714.0,27.4,72.6,origin
nisa pratama,2026-12-31,4,780.0,19.0,81.0,origin
reza setiawan,2026-12-31,4,794.0,19.23333333333333,80.76666666666667,origin
rina wulandari,2026-12-31,9,738.0,27.8,72.2,varian
ayu setiawan,2026-12-31,6,710.0,25.833333333333336,74.16666666666666,origin
maya hidayat,2026-12-31,7,789.0,23.65,76.35,origin
dimas ramadhan,2026-12-31,8,789.0,22.15,77.85,varian
siti shidqi,2026-12-31,4,717.0,22.95,77.05,origin
maya aminah,2026-12-31,6,712.0,25.866666666666667,74.13333333333333,origin
rina pratama,2026-12-31,6,728.0,21.133333333333333,78.86666666666667,origin
reza setiawan,2026-12-31,5,771.0,18.85,81.15,varian
budi wulandari,2026-12-31,4,791.0,19.183333333333334,80.81666666666666,origin
agus aminah,2026-12-31,4,759.0,18.65,81.35,origin
siti setiawan,2026-12-31,7,746.0,26.433333333333334,73.56666666666666,varian
fajar rahmawati,2026-12-31,5,775.0,18.916666666666664,81.08333333333334,varian
hafizhan shidqi,2026-12-31,5,733.0,19.71666666666667,80.28333333333333,origin
reza rahmawati,2026-12-31,6,719.0,24.48333333333333,75.51666666666667,varian
siti rahmawati,2026-12-31,8,741.0,27.85,72.15,varian
dewi kusuma,2026-12-31,8,754.0,26.566666666666663,73.43333333333334,varian
andi shidqi,2026-12-31,7,726.0,19.6,80.4,varian
agus aminah,2026-12-31,6,774.0,25.4,74.6,varian
andi hidayat,2026-12-31,8,764.0,21.73333333333333,78.26666666666667,varian
reza rahmawati,2026-12-31,7,744.0,22.9,77.1,origin
nisa shidqi,2026-12-31,4,713.0,22.883333333333333,77.11666666666667,origin
nisa santoso,2026-12-31,5,769.0,18.816666666666663,81.18333333333334,varian
hafizhan kusuma,2026-12-31,5,732.0,19.7,80.3,origin
budi wulandari,2026-12-31,7,794.0,22.23333333333333,77.76666666666667,varian
rizky santoso,2026-12-31,4,797.0,19.28333333333333,80.71666666666667,origin
rizky pratama,2026-12-31,4,705.0,22.75,77.25,origin
maya kusuma,2026-12-31,5,793.0,19.21666666666667,80.78333333333333,varian
fajar kusuma,2026-12-31,7,746.0,19.933333333333334,80.06666666666666,varian
putri sari,2026-12-31,6,797.0,24.28333333333333,75.71666666666667,varian
fajar kusuma,2026-12-31,7,731.0,22.683333333333334,77.31666666666666,origin
putri wulandari,2026-12-31,8,730.0,21.166666666666664,78.83333333333334,varian
agus saputra,2026-12-31,8,719.0,22.48333333333333,77.51666666666667,varian
nisa ramadhan,2026-12-31,4,750.0,18.5,81.5,origin
nisa lestari,2026-12-31,6,766.0,21.766666666666666,78.23333333333333,origin
andi hidayat,2026-12-31,8,744.0,21.4,78.6,varian
nisa santoso,2026-12-31,4,745.0,18.416666666666664,81.58333333333334,origin
budi santoso,2026-12-31,6,772.0,26.866666666666667,73.13333333333333,origin
agus pratama,2026-12-31,5,757.0,20.116666666666667,79.88333333333333,origin
nisa sari,2026-12-31,7,706.0,20.766666666666666,79.23333333333333,varian
nisa sari,2026-12-31,5,762.0,25.2,74.8,origin
nisa santoso,2026-12-31,4,710.0,17.833333333333336,82.16666666666666,origin
agus shidqi,2026-12-31,4,760.0,23.666666666666664,76.33333333333334,origin
dimas santoso,2026-12-31,9,788.0,23.633333333333333,76.36666666666667,varian
hafizhan ramadhan,2026-12-31,5,732.0,24.7,75.3,origin
budi shidqi,2026-12-31,7,777.0,28.45,71.55,origin
agus saputra,2026-12-31,7,720.0,27.5,72.5,origin
nisa aminah,2026-12-31,8,736.0,22.766666666666666,77.23333333333333,varian
ayu shidqi,2026-12-31,7,753.0,23.05,76.95,origin
rina sari,2026-12-31,7,709.0,20.816666666666663,79.18333333333334,varian
fajar pratama,2026-12-31,4,790.0,19.166666666666664,80.83333333333334,origin
agus hidayat,2026-12-31,5,715.0,17.916666666666664,82.08333333333334,varian
nisa rahmawati,2026-12-31,4,736.0,18.266666666666666,81.73333333333333,origin
ayu lestari,2026-12-31,6,728.0,18.133333333333333,81.86666666666667,varian
maya wulandari,2026-12-31,5,707.0,19.28333333333333,80.71666666666667,origin
maya wulandari,2026-12-31,8,744.0,22.9,77.1,varian
siti lestari,2026-12-31,4,722.0,23.03333333333333,76.96666666666667,origin
dewi kusuma,2026-12-31,5,710.0,19.333333333333336,80.66666666666666,origin
siti rahmawati,2026-12-31,8,788.0,22.133333333333333,77.86666666666667,varian
fajar santoso,2026-12-31,8,724.0,21.066666666666663,78.93333333333334,varian
ayu setiawan,2026-12-31,5,751.0,25.016666666666666,74.98333333333333,origin
putri lestari,2026-12-31,6,783.0,22.05,77.95,origin
budi shidqi,2026-12-31,6,744.0,18.4,81.6,varian
putri ramadhan,2026-12-31,7,735.0,22.75,77.25,origin
fajar saputra,2026-12-31,7,767.0,21.78333333333333,78.21666666666667,varian
budi saputra,2026-12-31,6,737.0,21.28333333333333,78.71666666666667,origin
fajar wulandari,2026-12-31,6,755.0,18.583333333333336,81.41666666666666,varian
dimas wulandari,2026-12-31,4,766.0,18.766666666666666,81.23333333333333,origin
andi aminah,2026-12-31,8,722.0,26.03333333333333,73.96666666666667,varian
andi pratama,2026-12-31,4,717.0,22.95,77.05,origin
rizky shidqi,2026-12-31,6,753.0,25.05,74.95,varian
reza santoso,2026-12-31,8,772.0,23.366666666666667,76.63333333333333,varian
reza ramadhan,2026-12-31,4,788.0,19.133333333333333,80.86666666666667,origin
rina kusuma,2026-12-31,7,704.0,22.23333333333333,77.76666666666667,origin
rizky hidayat,2026-12-31,7,785.0,23.583333333333336,76.41666666666666,origin
fajar setiawan,2026-12-31,9,754.0,23.066666666666663,76.93333333333334,varian
rina lestari,2026-12-31,6,795.0,22.25,77.75,origin
ayu aminah,2026-12-31,7,716.0,22.433333333333334,77.56666666666666,origin
andi lestari,2026-12-31,7,745.0,21.416666666666664,78.58333333333334,varian
budi ramadhan,2026-12-31,7,751.0,26.516666666666666,73.48333333333333,varian
putri santoso,2026-12-31,7,779.0,23.48333333333333,76.51666666666667,origin
maya wulandari,2026-12-31,6,791.0,19.183333333333334,80.81666666666666,varian
ayu lestari,2026-12-31,5,775.0,20.416666666666664,79.58333333333334,origin
reza saputra,2026-12-31,7,703.0,19.21666666666667,80.78333333333333,varian
andi setiawan,2026-12-31,5,712.0,19.366666666666667,80.63333333333333,origin
reza shidqi,2026-12-31,7,768.0,20.3,79.7,varian
putri rahmawati,2026-12-31,7,707.0,20.78333333333333,79.21666666666667,varian
fajar sari,2026-12-31,4,770.0,18.833333333333336,81.16666666666666,origin
siti kusuma,2026-12-31,6,726.0,21.1,78.9,origin
hafizhan saputra,2026-12-31,6,740.0,24.833333333333336,75.16666666666666,varian
maya kusuma,2026-12-31,6,743.0,23.383333333333333,76.61666666666667,varian
siti rahmawati,2026-12-31,7,738.0,22.8,77.2,origin
putri rahmawati,2026-12-31,5,704.0,17.733333333333334,82.26666666666667,varian
rizky setiawan,2026-12-31,7,704.0,22.23333333333333,77.76666666666667,origin
andi saputra,2026-12-31,8,799.0,22.316666666666663,77.68333333333334,varian
budi pratama,2026-12-31,6,758.0,21.633333333333333,78.36666666666667,origin
ayu rahmawati,2026-12-31,5,753.0,25.05,74.95,origin
dimas sari,2026-12-31,5,700.0,19.166666666666664,80.83333333333334,origin
fajar hidayat,2026-12-31,6,794.0,24.23333333333333,75.76666666666667,varian
rizky kusuma,2026-12-31,4,779.0,23.98333333333333,76.01666666666667,origin
siti saputra,2026-12-31,9,789.0,28.65,71.35,varian
reza wulandari,2026-12-31,6,800.0,20.833333333333336,79.16666666666666,varian
dewi pratama,2026-12-31,7,753.0,28.05,71.95,origin
dimas wulandari,2026-12-31,4,707.0,17.78333333333333,82.21666666666667,origin
dimas santoso,2026-12-31,7,713.0,22.383333333333333,77.61666666666667,origin
rina hidayat,2026-12-31,5,763.0,20.21666666666667,79.78333333333333,origin
rina lestari,2026-12-31,6,718.0,17.96666666666667,82.03333333333333,varian
fajar shidqi,2026-12-31,5,739.0,24.816666666666663,75.18333333333334,origin
reza shidqi,2026-12-31,7,770.0,21.833333333333336,78.16666666666666,varian
andi rahmawati,2026-12-31,9,782.0,23.53333333333333,76.46666666666667,varian
ayu lestari,2026-12-31,7,736.0,19.766666666666666,80.23333333333333,varian
ayu saputra,2026-12-31,5,752.0,25.03333333333333,74.96666666666667,origin
ayu lestari,2026-12-31,4,714.0,17.9,82.1,origin
nisa lestari,2026-12-31,4,719.0,17.983333333333334,82.01666666666667,origin
agus rahmawati,2026-12-31,7,706.0,22.266666666666666,77.73333333333333,origin
siti wulandari,2026-12-31,5,774.0,20.4,79.6,origin
nisa hidayat,2026-12-31,5,793.0,20.71666666666667,79.28333333333333,origin
dimas rahmawati,2026-12-31,7,739.0,27.816666666666663,72.18333333333334,origin
dimas kusuma,2026-12-31,6,786.0,22.1,77.9,origin
reza lestari,2026-12-31,4,797.0,19.28333333333333,80.71666666666667,origin
dewi santoso,2026-12-31,7,744.0,26.4,73.6,varian
fajar kusuma,2026-12-31,4,713.0,17.883333333333333,82.11666666666667,origin
siti aminah,2026-12-31,6,790.0,22.166666666666664,77.83333333333334,origin
reza santoso,2026-12-31,7,756.0,23.1,76.9,origin
rina aminah,2026-12-31,6,761.0,20.183333333333334,79.81666666666666,varian
ayu setiawan,2026-12-31,8,779.0,21.98333333333333,78.01666666666667,varian
siti lestari,2026-12-31,6,711.0,17.85,82.15,varian
fajar pratama,2026-12-31,5,709.0,24.316666666666663,75.68333333333334,origin
budi lestari,2026-12-31,8,777.0,26.95,73.05,varian
siti rahmawati,2026-12-31,7,786.0,28.6,71.4,origin
siti shidqi,2026-12-31,5,783.0,20.55,79.45,origin
putri santoso,2026-12-31,5,770.0,20.333333333333336,79.66666666666666,origin
hafizhan lestari,2026-12-31,7,747.0,27.95,72.05,origin
fajar rahmawati,2026-12-31,7,789.0,28.65,71.35,origin
maya setiawan,2026-12-31,7,764.0,26.73333333333333,73.26666666666667,varian
rizky santoso,2026-12-31,6,733.0,18.21666666666667,81.78333333333333,varian
putri sari,2026-12-31,4,766.0,23.766666666666666,76.23333333333333,origin
rizky pratama,2026-12-31,7,767.0,23.28333333333333,76.71666666666667,origin
maya hidayat,2026-12-31,4,705.0,17.75,82.25,origin
agus sari,2026-12-31,4,766.0,23.766666666666666,76.23333333333333,origin
maya wulandari,2026-12-31,4,793.0,19.21666666666667,80.78333333333333,origin
siti kusuma,2026-12-31,7,800.0,28.833333333333336,71.16666666666666,origin
ayu saputra,2026-12-31,7,794.0,23.73333333333333,76.26666666666667,origin
siti rahmawati,2026-12-31,7,748.0,19.96666666666667,80.03333333333333,varian
fajar wulandari,2026-12-31,5,726.0,18.1,81.9,varian
andi hidayat,2026-12-31,6,773.0,18.883333333333333,81.11666666666667,varian
rizky shidqi,2026-12-31,6,741.0,24.85,75.15,varian
hafizhan saputra,2026-12-31,4,725.0,18.083333333333336,81.91666666666666,origin
budi setiawan,2026-12-31,9,735.0,27.75,72.25,varian
fajar sari,2026-12-31,4,788.0,24.133333333333333,75.86666666666667,origin
dimas lestari,2026-12-31,6,712.0,24.366666666666667,75.63333333333333,varian
maya kusuma,2026-12-31,6,747.0,23.45,76.55,varian
rizky rahmawati,2026-12-31,5,786.0,19.1,80.9,varian
hafizhan santoso,2026-12-31,5,739.0,19.816666666666663,80.18333333333334,origin
siti setiawan,2026-12-31,5,782.0,24.03333333333333,75.96666666666667,varian
maya hidayat,2026-12-31,4,742.0,18.366666666666667,81.63333333333333,origin
budi saputra,2026-12-31,5,739.0,19.816666666666663,80.18333333333334,origin
putri santoso,2026-12-31,7,702.0,27.2,72.8,origin
rina kusuma,2026-12-31,7,721.0,24.516666666666666,75.48333333333333,varian
putri setiawan,2026-12-31,6,742.0,21.366666666666667,78.63333333333333,origin
andi aminah,2026-12-31,5,771.0,20.35,79.65,origin
hafizhan saputra,2026-12-31,6,707.0,19.28333333333333,80.71666666666667,varian
fajar santoso,2026-12-31,6,795.0,27.25,72.75,origin
putri saputra,2026-12-31,4,746.0,23.433333333333334,76.56666666666666,origin
rizky santoso,2026-12-31,8,745.0,27.916666666666664,72.08333333333334,varian
dimas rahmawati,2026-12-31,4,705.0,17.75,82.25,origin
rizky ramadhan,2026-12-31,7,750.0,21.5,78.5,varian
nisa saputra,2026-12-31,6,756.0,18.6,81.4,varian
fajar ramadhan,2026-12-31,8,725.0,22.583333333333336,77.41666666666666,varian
maya setiawan,2026-12-31,7,707.0,19.28333333333333,80.71666666666667,varian
nisa rahmawati,2026-12-31,5,748.0,19.96666666666667,80.03333333333333,origin
agus lestari,2026-12-31,7,772.0,21.866666666666667,78.13333333333333,varian
fajar rahmawati,2026-12-31,7,726.0,27.6,72.4,origin
ayu lestari,2026-12-31,7,744.0,22.9,77.1,origin
siti sari,2026-12-31,9,726.0,22.6,77.4,varian
rina wulandari,2026-12-31,7,749.0,21.48333333333333,78.51666666666667,varian
nisa pratama,2026-12-31,7,755.0,25.083333333333336,74.91666666666666,varian
putri pratama,2026-12-31,8,773.0,23.383333333333333,76.61666666666667,varian
fajar kusuma,2026-12-31,7,761.0,28.183333333333334,71.81666666666666,origin
agus kusuma,2026-12-31,9,786.0,28.6,71.4,varian
ayu ramadhan,2026-12-31,7,759.0,23.15,76.85,origin
dewi ramadhan,2026-12-31,5,745.0,19.916666666666664,80.08333333333334,origin
budi kusuma,2026-12-31,6,709.0,20.816666666666663,79.18333333333334,origin
andi wulandari,2026-12-31,7,741.0,21.35,78.65,varian
budi aminah,2026-12-31,4,741.0,18.35,81.65,origin
rina ramadhan,2026-12-31,9,773.0,23.383333333333333,76.61666666666667,varian
maya pratama,2026-12-31,8,741.0,27.85,72.15,varian
putri sari,2026-12-31,6,774.0,25.4,74.6,varian
budi sari,2026-12-31,7,750.0,28.0,72.0,origin
reza saputra,2026-12-31,7,733.0,19.71666666666667,80.28333333333333,varian
hafizhan sari,2026-12-31,5,778.0,20.46666666666667,79.53333333333333,origin
agus rahmawati,2026-12-31,6,763.0,21.71666666666667,78.28333333333333,origin
putri shidqi,2026-12-31,8,745.0,21.416666666666664,78.58333333333334,varian
andi shidqi,2026-12-31,5,781.0,20.516666666666666,79.48333333333333,origin
andi wulandari,2026-12-31,5,794.0,25.73333333333333,74.26666666666667,origin
putri ramadhan,2026-12-31,4,742.0,23.366666666666667,76.63333333333333,origin
agus ramadhan,2026-12-31,7,712.0,19.366666666666667,80.63333333333333,varian
agus wulandari,2026-12-31,6,750.0,20.0,80.0,varian
budi shidqi,2026-12-31,4,754.0,18.566666666666663,81.43333333333334,origin
reza saputra,2026-12-31,9,733.0,27.71666666666667,72.28333333333333,varian
putri rahmawati,2026-12-31,9,753.0,23.05,76.95,varian
reza wulandari,2026-12-31,8,779.0,23.48333333333333,76.51666666666667,varian
hafizhan aminah,2026-12-31,5,746.0,24.933333333333334,75.06666666666666,origin
dimas santoso,2026-12-31,7,768.0,28.3,71.7,origin
hafizhan lestari,2026-12-31,6,744.0,21.4,78.6,origin
agus wulandari,2026-12-31,5,723.0,19.55,80.45,origin
putri santoso,2026-12-31,7,772.0,23.366666666666667,76.63333333333333,origin
rizky lestari,2026-12-31,7,793.0,22.21666666666667,77.78333333333333,varian
fajar shidqi,2026-12-31,6,798.0,20.8,79.2,varian
budi santoso,2026-12-31,8,702.0,27.2,72.8,varian
rizky sari,2026-12-31,8,731.0,22.683333333333334,77.31666666666666,varian
rizky ramadhan,2026-12-31,5,718.0,19.46666666666667,80.53333333333333,origin
maya santoso,2026-12-31,8,749.0,26.48333333333333,73.51666666666667,varian
rina aminah,2026-12-31,5,776.0,20.433333333333334,79.56666666666666,origin
nisa pratama,2026-12-31,6,788.0,22.133333333333333,77.86666666666667,origin
siti lestari,2026-12-31,5,746.0,24.933333333333334,75.06666666666666,origin
andi wulandari,2026-12-31,8,703.0,22.21666666666667,77.78333333333333,varian
rizky ramadhan,2026-12-31,6,720.0,18.0,82.0,varian
fajar rahmawati,2026-12-31,4,727.0,23.116666666666667,76.88333333333333,origin
dewi aminah,2026-12-31,7,700.0,19.166666666666664,80.83333333333334,varian
siti ramadhan,2026-12-31,5,701.0,24.183333333333334,75.81666666666666,origin
andi santoso,2026-12-31,8,702.0,20.7,79.3,varian
nisa hidayat,2026-12-31,7,706.0,27.266666666666666,72.73333333333333,origin
putri lestari,2026-12-31,8,740.0,21.333333333333336,78.66666666666666,varian
budi kusuma,2026-12-31,5,737.0,19.78333333333333,80.21666666666667,origin
budi shidqi,2026-12-31,6,792.0,22.2,77.8,origin
budi wulandari,2026-12-31,8,794.0,27.23333333333333,72.76666666666667,varian
dewi wulandari,2026-12-31,7,700.0,27.166666666666664,72.83333333333334,origin
hafizhan ramadhan,2026-12-31,7,738.0,21.3,78.7,varian
andi santoso,2026-12-31,6,773.0,26.883333333333333,73.11666666666667,origin
fajar kusuma,2026-12-31,7,725.0,21.083333333333336,78.91666666666666,varian
dewi saputra,2026-12-31,8,704.0,22.23333333333333,77.76666666666667,varian
maya ramadhan,2026-12-31,6,726.0,21.1,78.9,origin
putri setiawan,2026-12-31,5,774.0,20.4,79.6,origin
ayu setiawan,2026-12-31,5,713.0,22.883333333333333,77.11666666666667,varian
hafizhan ramadhan,2026-12-31,5,752.0,20.03333333333333,79.96666666666667,origin
nisa saputra,2026-12-31,7,785.0,22.083333333333336,77.91666666666666,varian
dewi saputra,2026-12-31,6,793.0,22.21666666666667,77.78333333333333,origin
ayu rahmawati,2026-12-31,5,783.0,19.05,80.95,varian
maya hidayat,2026-12-31,4,757.0,18.616666666666667,81.38333333333333,origin
agus shidqi,2026-12-31,8,710.0,20.833333333333336,79.16666666666666,varian
maya pratama,2026-12-31,7,771.0,23.35,76.65,origin
putri ramadhan,2026-12-31,8,736.0,27.766666666666666,72.23333333333333,varian
siti saputra,2026-12-31,7,747.0,19.95,80.05,varian
dimas wulandari,2026-12-31,6,729.0,19.65,80.35,varian
putri aminah,2026-12-31,5,778.0,23.96666666666667,76.03333333333333,varian
nisa ramadhan,2026-12-31,5,773.0,20.383333333333333,79.61666666666667,origin
hafizhan hidayat,2026-12-31,6,796.0,22.266666666666666,77.73333333333333,origin
rizky sari,2026-12-31,4,799.0,24.316666666666663,75.68333333333334,origin
budi setiawan,2026-12-31,8,794.0,23.73333333333333,76.26666666666667,varian
maya pratama,2026-12-31,7,784.0,23.566666666666663,76.43333333333334,origin
fajar setiawan,2026-12-31,4,763.0,18.71666666666667,81.28333333333333,origin
andi wulandari,2026-12-31,8,737.0,22.78333333333333,77.21666666666667,varian
putri shidqi,2026-12-31,6,768.0,21.8,78.2,origin
dimas setiawan,2026-12-31,8,717.0,22.45,77.55,varian
